id,numero_poliza,aseguradora_id,clase_poliza,estado
1,POL000001,2,TODO_RIESGO,EXPIRADA
2,POL000002,1,RC,CANCELADA
3,POL000003,1,TODO_RIESGO,VIGENTE
4,POL000004,2,TERCEROS_AMPLIADO,CANCELADA
5,POL000005,1,RC,VIGENTE
6,POL000006,1,TODO_RIESGO,VIGENTE
7,POL000007,1,RC,CANCELADA
8,POL000008,1,TERCEROS_AMPLIADO,VIGENTE
9,POL000009,1,TERCEROS_AMPLIADO,EXPIRADA
10,POL000010,1,RC,CANCELADA
11,POL000011,2,RC,VIGENTE
12,POL000012,2,TERCEROS_AMPLIADO,EXPIRADA
13,POL000013,2,TERCEROS_AMPLIADO,VIGENTE
14,POL000014,1,TERCEROS_AMPLIADO,VIGENTE
15,POL000015,2,TODO_RIESGO,VIGENTE
16,POL000016,2,TERCEROS_AMPLIADO,EXPIRADA
17,POL000017,1,RC,CANCELADA
18,POL000018,1,RC,EXPIRADA
19,POL000019,1,RC,CANCELADA
20,POL000020,1,TODO_RIESGO,EXPIRADA
21,POL000021,1,TERCEROS_AMPLIADO,CANCELADA
22,POL000022,1,TERCEROS_AMPLIADO,CANCELADA
23,POL000023,2,TODO_RIESGO,VIGENTE
24,POL000024,2,RC,VIGENTE
25,POL000025,1,RC,CANCELADA
26,POL000026,2,TERCEROS_AMPLIADO,VIGENTE
27,POL000027,2,TERCEROS_AMPLIADO,CANCELADA
28,POL000028,2,TODO_RIESGO,VIGENTE
29,POL000029,2,TERCEROS_AMPLIADO,EXPIRADA
30,POL000030,2,TERCEROS_AMPLIADO,CANCELADA
31,POL000031,1,TODO_RIESGO,CANCELADA
32,POL000032,1,RC,VIGENTE
33,POL000033,2,RC,CANCELADA
34,POL000034,1,RC,CANCELADA
35,POL000035,1,RC,EXPIRADA
36,POL000036,2,RC,CANCELADA
37,POL000037,1,TERCEROS_AMPLIADO,CANCELADA
38,POL000038,2,TERCEROS_AMPLIADO,CANCELADA
39,POL000039,2,RC,CANCELADA
40,POL000040,1,TODO_RIESGO,VIGENTE
41,POL000041,1,RC,CANCELADA
42,POL000042,1,TERCEROS_AMPLIADO,VIGENTE
43,POL000043,2,TERCEROS_AMPLIADO,CANCELADA
44,POL000044,2,TODO_RIESGO,CANCELADA
45,POL000045,2,TODO_RIESGO,VIGENTE
46,POL000046,1,RC,EXPIRADA
47,POL000047,1,RC,CANCELADA
48,POL000048,1,RC,CANCELADA
49,POL000049,2,RC,EXPIRADA
50,POL000050,2,RC,EXPIRADA
51,POL000051,1,TODO_RIESGO,VIGENTE
52,POL000052,2,TERCEROS_AMPLIADO,EXPIRADA
53,POL000053,2,TODO_RIESGO,VIGENTE
54,POL000054,2,TERCEROS_AMPLIADO,CANCELADA
55,POL000055,1,RC,VIGENTE
56,POL000056,2,TODO_RIESGO,VIGENTE
57,POL000057,2,RC,EXPIRADA
58,POL000058,1,TERCEROS_AMPLIADO,CANCELADA
59,POL000059,2,RC,CANCELADA
60,POL000060,1,TODO_RIESGO,VIGENTE
61,POL000061,2,RC,EXPIRADA
62,POL000062,1,RC,VIGENTE
63,POL000063,2,TODO_RIESGO,EXPIRADA
64,POL000064,1,RC,EXPIRADA
65,POL000065,2,RC,CANCELADA
66,POL000066,2,TERCEROS_AMPLIADO,EXPIRADA
67,POL000067,1,TERCEROS_AMPLIADO,CANCELADA
68,POL000068,1,TERCEROS_AMPLIADO,VIGENTE
69,POL000069,2,TODO_RIESGO,VIGENTE
70,POL000070,2,RC,CANCELADA
71,POL000071,1,TODO_RIESGO,VIGENTE
72,POL000072,1,RC,CANCELADA
73,POL000073,2,RC,VIGENTE
74,POL000074,2,TODO_RIESGO,CANCELADA
75,POL000075,1,TERCEROS_AMPLIADO,EXPIRADA
76,POL000076,1,TERCEROS_AMPLIADO,VIGENTE
77,POL000077,1,RC,CANCELADA
78,POL000078,1,TERCEROS_AMPLIADO,EXPIRADA
79,POL000079,2,TODO_RIESGO,EXPIRADA
80,POL000080,1,TERCEROS_AMPLIADO,VIGENTE
81,POL000081,2,TERCEROS_AMPLIADO,CANCELADA
82,POL000082,1,RC,CANCELADA
83,POL000083,2,TODO_RIESGO,CANCELADA
84,POL000084,2,TODO_RIESGO,CANCELADA
85,POL000085,2,RC,EXPIRADA
86,POL000086,1,TODO_RIESGO,CANCELADA
87,POL000087,2,TERCEROS_AMPLIADO,VIGENTE
88,POL000088,2,RC,VIGENTE
89,POL000089,1,TERCEROS_AMPLIADO,CANCELADA
90,POL000090,2,RC,EXPIRADA
91,POL000091,2,TODO_RIESGO,VIGENTE
92,POL000092,2,RC,VIGENTE
93,POL000093,1,TODO_RIESGO,VIGENTE
94,POL000094,1,TODO_RIESGO,EXPIRADA
95,POL000095,1,RC,EXPIRADA
96,POL000096,1,RC,VIGENTE
97,POL000097,1,TERCEROS_AMPLIADO,EXPIRADA
98,POL000098,2,TODO_RIESGO,CANCELADA
99,POL000099,2,RC,CANCELADA
100,POL000100,2,TERCEROS_AMPLIADO,EXPIRADA
101,POL000101,2,TERCEROS_AMPLIADO,EXPIRADA
102,POL000102,2,TERCEROS_AMPLIADO,EXPIRADA
103,POL000103,2,TERCEROS_AMPLIADO,VIGENTE
104,POL000104,2,TERCEROS_AMPLIADO,EXPIRADA
105,POL000105,2,TERCEROS_AMPLIADO,VIGENTE
106,POL000106,1,RC,VIGENTE
107,POL000107,2,RC,VIGENTE
108,POL000108,1,RC,VIGENTE
109,POL000109,2,TERCEROS_AMPLIADO,VIGENTE
110,POL000110,2,TERCEROS_AMPLIADO,VIGENTE
111,POL000111,1,TODO_RIESGO,CANCELADA
112,POL000112,2,TERCEROS_AMPLIADO,EXPIRADA
113,POL000113,2,RC,VIGENTE
114,POL000114,2,RC,EXPIRADA
115,POL000115,2,RC,CANCELADA
116,POL000116,2,RC,EXPIRADA
117,POL000117,1,TODO_RIESGO,EXPIRADA
118,POL000118,1,TODO_RIESGO,VIGENTE
119,POL000119,1,RC,EXPIRADA
120,POL000120,1,TODO_RIESGO,VIGENTE
121,POL000121,2,RC,EXPIRADA
122,POL000122,1,RC,CANCELADA
123,POL000123,2,TERCEROS_AMPLIADO,CANCELADA
124,POL000124,1,TODO_RIESGO,CANCELADA
125,POL000125,2,TERCEROS_AMPLIADO,EXPIRADA
126,POL000126,2,TERCEROS_AMPLIADO,VIGENTE
127,POL000127,1,TERCEROS_AMPLIADO,EXPIRADA
128,POL000128,1,TERCEROS_AMPLIADO,CANCELADA
129,POL000129,1,RC,EXPIRADA
130,POL000130,2,TODO_RIESGO,EXPIRADA
131,POL000131,1,RC,VIGENTE
132,POL000132,2,RC,VIGENTE
133,POL000133,1,TODO_RIESGO,CANCELADA
134,POL000134,2,TODO_RIESGO,VIGENTE
135,POL000135,1,TERCEROS_AMPLIADO,EXPIRADA
136,POL000136,1,TERCEROS_AMPLIADO,CANCELADA
137,POL000137,1,RC,VIGENTE
138,POL000138,2,RC,EXPIRADA
139,POL000139,1,TERCEROS_AMPLIADO,CANCELADA
140,POL000140,2,TODO_RIESGO,CANCELADA
141,POL000141,2,RC,VIGENTE
142,POL000142,1,TODO_RIESGO,VIGENTE
143,POL000143,2,TERCEROS_AMPLIADO,CANCELADA
144,POL000144,2,TERCEROS_AMPLIADO,CANCELADA
145,POL000145,2,TERCEROS_AMPLIADO,VIGENTE
146,POL000146,1,RC,CANCELADA
147,POL000147,1,TERCEROS_AMPLIADO,VIGENTE
148,POL000148,1,TERCEROS_AMPLIADO,EXPIRADA
149,POL000149,2,TERCEROS_AMPLIADO,EXPIRADA
150,POL000150,1,RC,VIGENTE
151,POL000151,2,RC,CANCELADA
152,POL000152,2,TERCEROS_AMPLIADO,EXPIRADA
153,POL000153,2,TERCEROS_AMPLIADO,CANCELADA
154,POL000154,2,TERCEROS_AMPLIADO,EXPIRADA
155,POL000155,1,RC,CANCELADA
156,POL000156,1,TODO_RIESGO,EXPIRADA
157,POL000157,2,TERCEROS_AMPLIADO,EXPIRADA
158,POL000158,1,TODO_RIESGO,CANCELADA
159,POL000159,2,TODO_RIESGO,EXPIRADA
160,POL000160,1,RC,EXPIRADA
161,POL000161,1,RC,CANCELADA
162,POL000162,1,RC,EXPIRADA
163,POL000163,2,TODO_RIESGO,CANCELADA
164,POL000164,2,TODO_RIESGO,CANCELADA
165,POL000165,1,TERCEROS_AMPLIADO,VIGENTE
166,POL000166,1,TERCEROS_AMPLIADO,CANCELADA
167,POL000167,1,TODO_RIESGO,CANCELADA
168,POL000168,2,TODO_RIESGO,CANCELADA
169,POL000169,1,RC,VIGENTE
170,POL000170,2,TERCEROS_AMPLIADO,EXPIRADA
171,POL000171,2,RC,CANCELADA
172,POL000172,2,TERCEROS_AMPLIADO,CANCELADA
173,POL000173,2,TODO_RIESGO,CANCELADA
174,POL000174,2,TODO_RIESGO,CANCELADA
175,POL000175,1,RC,CANCELADA
176,POL000176,2,TERCEROS_AMPLIADO,CANCELADA
177,POL000177,2,TODO_RIESGO,VIGENTE
178,POL000178,2,TODO_RIESGO,VIGENTE
179,POL000179,2,TODO_RIESGO,VIGENTE
180,POL000180,1,TODO_RIESGO,VIGENTE
181,POL000181,1,TERCEROS_AMPLIADO,EXPIRADA
182,POL000182,1,TODO_RIESGO,VIGENTE
183,POL000183,2,TODO_RIESGO,VIGENTE
184,POL000184,1,TERCEROS_AMPLIADO,VIGENTE
185,POL000185,1,RC,EXPIRADA
186,POL000186,2,TERCEROS_AMPLIADO,EXPIRADA
187,POL000187,2,TERCEROS_AMPLIADO,CANCELADA
188,POL000188,2,TERCEROS_AMPLIADO,EXPIRADA
189,POL000189,2,TODO_RIESGO,CANCELADA
190,POL000190,2,RC,CANCELADA
191,POL000191,1,TODO_RIESGO,EXPIRADA
192,POL000192,2,TODO_RIESGO,CANCELADA
193,POL000193,2,TODO_RIESGO,VIGENTE
194,POL000194,1,TODO_RIESGO,EXPIRADA
195,POL000195,2,TERCEROS_AMPLIADO,EXPIRADA
196,POL000196,1,RC,VIGENTE
197,POL000197,1,RC,EXPIRADA
198,POL000198,2,TERCEROS_AMPLIADO,CANCELADA
199,POL000199,1,RC,CANCELADA
200,POL000200,1,TODO_RIESGO,CANCELADA
201,POL000201,2,RC,VIGENTE
202,POL000202,1,TODO_RIESGO,EXPIRADA
203,POL000203,2,RC,VIGENTE
204,POL000204,2,TERCEROS_AMPLIADO,VIGENTE
205,POL000205,2,TODO_RIESGO,CANCELADA
206,POL000206,1,TODO_RIESGO,EXPIRADA
207,POL000207,1,TERCEROS_AMPLIADO,VIGENTE
208,POL000208,1,RC,EXPIRADA
209,POL000209,1,TODO_RIESGO,VIGENTE
210,POL000210,2,TERCEROS_AMPLIADO,CANCELADA
211,POL000211,1,TERCEROS_AMPLIADO,EXPIRADA
212,POL000212,2,TODO_RIESGO,EXPIRADA
213,POL000213,2,TERCEROS_AMPLIADO,CANCELADA
214,POL000214,2,TODO_RIESGO,CANCELADA
215,POL000215,1,RC,EXPIRADA
216,POL000216,1,RC,VIGENTE
217,POL000217,2,RC,VIGENTE
218,POL000218,1,TODO_RIESGO,VIGENTE
219,POL000219,1,TERCEROS_AMPLIADO,CANCELADA
220,POL000220,2,TODO_RIESGO,EXPIRADA
221,POL000221,1,RC,EXPIRADA
222,POL000222,2,TERCEROS_AMPLIADO,VIGENTE
223,POL000223,2,TERCEROS_AMPLIADO,VIGENTE
224,POL000224,1,TODO_RIESGO,EXPIRADA
225,POL000225,1,TODO_RIESGO,CANCELADA
226,POL000226,2,TERCEROS_AMPLIADO,VIGENTE
227,POL000227,1,TODO_RIESGO,CANCELADA
228,POL000228,1,RC,VIGENTE
229,POL000229,2,RC,VIGENTE
230,POL000230,1,TODO_RIESGO,VIGENTE
231,POL000231,2,TODO_RIESGO,EXPIRADA
232,POL000232,2,TERCEROS_AMPLIADO,EXPIRADA
233,POL000233,1,TODO_RIESGO,EXPIRADA
234,POL000234,2,TERCEROS_AMPLIADO,EXPIRADA
235,POL000235,2,RC,VIGENTE
236,POL000236,2,TERCEROS_AMPLIADO,VIGENTE
237,POL000237,1,TERCEROS_AMPLIADO,CANCELADA
238,POL000238,1,TODO_RIESGO,EXPIRADA
239,POL000239,1,TERCEROS_AMPLIADO,EXPIRADA
240,POL000240,2,RC,VIGENTE
241,POL000241,1,TERCEROS_AMPLIADO,VIGENTE
242,POL000242,2,TODO_RIESGO,EXPIRADA
243,POL000243,1,TODO_RIESGO,VIGENTE
244,POL000244,1,RC,CANCELADA
245,POL000245,2,TODO_RIESGO,CANCELADA
246,POL000246,2,TERCEROS_AMPLIADO,VIGENTE
247,POL000247,1,TODO_RIESGO,CANCELADA
248,POL000248,2,TODO_RIESGO,EXPIRADA
249,POL000249,1,TODO_RIESGO,VIGENTE
250,POL000250,1,TODO_RIESGO,EXPIRADA
251,POL000251,1,TODO_RIESGO,EXPIRADA
252,POL000252,1,TERCEROS_AMPLIADO,VIGENTE
253,POL000253,2,TERCEROS_AMPLIADO,EXPIRADA
254,POL000254,1,RC,VIGENTE
255,POL000255,1,RC,EXPIRADA
256,POL000256,2,TODO_RIESGO,CANCELADA
257,POL000257,2,TERCEROS_AMPLIADO,EXPIRADA
258,POL000258,1,TODO_RIESGO,VIGENTE
259,POL000259,1,TERCEROS_AMPLIADO,EXPIRADA
260,POL000260,1,RC,CANCELADA
261,POL000261,2,TODO_RIESGO,VIGENTE
262,POL000262,2,TODO_RIESGO,EXPIRADA
263,POL000263,2,RC,VIGENTE
264,POL000264,1,TERCEROS_AMPLIADO,EXPIRADA
265,POL000265,2,TERCEROS_AMPLIADO,CANCELADA
266,POL000266,2,RC,EXPIRADA
267,POL000267,1,TERCEROS_AMPLIADO,EXPIRADA
268,POL000268,1,TERCEROS_AMPLIADO,EXPIRADA
269,POL000269,1,RC,CANCELADA
270,POL000270,1,RC,VIGENTE
271,POL000271,1,TERCEROS_AMPLIADO,EXPIRADA
272,POL000272,1,RC,EXPIRADA
273,POL000273,1,RC,EXPIRADA
274,POL000274,2,TODO_RIESGO,VIGENTE
275,POL000275,1,TODO_RIESGO,VIGENTE
276,POL000276,1,TERCEROS_AMPLIADO,VIGENTE
277,POL000277,1,TERCEROS_AMPLIADO,EXPIRADA
278,POL000278,2,TODO_RIESGO,CANCELADA
279,POL000279,1,RC,EXPIRADA
280,POL000280,2,TERCEROS_AMPLIADO,EXPIRADA
281,POL000281,1,TERCEROS_AMPLIADO,VIGENTE
282,POL000282,2,RC,EXPIRADA
283,POL000283,2,RC,VIGENTE
284,POL000284,2,TODO_RIESGO,VIGENTE
285,POL000285,1,TODO_RIESGO,EXPIRADA
286,POL000286,2,RC,EXPIRADA
287,POL000287,2,TERCEROS_AMPLIADO,EXPIRADA
288,POL000288,1,TODO_RIESGO,EXPIRADA
289,POL000289,1,TODO_RIESGO,CANCELADA
290,POL000290,2,TODO_RIESGO,VIGENTE
291,POL000291,2,RC,CANCELADA
292,POL000292,1,TERCEROS_AMPLIADO,VIGENTE
293,POL000293,2,TODO_RIESGO,VIGENTE
294,POL000294,1,RC,VIGENTE
295,POL000295,1,TODO_RIESGO,CANCELADA
296,POL000296,2,TODO_RIESGO,EXPIRADA
297,POL000297,2,RC,CANCELADA
298,POL000298,2,RC,EXPIRADA
299,POL000299,2,TERCEROS_AMPLIADO,CANCELADA
300,POL000300,2,TODO_RIESGO,EXPIRADA
301,POL000301,1,RC,VIGENTE
302,POL000302,1,TODO_RIESGO,EXPIRADA
303,POL000303,1,TODO_RIESGO,VIGENTE
304,POL000304,1,TODO_RIESGO,EXPIRADA
305,POL000305,1,TODO_RIESGO,VIGENTE
306,POL000306,2,TERCEROS_AMPLIADO,CANCELADA
307,POL000307,2,TODO_RIESGO,VIGENTE
308,POL000308,2,RC,CANCELADA
309,POL000309,2,TERCEROS_AMPLIADO,VIGENTE
310,POL000310,1,TODO_RIESGO,EXPIRADA
311,POL000311,1,TERCEROS_AMPLIADO,EXPIRADA
312,POL000312,2,TODO_RIESGO,VIGENTE
313,POL000313,1,RC,EXPIRADA
314,POL000314,1,RC,EXPIRADA
315,POL000315,1,TODO_RIESGO,EXPIRADA
316,POL000316,2,TERCEROS_AMPLIADO,EXPIRADA
317,POL000317,1,RC,VIGENTE
318,POL000318,1,TERCEROS_AMPLIADO,VIGENTE
319,POL000319,2,TODO_RIESGO,VIGENTE
320,POL000320,2,TERCEROS_AMPLIADO,VIGENTE
321,POL000321,2,RC,CANCELADA
322,POL000322,2,TODO_RIESGO,VIGENTE
323,POL000323,2,RC,EXPIRADA
324,POL000324,1,TODO_RIESGO,EXPIRADA
325,POL000325,1,TODO_RIESGO,VIGENTE
326,POL000326,1,TODO_RIESGO,CANCELADA
327,POL000327,1,RC,VIGENTE
328,POL000328,2,RC,CANCELADA
329,POL000329,2,RC,CANCELADA
330,POL000330,2,TODO_RIESGO,EXPIRADA
331,POL000331,1,TERCEROS_AMPLIADO,CANCELADA
332,POL000332,2,TODO_RIESGO,VIGENTE
333,POL000333,1,RC,EXPIRADA
334,POL000334,2,TODO_RIESGO,CANCELADA
335,POL000335,2,RC,CANCELADA
336,POL000336,2,TODO_RIESGO,CANCELADA
337,POL000337,2,TODO_RIESGO,EXPIRADA
338,POL000338,2,TODO_RIESGO,VIGENTE
339,POL000339,2,TERCEROS_AMPLIADO,CANCELADA
340,POL000340,2,TODO_RIESGO,VIGENTE
341,POL000341,1,TERCEROS_AMPLIADO,EXPIRADA
342,POL000342,1,RC,CANCELADA
343,POL000343,2,TODO_RIESGO,EXPIRADA
344,POL000344,1,TODO_RIESGO,EXPIRADA
345,POL000345,1,RC,EXPIRADA
346,POL000346,1,TERCEROS_AMPLIADO,CANCELADA
347,POL000347,1,TERCEROS_AMPLIADO,CANCELADA
348,POL000348,2,TODO_RIESGO,VIGENTE
349,POL000349,1,RC,CANCELADA
350,POL000350,2,TODO_RIESGO,VIGENTE
351,POL000351,1,TERCEROS_AMPLIADO,EXPIRADA
352,POL000352,2,TERCEROS_AMPLIADO,VIGENTE
353,POL000353,2,TERCEROS_AMPLIADO,EXPIRADA
354,POL000354,2,RC,VIGENTE
355,POL000355,1,TODO_RIESGO,CANCELADA
356,POL000356,2,RC,CANCELADA
357,POL000357,2,TODO_RIESGO,VIGENTE
358,POL000358,1,TERCEROS_AMPLIADO,CANCELADA
359,POL000359,1,RC,EXPIRADA
360,POL000360,2,TODO_RIESGO,EXPIRADA
361,POL000361,1,RC,VIGENTE
362,POL000362,2,RC,VIGENTE
363,POL000363,2,TODO_RIESGO,CANCELADA
364,POL000364,2,RC,EXPIRADA
365,POL000365,2,TERCEROS_AMPLIADO,VIGENTE
366,POL000366,1,RC,EXPIRADA
367,POL000367,2,TERCEROS_AMPLIADO,CANCELADA
368,POL000368,1,RC,EXPIRADA
369,POL000369,1,RC,EXPIRADA
370,POL000370,2,TODO_RIESGO,CANCELADA
371,POL000371,1,TODO_RIESGO,VIGENTE
372,POL000372,2,TODO_RIESGO,EXPIRADA
373,POL000373,1,TERCEROS_AMPLIADO,CANCELADA
374,POL000374,2,RC,CANCELADA
375,POL000375,1,TERCEROS_AMPLIADO,VIGENTE
376,POL000376,1,RC,EXPIRADA
377,POL000377,1,TODO_RIESGO,CANCELADA
378,POL000378,1,TODO_RIESGO,EXPIRADA
379,POL000379,2,RC,CANCELADA
380,POL000380,2,TERCEROS_AMPLIADO,CANCELADA
381,POL000381,2,TERCEROS_AMPLIADO,VIGENTE
382,POL000382,2,TERCEROS_AMPLIADO,EXPIRADA
383,POL000383,1,TODO_RIESGO,VIGENTE
384,POL000384,1,TERCEROS_AMPLIADO,VIGENTE
385,POL000385,1,RC,VIGENTE
386,POL000386,2,TODO_RIESGO,CANCELADA
387,POL000387,1,RC,VIGENTE
388,POL000388,1,TERCEROS_AMPLIADO,CANCELADA
389,POL000389,1,RC,VIGENTE
390,POL000390,1,TODO_RIESGO,CANCELADA
391,POL000391,1,TODO_RIESGO,CANCELADA
392,POL000392,2,TODO_RIESGO,CANCELADA
393,POL000393,1,TERCEROS_AMPLIADO,VIGENTE
394,POL000394,2,TERCEROS_AMPLIADO,VIGENTE
395,POL000395,1,TERCEROS_AMPLIADO,CANCELADA
396,POL000396,2,TERCEROS_AMPLIADO,EXPIRADA
397,POL000397,1,RC,VIGENTE
398,POL000398,1,TODO_RIESGO,CANCELADA
399,POL000399,1,RC,EXPIRADA
400,POL000400,2,RC,EXPIRADA
401,POL000401,1,TODO_RIESGO,CANCELADA
402,POL000402,2,TODO_RIESGO,EXPIRADA
403,POL000403,2,TODO_RIESGO,VIGENTE
404,POL000404,1,TODO_RIESGO,CANCELADA
405,POL000405,1,TERCEROS_AMPLIADO,EXPIRADA
406,POL000406,2,TERCEROS_AMPLIADO,EXPIRADA
407,POL000407,1,RC,EXPIRADA
408,POL000408,1,TODO_RIESGO,CANCELADA
409,POL000409,1,TODO_RIESGO,CANCELADA
410,POL000410,2,RC,VIGENTE
411,POL000411,1,TODO_RIESGO,VIGENTE
412,POL000412,1,TERCEROS_AMPLIADO,VIGENTE
413,POL000413,2,TODO_RIESGO,CANCELADA
414,POL000414,1,TERCEROS_AMPLIADO,CANCELADA
415,POL000415,2,RC,CANCELADA
416,POL000416,1,TERCEROS_AMPLIADO,CANCELADA
417,POL000417,2,RC,VIGENTE
418,POL000418,2,TODO_RIESGO,VIGENTE
419,POL000419,2,RC,EXPIRADA
420,POL000420,2,TODO_RIESGO,CANCELADA
421,POL000421,1,TERCEROS_AMPLIADO,EXPIRADA
422,POL000422,2,TERCEROS_AMPLIADO,VIGENTE
423,POL000423,1,RC,VIGENTE
424,POL000424,2,RC,EXPIRADA
425,POL000425,1,TERCEROS_AMPLIADO,VIGENTE
426,POL000426,1,RC,EXPIRADA
427,POL000427,1,TERCEROS_AMPLIADO,VIGENTE
428,POL000428,1,RC,EXPIRADA
429,POL000429,1,TODO_RIESGO,VIGENTE
430,POL000430,2,TERCEROS_AMPLIADO,EXPIRADA
431,POL000431,1,RC,EXPIRADA
432,POL000432,1,TERCEROS_AMPLIADO,VIGENTE
433,POL000433,1,RC,CANCELADA
434,POL000434,2,RC,CANCELADA
435,POL000435,2,RC,CANCELADA
436,POL000436,1,TODO_RIESGO,EXPIRADA
437,POL000437,1,RC,EXPIRADA
438,POL000438,2,TERCEROS_AMPLIADO,VIGENTE
439,POL000439,1,TERCEROS_AMPLIADO,VIGENTE
440,POL000440,1,TERCEROS_AMPLIADO,CANCELADA
441,POL000441,1,TODO_RIESGO,VIGENTE
442,POL000442,1,RC,VIGENTE
443,POL000443,1,TERCEROS_AMPLIADO,EXPIRADA
444,POL000444,1,TERCEROS_AMPLIADO,EXPIRADA
445,POL000445,1,RC,EXPIRADA
446,POL000446,1,RC,VIGENTE
447,POL000447,2,TODO_RIESGO,EXPIRADA
448,POL000448,2,TODO_RIESGO,VIGENTE
449,POL000449,2,RC,EXPIRADA
450,POL000450,2,TODO_RIESGO,CANCELADA
451,POL000451,2,TERCEROS_AMPLIADO,CANCELADA
452,POL000452,2,TERCEROS_AMPLIADO,VIGENTE
453,POL000453,2,TODO_RIESGO,VIGENTE
454,POL000454,1,RC,CANCELADA
455,POL000455,2,RC,CANCELADA
456,POL000456,2,TODO_RIESGO,EXPIRADA
457,POL000457,2,RC,VIGENTE
458,POL000458,1,RC,CANCELADA
459,POL000459,1,TODO_RIESGO,CANCELADA
460,POL000460,2,TERCEROS_AMPLIADO,VIGENTE
461,POL000461,2,TODO_RIESGO,VIGENTE
462,POL000462,2,TODO_RIESGO,CANCELADA
463,POL000463,1,TERCEROS_AMPLIADO,VIGENTE
464,POL000464,1,RC,EXPIRADA
465,POL000465,2,TERCEROS_AMPLIADO,CANCELADA
466,POL000466,1,TERCEROS_AMPLIADO,EXPIRADA
467,POL000467,1,RC,VIGENTE
468,POL000468,2,TODO_RIESGO,CANCELADA
469,POL000469,2,RC,CANCELADA
470,POL000470,2,TERCEROS_AMPLIADO,CANCELADA
471,POL000471,1,TODO_RIESGO,VIGENTE
472,POL000472,1,TODO_RIESGO,CANCELADA
473,POL000473,1,TERCEROS_AMPLIADO,EXPIRADA
474,POL000474,1,RC,CANCELADA
475,POL000475,1,TODO_RIESGO,CANCELADA
476,POL000476,2,TODO_RIESGO,EXPIRADA
477,POL000477,2,TODO_RIESGO,EXPIRADA
478,POL000478,2,RC,EXPIRADA
479,POL000479,1,TERCEROS_AMPLIADO,VIGENTE
480,POL000480,2,TODO_RIESGO,VIGENTE
481,POL000481,1,TERCEROS_AMPLIADO,VIGENTE
482,POL000482,2,TODO_RIESGO,VIGENTE
483,POL000483,1,TERCEROS_AMPLIADO,CANCELADA
484,POL000484,1,TERCEROS_AMPLIADO,CANCELADA
485,POL000485,2,TERCEROS_AMPLIADO,CANCELADA
486,POL000486,2,RC,CANCELADA
487,POL000487,2,TERCEROS_AMPLIADO,VIGENTE
488,POL000488,1,RC,CANCELADA
489,POL000489,1,TODO_RIESGO,VIGENTE
490,POL000490,2,RC,CANCELADA
491,POL000491,2,TODO_RIESGO,EXPIRADA
492,POL000492,1,TODO_RIESGO,CANCELADA
493,POL000493,2,TERCEROS_AMPLIADO,EXPIRADA
494,POL000494,1,TERCEROS_AMPLIADO,EXPIRADA
495,POL000495,1,TODO_RIESGO,CANCELADA
496,POL000496,1,TERCEROS_AMPLIADO,EXPIRADA
497,POL000497,2,RC,VIGENTE
498,POL000498,1,RC,EXPIRADA
499,POL000499,1,RC,VIGENTE
500,POL000500,2,RC,CANCELADA
501,POL000501,1,TODO_RIESGO,CANCELADA
502,POL000502,2,TERCEROS_AMPLIADO,CANCELADA
503,POL000503,1,TERCEROS_AMPLIADO,CANCELADA
504,POL000504,2,RC,EXPIRADA
505,POL000505,2,RC,CANCELADA
506,POL000506,1,RC,EXPIRADA
507,POL000507,1,RC,VIGENTE
508,POL000508,2,TODO_RIESGO,EXPIRADA
509,POL000509,1,TODO_RIESGO,CANCELADA
510,POL000510,1,RC,EXPIRADA
511,POL000511,2,TERCEROS_AMPLIADO,EXPIRADA
512,POL000512,2,RC,CANCELADA
513,POL000513,1,TERCEROS_AMPLIADO,VIGENTE
514,POL000514,2,TODO_RIESGO,CANCELADA
515,POL000515,2,TODO_RIESGO,CANCELADA
516,POL000516,1,TERCEROS_AMPLIADO,CANCELADA
517,POL000517,1,TODO_RIESGO,EXPIRADA
518,POL000518,2,TERCEROS_AMPLIADO,CANCELADA
519,POL000519,2,TODO_RIESGO,EXPIRADA
520,POL000520,1,RC,VIGENTE
521,POL000521,1,RC,CANCELADA
522,POL000522,1,TODO_RIESGO,EXPIRADA
523,POL000523,2,TERCEROS_AMPLIADO,CANCELADA
524,POL000524,1,TODO_RIESGO,VIGENTE
525,POL000525,1,TODO_RIESGO,CANCELADA
526,POL000526,1,TODO_RIESGO,EXPIRADA
527,POL000527,2,TERCEROS_AMPLIADO,VIGENTE
528,POL000528,2,TERCEROS_AMPLIADO,CANCELADA
529,POL000529,2,RC,CANCELADA
530,POL000530,2,TODO_RIESGO,EXPIRADA
531,POL000531,1,RC,EXPIRADA
532,POL000532,1,TODO_RIESGO,EXPIRADA
533,POL000533,2,TERCEROS_AMPLIADO,CANCELADA
534,POL000534,1,TERCEROS_AMPLIADO,VIGENTE
535,POL000535,2,RC,VIGENTE
536,POL000536,1,RC,EXPIRADA
537,POL000537,1,TODO_RIESGO,EXPIRADA
538,POL000538,2,RC,CANCELADA
539,POL000539,1,TERCEROS_AMPLIADO,EXPIRADA
540,POL000540,2,TERCEROS_AMPLIADO,CANCELADA
541,POL000541,2,TODO_RIESGO,VIGENTE
542,POL000542,1,TERCEROS_AMPLIADO,CANCELADA
543,POL000543,2,RC,VIGENTE
544,POL000544,2,RC,CANCELADA
545,POL000545,2,TODO_RIESGO,EXPIRADA
546,POL000546,1,TODO_RIESGO,EXPIRADA
547,POL000547,1,RC,CANCELADA
548,POL000548,2,TERCEROS_AMPLIADO,CANCELADA
549,POL000549,1,TODO_RIESGO,CANCELADA
550,POL000550,2,TODO_RIESGO,CANCELADA
551,POL000551,1,TODO_RIESGO,EXPIRADA
552,POL000552,1,TODO_RIESGO,CANCELADA
553,POL000553,1,TERCEROS_AMPLIADO,CANCELADA
554,POL000554,2,RC,EXPIRADA
555,POL000555,2,RC,VIGENTE
556,POL000556,1,TODO_RIESGO,EXPIRADA
557,POL000557,1,TERCEROS_AMPLIADO,EXPIRADA
558,POL000558,1,TODO_RIESGO,VIGENTE
559,POL000559,1,TODO_RIESGO,CANCELADA
560,POL000560,2,RC,CANCELADA
561,POL000561,1,RC,EXPIRADA
562,POL000562,1,RC,EXPIRADA
563,POL000563,1,RC,VIGENTE
564,POL000564,1,RC,VIGENTE
565,POL000565,2,TERCEROS_AMPLIADO,CANCELADA
566,POL000566,2,RC,EXPIRADA
567,POL000567,2,RC,CANCELADA
568,POL000568,1,RC,VIGENTE
569,POL000569,2,TODO_RIESGO,VIGENTE
570,POL000570,1,TERCEROS_AMPLIADO,EXPIRADA
571,POL000571,2,TODO_RIESGO,VIGENTE
572,POL000572,1,TODO_RIESGO,VIGENTE
573,POL000573,1,TERCEROS_AMPLIADO,EXPIRADA
574,POL000574,1,TODO_RIESGO,VIGENTE
575,POL000575,2,TERCEROS_AMPLIADO,VIGENTE
576,POL000576,2,TODO_RIESGO,VIGENTE
577,POL000577,1,TERCEROS_AMPLIADO,CANCELADA
578,POL000578,2,TERCEROS_AMPLIADO,EXPIRADA
579,POL000579,2,RC,CANCELADA
580,POL000580,2,RC,EXPIRADA
581,POL000581,2,TODO_RIESGO,CANCELADA
582,POL000582,2,TERCEROS_AMPLIADO,VIGENTE
583,POL000583,2,RC,CANCELADA
584,POL000584,1,TERCEROS_AMPLIADO,EXPIRADA
585,POL000585,1,TODO_RIESGO,EXPIRADA
586,POL000586,2,TODO_RIESGO,EXPIRADA
587,POL000587,1,TERCEROS_AMPLIADO,EXPIRADA
588,POL000588,1,TODO_RIESGO,EXPIRADA
589,POL000589,1,RC,EXPIRADA
590,POL000590,2,TODO_RIESGO,CANCELADA
591,POL000591,2,TERCEROS_AMPLIADO,VIGENTE
592,POL000592,1,TODO_RIESGO,VIGENTE
593,POL000593,1,RC,CANCELADA
594,POL000594,1,TERCEROS_AMPLIADO,EXPIRADA
595,POL000595,2,TODO_RIESGO,EXPIRADA
596,POL000596,2,TODO_RIESGO,EXPIRADA
597,POL000597,1,TERCEROS_AMPLIADO,VIGENTE
598,POL000598,2,TERCEROS_AMPLIADO,EXPIRADA
599,POL000599,2,TERCEROS_AMPLIADO,EXPIRADA
600,POL000600,2,TODO_RIESGO,VIGENTE
601,POL000601,1,TERCEROS_AMPLIADO,CANCELADA
602,POL000602,1,TERCEROS_AMPLIADO,VIGENTE
603,POL000603,1,TERCEROS_AMPLIADO,VIGENTE
604,POL000604,2,TODO_RIESGO,VIGENTE
605,POL000605,2,RC,EXPIRADA
606,POL000606,2,TODO_RIESGO,CANCELADA
607,POL000607,1,TODO_RIESGO,CANCELADA
608,POL000608,2,RC,VIGENTE
609,POL000609,2,RC,EXPIRADA
610,POL000610,2,TODO_RIESGO,CANCELADA
611,POL000611,1,RC,VIGENTE
612,POL000612,2,RC,EXPIRADA
613,POL000613,2,RC,EXPIRADA
614,POL000614,2,TERCEROS_AMPLIADO,EXPIRADA
615,POL000615,1,TODO_RIESGO,VIGENTE
616,POL000616,2,TERCEROS_AMPLIADO,CANCELADA
617,POL000617,1,RC,CANCELADA
618,POL000618,2,TERCEROS_AMPLIADO,VIGENTE
619,POL000619,1,TODO_RIESGO,EXPIRADA
620,POL000620,2,TERCEROS_AMPLIADO,VIGENTE
621,POL000621,2,RC,EXPIRADA
622,POL000622,2,RC,CANCELADA
623,POL000623,2,RC,VIGENTE
624,POL000624,1,RC,EXPIRADA
625,POL000625,2,RC,EXPIRADA
626,POL000626,1,TODO_RIESGO,VIGENTE
627,POL000627,2,RC,CANCELADA
628,POL000628,2,TERCEROS_AMPLIADO,CANCELADA
629,POL000629,2,RC,EXPIRADA
630,POL000630,2,TERCEROS_AMPLIADO,VIGENTE
631,POL000631,2,RC,CANCELADA
632,POL000632,1,TERCEROS_AMPLIADO,VIGENTE
633,POL000633,1,TODO_RIESGO,CANCELADA
634,POL000634,2,TODO_RIESGO,VIGENTE
635,POL000635,1,RC,EXPIRADA
636,POL000636,1,TODO_RIESGO,EXPIRADA
637,POL000637,1,RC,EXPIRADA
638,POL000638,1,TODO_RIESGO,VIGENTE
639,POL000639,1,RC,EXPIRADA
640,POL000640,2,RC,VIGENTE
641,POL000641,1,TODO_RIESGO,EXPIRADA
642,POL000642,1,TODO_RIESGO,CANCELADA
643,POL000643,2,TERCEROS_AMPLIADO,VIGENTE
644,POL000644,1,RC,EXPIRADA
645,POL000645,1,TERCEROS_AMPLIADO,EXPIRADA
646,POL000646,1,TERCEROS_AMPLIADO,EXPIRADA
647,POL000647,1,TODO_RIESGO,CANCELADA
648,POL000648,1,TODO_RIESGO,EXPIRADA
649,POL000649,2,RC,VIGENTE
650,POL000650,1,RC,CANCELADA
651,POL000651,2,RC,VIGENTE
652,POL000652,2,RC,CANCELADA
653,POL000653,2,RC,CANCELADA
654,POL000654,2,TODO_RIESGO,EXPIRADA
655,POL000655,1,TODO_RIESGO,CANCELADA
656,POL000656,2,RC,CANCELADA
657,POL000657,2,TERCEROS_AMPLIADO,CANCELADA
658,POL000658,2,TERCEROS_AMPLIADO,VIGENTE
659,POL000659,2,TODO_RIESGO,VIGENTE
660,POL000660,2,TODO_RIESGO,VIGENTE
661,POL000661,1,RC,VIGENTE
662,POL000662,1,TODO_RIESGO,EXPIRADA
663,POL000663,2,TERCEROS_AMPLIADO,CANCELADA
664,POL000664,1,RC,EXPIRADA
665,POL000665,2,TERCEROS_AMPLIADO,VIGENTE
666,POL000666,1,TODO_RIESGO,CANCELADA
667,POL000667,1,TODO_RIESGO,VIGENTE
668,POL000668,2,RC,VIGENTE
669,POL000669,1,TERCEROS_AMPLIADO,EXPIRADA
670,POL000670,1,RC,EXPIRADA
671,POL000671,2,TODO_RIESGO,EXPIRADA
672,POL000672,1,TODO_RIESGO,VIGENTE
673,POL000673,1,TODO_RIESGO,CANCELADA
674,POL000674,1,TODO_RIESGO,EXPIRADA
675,POL000675,1,TODO_RIESGO,VIGENTE
676,POL000676,2,RC,EXPIRADA
677,POL000677,1,TODO_RIESGO,VIGENTE
678,POL000678,2,TERCEROS_AMPLIADO,CANCELADA
679,POL000679,1,RC,CANCELADA
680,POL000680,1,RC,VIGENTE
681,POL000681,1,TERCEROS_AMPLIADO,CANCELADA
682,POL000682,2,TERCEROS_AMPLIADO,EXPIRADA
683,POL000683,1,TERCEROS_AMPLIADO,EXPIRADA
684,POL000684,1,TERCEROS_AMPLIADO,VIGENTE
685,POL000685,1,TERCEROS_AMPLIADO,EXPIRADA
686,POL000686,2,RC,CANCELADA
687,POL000687,2,TODO_RIESGO,VIGENTE
688,POL000688,1,RC,VIGENTE
689,POL000689,2,TERCEROS_AMPLIADO,EXPIRADA
690,POL000690,1,TODO_RIESGO,EXPIRADA
691,POL000691,2,TODO_RIESGO,VIGENTE
692,POL000692,1,RC,VIGENTE
693,POL000693,1,TODO_RIESGO,VIGENTE
694,POL000694,1,TODO_RIESGO,VIGENTE
695,POL000695,1,RC,CANCELADA
696,POL000696,1,TERCEROS_AMPLIADO,VIGENTE
697,POL000697,2,TODO_RIESGO,VIGENTE
698,POL000698,2,RC,VIGENTE
699,POL000699,2,TODO_RIESGO,CANCELADA
700,POL000700,2,TERCEROS_AMPLIADO,CANCELADA
701,POL000701,2,TERCEROS_AMPLIADO,CANCELADA
702,POL000702,2,TERCEROS_AMPLIADO,CANCELADA
703,POL000703,1,TERCEROS_AMPLIADO,CANCELADA
704,POL000704,1,TODO_RIESGO,VIGENTE
705,POL000705,2,RC,VIGENTE
706,POL000706,2,RC,CANCELADA
707,POL000707,2,TERCEROS_AMPLIADO,VIGENTE
708,POL000708,1,TODO_RIESGO,VIGENTE
709,POL000709,1,RC,CANCELADA
710,POL000710,1,TODO_RIESGO,VIGENTE
711,POL000711,2,RC,VIGENTE
712,POL000712,1,RC,CANCELADA
713,POL000713,1,TODO_RIESGO,VIGENTE
714,POL000714,2,TERCEROS_AMPLIADO,EXPIRADA
715,POL000715,1,RC,EXPIRADA
716,POL000716,1,TERCEROS_AMPLIADO,VIGENTE
717,POL000717,2,TERCEROS_AMPLIADO,VIGENTE
718,POL000718,1,TODO_RIESGO,EXPIRADA
719,POL000719,2,RC,VIGENTE
720,POL000720,1,TERCEROS_AMPLIADO,EXPIRADA
721,POL000721,1,TODO_RIESGO,EXPIRADA
722,POL000722,1,TODO_RIESGO,CANCELADA
723,POL000723,1,TERCEROS_AMPLIADO,EXPIRADA
724,POL000724,1,RC,EXPIRADA
725,POL000725,1,TODO_RIESGO,VIGENTE
726,POL000726,1,TODO_RIESGO,VIGENTE
727,POL000727,2,RC,VIGENTE
728,POL000728,2,RC,EXPIRADA
729,POL000729,1,TERCEROS_AMPLIADO,VIGENTE
730,POL000730,1,TERCEROS_AMPLIADO,VIGENTE
731,POL000731,1,TERCEROS_AMPLIADO,EXPIRADA
732,POL000732,2,RC,CANCELADA
733,POL000733,1,TODO_RIESGO,EXPIRADA
734,POL000734,1,RC,EXPIRADA
735,POL000735,1,RC,CANCELADA
736,POL000736,2,TERCEROS_AMPLIADO,VIGENTE
737,POL000737,1,RC,EXPIRADA
738,POL000738,2,RC,EXPIRADA
739,POL000739,2,TODO_RIESGO,EXPIRADA
740,POL000740,1,TODO_RIESGO,CANCELADA
741,POL000741,2,TODO_RIESGO,CANCELADA
742,POL000742,1,TODO_RIESGO,EXPIRADA
743,POL000743,1,RC,VIGENTE
744,POL000744,2,TERCEROS_AMPLIADO,VIGENTE
745,POL000745,1,TERCEROS_AMPLIADO,EXPIRADA
746,POL000746,2,TODO_RIESGO,CANCELADA
747,POL000747,1,TERCEROS_AMPLIADO,VIGENTE
748,POL000748,2,TODO_RIESGO,VIGENTE
749,POL000749,2,RC,EXPIRADA
750,POL000750,2,RC,CANCELADA
751,POL000751,2,TERCEROS_AMPLIADO,EXPIRADA
752,POL000752,1,TODO_RIESGO,EXPIRADA
753,POL000753,2,RC,CANCELADA
754,POL000754,2,RC,EXPIRADA
755,POL000755,1,TERCEROS_AMPLIADO,VIGENTE
756,POL000756,1,TODO_RIESGO,VIGENTE
757,POL000757,1,TERCEROS_AMPLIADO,VIGENTE
758,POL000758,2,TERCEROS_AMPLIADO,CANCELADA
759,POL000759,2,RC,EXPIRADA
760,POL000760,2,RC,VIGENTE
761,POL000761,1,TERCEROS_AMPLIADO,CANCELADA
762,POL000762,1,TERCEROS_AMPLIADO,VIGENTE
763,POL000763,1,TODO_RIESGO,EXPIRADA
764,POL000764,1,RC,CANCELADA
765,POL000765,1,RC,CANCELADA
766,POL000766,2,TERCEROS_AMPLIADO,EXPIRADA
767,POL000767,1,TERCEROS_AMPLIADO,CANCELADA
768,POL000768,1,RC,EXPIRADA
769,POL000769,1,RC,VIGENTE
770,POL000770,1,TERCEROS_AMPLIADO,EXPIRADA
771,POL000771,2,TODO_RIESGO,VIGENTE
772,POL000772,2,RC,VIGENTE
773,POL000773,1,TERCEROS_AMPLIADO,EXPIRADA
774,POL000774,1,TODO_RIESGO,VIGENTE
775,POL000775,1,TERCEROS_AMPLIADO,VIGENTE
776,POL000776,1,TODO_RIESGO,EXPIRADA
777,POL000777,2,TODO_RIESGO,VIGENTE
778,POL000778,2,RC,VIGENTE
779,POL000779,1,RC,EXPIRADA
780,POL000780,1,RC,VIGENTE
781,POL000781,2,TODO_RIESGO,EXPIRADA
782,POL000782,2,RC,EXPIRADA
783,POL000783,2,TERCEROS_AMPLIADO,VIGENTE
784,POL000784,1,TERCEROS_AMPLIADO,EXPIRADA
785,POL000785,2,RC,EXPIRADA
786,POL000786,2,TODO_RIESGO,CANCELADA
787,POL000787,2,RC,VIGENTE
788,POL000788,2,TODO_RIESGO,VIGENTE
789,POL000789,2,TODO_RIESGO,CANCELADA
790,POL000790,1,TODO_RIESGO,EXPIRADA
791,POL000791,2,TERCEROS_AMPLIADO,VIGENTE
792,POL000792,1,TODO_RIESGO,VIGENTE
793,POL000793,2,TERCEROS_AMPLIADO,CANCELADA
794,POL000794,2,TODO_RIESGO,CANCELADA
795,POL000795,2,TODO_RIESGO,VIGENTE
796,POL000796,1,TERCEROS_AMPLIADO,EXPIRADA
797,POL000797,1,RC,EXPIRADA
798,POL000798,2,RC,EXPIRADA
799,POL000799,2,TERCEROS_AMPLIADO,CANCELADA
800,POL000800,2,TERCEROS_AMPLIADO,CANCELADA
801,POL000801,1,RC,EXPIRADA
802,POL000802,1,TODO_RIESGO,EXPIRADA
803,POL000803,1,TERCEROS_AMPLIADO,VIGENTE
804,POL000804,2,TODO_RIESGO,CANCELADA
805,POL000805,1,RC,CANCELADA
806,POL000806,2,TERCEROS_AMPLIADO,CANCELADA
807,POL000807,2,RC,VIGENTE
808,POL000808,1,RC,EXPIRADA
809,POL000809,1,RC,CANCELADA
810,POL000810,2,TODO_RIESGO,CANCELADA
811,POL000811,1,TODO_RIESGO,CANCELADA
812,POL000812,1,TERCEROS_AMPLIADO,EXPIRADA
813,POL000813,2,TERCEROS_AMPLIADO,CANCELADA
814,POL000814,1,RC,VIGENTE
815,POL000815,2,TERCEROS_AMPLIADO,VIGENTE
816,POL000816,2,TODO_RIESGO,EXPIRADA
817,POL000817,1,RC,EXPIRADA
818,POL000818,2,TERCEROS_AMPLIADO,VIGENTE
819,POL000819,1,RC,CANCELADA
820,POL000820,1,RC,CANCELADA
821,POL000821,2,RC,VIGENTE
822,POL000822,1,TODO_RIESGO,EXPIRADA
823,POL000823,1,RC,VIGENTE
824,POL000824,1,TERCEROS_AMPLIADO,EXPIRADA
825,POL000825,1,TERCEROS_AMPLIADO,CANCELADA
826,POL000826,1,TERCEROS_AMPLIADO,VIGENTE
827,POL000827,1,TERCEROS_AMPLIADO,EXPIRADA
828,POL000828,2,TERCEROS_AMPLIADO,CANCELADA
829,POL000829,2,RC,EXPIRADA
830,POL000830,1,RC,CANCELADA
831,POL000831,2,TODO_RIESGO,EXPIRADA
832,POL000832,2,TERCEROS_AMPLIADO,CANCELADA
833,POL000833,2,TERCEROS_AMPLIADO,VIGENTE
834,POL000834,1,TODO_RIESGO,VIGENTE
835,POL000835,2,TODO_RIESGO,VIGENTE
836,POL000836,1,TERCEROS_AMPLIADO,VIGENTE
837,POL000837,2,TODO_RIESGO,EXPIRADA
838,POL000838,1,TERCEROS_AMPLIADO,CANCELADA
839,POL000839,1,TODO_RIESGO,CANCELADA
840,POL000840,2,TODO_RIESGO,CANCELADA
841,POL000841,1,RC,CANCELADA
842,POL000842,1,RC,CANCELADA
843,POL000843,2,RC,CANCELADA
844,POL000844,2,RC,EXPIRADA
845,POL000845,2,TODO_RIESGO,CANCELADA
846,POL000846,1,TERCEROS_AMPLIADO,CANCELADA
847,POL000847,1,TODO_RIESGO,CANCELADA
848,POL000848,2,TODO_RIESGO,EXPIRADA
849,POL000849,2,TERCEROS_AMPLIADO,EXPIRADA
850,POL000850,1,RC,CANCELADA
851,POL000851,2,TERCEROS_AMPLIADO,EXPIRADA
852,POL000852,2,RC,VIGENTE
853,POL000853,2,RC,CANCELADA
854,POL000854,1,TERCEROS_AMPLIADO,VIGENTE
855,POL000855,1,TERCEROS_AMPLIADO,EXPIRADA
856,POL000856,1,RC,VIGENTE
857,POL000857,2,RC,CANCELADA
858,POL000858,1,RC,EXPIRADA
859,POL000859,1,TERCEROS_AMPLIADO,EXPIRADA
860,POL000860,2,TODO_RIESGO,EXPIRADA
861,POL000861,1,RC,CANCELADA
862,POL000862,2,RC,VIGENTE
863,POL000863,1,TODO_RIESGO,CANCELADA
864,POL000864,1,RC,EXPIRADA
865,POL000865,1,TODO_RIESGO,VIGENTE
866,POL000866,1,TODO_RIESGO,EXPIRADA
867,POL000867,2,RC,CANCELADA
868,POL000868,2,TODO_RIESGO,EXPIRADA
869,POL000869,2,TODO_RIESGO,CANCELADA
870,POL000870,2,TODO_RIESGO,VIGENTE
871,POL000871,2,TERCEROS_AMPLIADO,CANCELADA
872,POL000872,1,RC,EXPIRADA
873,POL000873,2,TERCEROS_AMPLIADO,EXPIRADA
874,POL000874,2,TODO_RIESGO,VIGENTE
875,POL000875,2,RC,VIGENTE
876,POL000876,2,RC,VIGENTE
877,POL000877,2,RC,CANCELADA
878,POL000878,2,TODO_RIESGO,CANCELADA
879,POL000879,2,TODO_RIESGO,EXPIRADA
880,POL000880,1,RC,CANCELADA
881,POL000881,2,TERCEROS_AMPLIADO,CANCELADA
882,POL000882,2,TERCEROS_AMPLIADO,EXPIRADA
883,POL000883,1,RC,CANCELADA
884,POL000884,2,TODO_RIESGO,VIGENTE
885,POL000885,1,RC,EXPIRADA
886,POL000886,2,TODO_RIESGO,EXPIRADA
887,POL000887,2,TERCEROS_AMPLIADO,VIGENTE
888,POL000888,2,RC,VIGENTE
889,POL000889,1,TERCEROS_AMPLIADO,VIGENTE
890,POL000890,1,RC,VIGENTE
891,POL000891,1,TODO_RIESGO,VIGENTE
892,POL000892,2,TODO_RIESGO,VIGENTE
893,POL000893,2,RC,CANCELADA
894,POL000894,1,RC,EXPIRADA
895,POL000895,2,RC,CANCELADA
896,POL000896,2,RC,CANCELADA
897,POL000897,2,RC,VIGENTE
898,POL000898,2,TODO_RIESGO,VIGENTE
899,POL000899,2,TODO_RIESGO,EXPIRADA
900,POL000900,1,RC,EXPIRADA
901,POL000901,2,TERCEROS_AMPLIADO,EXPIRADA
902,POL000902,1,TERCEROS_AMPLIADO,EXPIRADA
903,POL000903,1,TERCEROS_AMPLIADO,CANCELADA
904,POL000904,1,RC,EXPIRADA
905,POL000905,2,TODO_RIESGO,VIGENTE
906,POL000906,2,TERCEROS_AMPLIADO,CANCELADA
907,POL000907,2,TERCEROS_AMPLIADO,VIGENTE
908,POL000908,1,TERCEROS_AMPLIADO,CANCELADA
909,POL000909,2,TODO_RIESGO,VIGENTE
910,POL000910,2,TERCEROS_AMPLIADO,EXPIRADA
911,POL000911,1,RC,EXPIRADA
912,POL000912,2,TODO_RIESGO,VIGENTE
913,POL000913,1,TERCEROS_AMPLIADO,EXPIRADA
914,POL000914,2,TERCEROS_AMPLIADO,VIGENTE
915,POL000915,1,TODO_RIESGO,VIGENTE
916,POL000916,1,TERCEROS_AMPLIADO,VIGENTE
917,POL000917,2,RC,CANCELADA
918,POL000918,1,TODO_RIESGO,VIGENTE
919,POL000919,2,TODO_RIESGO,EXPIRADA
920,POL000920,2,RC,VIGENTE
921,POL000921,2,TODO_RIESGO,VIGENTE
922,POL000922,2,TODO_RIESGO,CANCELADA
923,POL000923,2,RC,CANCELADA
924,POL000924,1,TERCEROS_AMPLIADO,CANCELADA
925,POL000925,1,TERCEROS_AMPLIADO,CANCELADA
926,POL000926,1,TERCEROS_AMPLIADO,CANCELADA
927,POL000927,1,TERCEROS_AMPLIADO,CANCELADA
928,POL000928,1,TODO_RIESGO,VIGENTE
929,POL000929,2,RC,EXPIRADA
930,POL000930,1,TODO_RIESGO,VIGENTE
931,POL000931,1,TERCEROS_AMPLIADO,CANCELADA
932,POL000932,2,TODO_RIESGO,VIGENTE
933,POL000933,2,TERCEROS_AMPLIADO,VIGENTE
934,POL000934,2,TERCEROS_AMPLIADO,EXPIRADA
935,POL000935,2,TODO_RIESGO,EXPIRADA
936,POL000936,1,TERCEROS_AMPLIADO,EXPIRADA
937,POL000937,2,RC,VIGENTE
938,POL000938,1,RC,VIGENTE
939,POL000939,1,TODO_RIESGO,VIGENTE
940,POL000940,2,TERCEROS_AMPLIADO,EXPIRADA
941,POL000941,1,RC,VIGENTE
942,POL000942,1,TERCEROS_AMPLIADO,EXPIRADA
943,POL000943,2,TODO_RIESGO,VIGENTE
944,POL000944,2,TODO_RIESGO,CANCELADA
945,POL000945,2,TODO_RIESGO,EXPIRADA
946,POL000946,1,RC,CANCELADA
947,POL000947,2,RC,VIGENTE
948,POL000948,2,RC,EXPIRADA
949,POL000949,2,TODO_RIESGO,EXPIRADA
950,POL000950,2,TODO_RIESGO,VIGENTE
951,POL000951,2,RC,VIGENTE
952,POL000952,1,TERCEROS_AMPLIADO,EXPIRADA
953,POL000953,1,TERCEROS_AMPLIADO,VIGENTE
954,POL000954,1,TODO_RIESGO,EXPIRADA
955,POL000955,1,TERCEROS_AMPLIADO,EXPIRADA
956,POL000956,2,RC,EXPIRADA
957,POL000957,1,RC,CANCELADA
958,POL000958,2,TODO_RIESGO,CANCELADA
959,POL000959,1,RC,CANCELADA
960,POL000960,1,TODO_RIESGO,VIGENTE
961,POL000961,2,TODO_RIESGO,CANCELADA
962,POL000962,1,TERCEROS_AMPLIADO,CANCELADA
963,POL000963,2,RC,CANCELADA
964,POL000964,2,RC,CANCELADA
965,POL000965,2,TERCEROS_AMPLIADO,CANCELADA
966,POL000966,2,TODO_RIESGO,EXPIRADA
967,POL000967,1,TERCEROS_AMPLIADO,VIGENTE
968,POL000968,2,TERCEROS_AMPLIADO,EXPIRADA
969,POL000969,2,RC,CANCELADA
970,POL000970,1,RC,EXPIRADA
971,POL000971,1,RC,VIGENTE
972,POL000972,1,RC,VIGENTE
973,POL000973,1,TERCEROS_AMPLIADO,VIGENTE
974,POL000974,2,TERCEROS_AMPLIADO,EXPIRADA
975,POL000975,2,TERCEROS_AMPLIADO,EXPIRADA
976,POL000976,2,TODO_RIESGO,CANCELADA
977,POL000977,2,TERCEROS_AMPLIADO,CANCELADA
978,POL000978,1,TODO_RIESGO,CANCELADA
979,POL000979,1,RC,VIGENTE
980,POL000980,1,TERCEROS_AMPLIADO,VIGENTE
981,POL000981,2,RC,CANCELADA
982,POL000982,2,TERCEROS_AMPLIADO,EXPIRADA
983,POL000983,1,RC,CANCELADA
984,POL000984,1,TODO_RIESGO,CANCELADA
985,POL000985,1,RC,EXPIRADA
986,POL000986,2,TODO_RIESGO,VIGENTE
987,POL000987,2,TODO_RIESGO,CANCELADA
988,POL000988,2,TERCEROS_AMPLIADO,EXPIRADA
989,POL000989,2,RC,CANCELADA
990,POL000990,2,TERCEROS_AMPLIADO,VIGENTE
991,POL000991,2,RC,EXPIRADA
992,POL000992,1,TODO_RIESGO,CANCELADA
993,POL000993,2,TODO_RIESGO,VIGENTE
994,POL000994,1,RC,VIGENTE
995,POL000995,2,TERCEROS_AMPLIADO,CANCELADA
996,POL000996,1,RC,EXPIRADA
997,POL000997,2,TERCEROS_AMPLIADO,VIGENTE
998,POL000998,1,TODO_RIESGO,CANCELADA
999,POL000999,2,TODO_RIESGO,CANCELADA
1000,POL001000,2,TERCEROS_AMPLIADO,CANCELADA
