id,matricula,marca,modelo,anio_small
1,2435RRB,Kia,Modelo,2015
2,2959FMD,Honda,Modelo,2022
3,5617TJP,Volkswagen,Golf,2024
4,8910ZKS,Fiat,Modelo,2012
5,4948TWR,Citroen,Modelo,2010
6,5585TBW,Peugeot,Modelo,2014
7,5131ZDW,Seat,Ibiza,2016
8,6867KXM,Kia,Modelo,2014
9,8521WWD,Fiat,Modelo,2018
10,6773GGX,Audi,Modelo,2022
11,9070KWP,Peugeot,Modelo,2016
12,9588GJN,Kia,Modelo,2013
13,3979KPL,Hyundai,Modelo,2013
14,4498NVX,Nissan,Modelo,2012
15,8997WDY,Peugeot,Modelo,2021
16,8414TNY,Peugeot,Modelo,2016
17,3075DPK,Nissan,Modelo,2014
18,1704MTP,Ford,Focus,2018
19,6977GYL,Kia,Modelo,2012
20,1143PCN,Hyundai,Modelo,2010
21,7905LFL,Toyota,Corolla,2015
22,9871GMY,Peugeot,Modelo,2016
23,3617VWT,Honda,Modelo,2017
24,7277LHP,BMW,Modelo,2012
25,5045PCP,Nissan,Modelo,2020
26,1975SWF,Fiat,Modelo,2011
27,7785JBH,Audi,Modelo,2017
28,6287KTB,Peugeot,Modelo,2010
29,2036GSM,Kia,Modelo,2019
30,8184MDS,Opel,Modelo,2013
31,3401PZS,Peugeot,Modelo,2018
32,7411TBH,BMW,Modelo,2022
33,2793TGR,Opel,Modelo,2014
34,3593RJT,BMW,Modelo,2011
35,3672LYM,Peugeot,Modelo,2017
36,4791VDD,Kia,Modelo,2017
37,5813PDG,Honda,Modelo,2021
38,1071CZK,Honda,Modelo,2021
39,6742XZL,Fiat,Modelo,2011
40,6633VSZ,Citroen,Modelo,2011
41,4467SBT,Fiat,Modelo,2018
42,8574VNZ,Opel,Modelo,2012
43,9182HSH,Seat,Leon,2015
44,9685VFC,Toyota,C-HR,2021
45,6285HVD,Kia,Modelo,2012
46,3152RTP,Opel,Modelo,2023
47,2509FHZ,Ford,Kuga,2015
48,8482JHF,Fiat,Modelo,2019
49,8958NPY,Audi,Modelo,2015
50,4910JGD,Hyundai,Modelo,2019
51,4727JGJ,Kia,Modelo,2013
52,7415VBZ,BMW,Modelo,2013
53,6007ZPL,Seat,Arona,2015
54,6067KKZ,Audi,Modelo,2019
55,7740BGL,Peugeot,Modelo,2014
56,7040NKG,Volkswagen,Polo,2014
57,6233RMW,Seat,Arona,2018
58,2976GTR,Opel,Modelo,2017
59,1015DWM,Seat,Ibiza,2012
60,2188GDY,Volkswagen,Golf,2021
61,8728KLZ,Toyota,Yaris,2016
62,2869MJX,Fiat,Modelo,2016
63,2321MDF,Ford,Fiesta,2014
64,6852PWN,Renault,Megane,2011
65,1140MJM,Citroen,Modelo,2014
66,1258VLY,Toyota,RAV4,2016
67,8995YBK,Hyundai,Modelo,2023
68,3854JSV,Peugeot,Modelo,2022
69,3276CKR,Citroen,Modelo,2012
70,1042WFZ,Hyundai,Modelo,2023
71,6318YHW,Honda,Modelo,2020
72,5924GJG,Opel,Modelo,2022
73,6265CTY,Toyota,C-HR,2016
74,9532HKD,Honda,Modelo,2011
75,9460BCM,Opel,Modelo,2022
76,8202XJB,Hyundai,Modelo,2013
77,1842RWS,Renault,Scenic,2016
78,5464FFB,Toyota,RAV4,2015
79,8028PKB,Ford,Kuga,2022
80,6375RGG,Citroen,Modelo,2017
81,2970WHN,Kia,Modelo,2016
82,7546JZW,Kia,Modelo,2024
83,2734KNN,Volkswagen,Golf,2022
84,4530BTK,Honda,Modelo,2021
85,2920RPH,Ford,Kuga,2017
86,2679RXD,Toyota,RAV4,2018
87,7736PBT,Hyundai,Modelo,2016
88,1745FVP,Honda,Modelo,2021
89,2338CGG,Peugeot,Modelo,2017
90,5445MHT,Ford,Kuga,2013
91,5442GDZ,Mazda,Modelo,2016
92,7758NHY,Volkswagen,Tiguan,2023
93,4555KTW,BMW,Modelo,2021
94,6457CRC,Seat,Arona,2023
95,7240VXD,Volkswagen,Polo,2013
96,6508CMK,Audi,Modelo,2019
97,9869DRF,Hyundai,Modelo,2024
98,5148CXY,Opel,Modelo,2010
99,4979KXK,Audi,Modelo,2010
100,5692NPC,Audi,Modelo,2011
101,4819GNW,Citroen,Modelo,2019
102,4995ZPN,Fiat,Modelo,2020
103,7364YJT,Hyundai,Modelo,2015
104,8564LLG,Ford,Mondeo,2015
105,8868XXS,Toyota,Yaris,2020
106,5690YVG,Kia,Modelo,2012
107,4889XLJ,Audi,Modelo,2016
108,5504LFM,Audi,Modelo,2013
109,1052TLX,Honda,Modelo,2022
110,9947NTZ,Citroen,Modelo,2020
111,9475HCC,Toyota,RAV4,2022
112,7405JDX,Peugeot,Modelo,2023
113,4279HJP,Nissan,Modelo,2017
114,3528BHX,Nissan,Modelo,2018
115,7901PJW,Seat,Ibiza,2019
116,7326RBD,Volkswagen,Golf,2021
117,6082WTX,Audi,Modelo,2021
118,1139FTX,Hyundai,Modelo,2022
119,2819FTH,Volkswagen,Passat,2017
120,2711PPT,Audi,Modelo,2012
121,9008FVT,BMW,Modelo,2017
122,4474WDH,Renault,Megane,2021
123,1480XPC,Seat,Arona,2022
124,3615NWP,BMW,Modelo,2016
125,1172VFJ,Honda,Modelo,2022
126,3512FXG,Opel,Modelo,2010
127,4564MDL,Kia,Modelo,2023
128,5438JVR,BMW,Modelo,2017
129,6853NPR,Mazda,Modelo,2017
130,9709BMH,Peugeot,Modelo,2022
131,3188KNT,Peugeot,Modelo,2013
132,3470PBS,Honda,Modelo,2019
133,1957FTL,Opel,Modelo,2013
134,7844FPL,Honda,Modelo,2011
135,5656WGD,Ford,Mondeo,2015
136,6950DRW,Hyundai,Modelo,2017
137,4825PTS,Nissan,Modelo,2017
138,5891VRB,Volkswagen,Passat,2019
139,6092TMM,Hyundai,Modelo,2012
140,9413DFK,Toyota,RAV4,2024
141,4985BLV,Opel,Modelo,2015
142,7101CZT,Fiat,Modelo,2010
143,2179YNV,Opel,Modelo,2019
144,7319PHW,Renault,Scenic,2017
145,8260JXJ,Mazda,Modelo,2023
146,5814NGX,Mazda,Modelo,2013
147,3736HDK,Kia,Modelo,2023
148,5204LMJ,BMW,Modelo,2023
149,2869KKX,Ford,Focus,2023
150,6322PMW,Volkswagen,Polo,2016
151,6598JSG,Citroen,Modelo,2014
152,8994TLV,Toyota,C-HR,2021
153,1128LSC,Kia,Modelo,2010
154,3626XYN,Peugeot,Modelo,2015
155,9364LBF,Ford,Mondeo,2022
156,1111FGH,Honda,Modelo,2017
157,2593DMJ,Mazda,Modelo,2015
158,4250NCH,Seat,Ibiza,2022
159,5051LRH,Peugeot,Modelo,2016
160,2006CFJ,Ford,Focus,2016
161,9609SXF,Toyota,Corolla,2023
162,7124BRB,Volkswagen,Golf,2012
163,3106WYH,Toyota,RAV4,2022
164,1705PZT,Mazda,Modelo,2024
165,5254LNY,Volkswagen,Tiguan,2014
166,9799LXY,Audi,Modelo,2019
167,3183NNP,Fiat,Modelo,2014
168,2969KBS,Peugeot,Modelo,2013
169,7475JYT,Peugeot,Modelo,2020
170,8408LSN,Hyundai,Modelo,2013
171,7870YGW,Fiat,Modelo,2023
172,1036SZK,Honda,Modelo,2020
173,2593JRF,Nissan,Modelo,2014
174,5010RZG,Nissan,Modelo,2014
175,5768PBG,Audi,Modelo,2017
176,2131PCH,Opel,Modelo,2022
177,9494JJH,Volkswagen,Polo,2021
178,6353FZD,Opel,Modelo,2011
179,4718VZG,Toyota,RAV4,2016
180,9962CJJ,Ford,Mondeo,2017
181,7674NKT,Renault,Megane,2011
182,4016JFW,Citroen,Modelo,2018
183,3088SRX,Toyota,RAV4,2010
184,6014KMR,BMW,Modelo,2022
185,7714CST,Peugeot,Modelo,2022
186,9028HSJ,Opel,Modelo,2018
187,3234HCP,Audi,Modelo,2018
188,7901CGN,BMW,Modelo,2012
189,5961BYR,Kia,Modelo,2020
190,4050RPP,Renault,Captur,2019
191,5950XDD,Honda,Modelo,2022
192,5839ZZG,Fiat,Modelo,2022
193,6636KZP,Ford,Kuga,2011
194,2985YPP,Honda,Modelo,2024
195,8378KFS,Mazda,Modelo,2014
196,8938CGV,Toyota,RAV4,2010
197,7035LDY,Opel,Modelo,2010
198,5279ZCX,Peugeot,Modelo,2022
199,4203NGV,BMW,Modelo,2016
200,3633TCW,Kia,Modelo,2018
201,1828JPL,Peugeot,Modelo,2021
202,2208FBN,Fiat,Modelo,2017
203,1018RLG,Audi,Modelo,2010
204,3834HBH,Ford,Kuga,2016
205,7649ZHL,Ford,Kuga,2021
206,2771PTB,Opel,Modelo,2011
207,5749CPF,Audi,Modelo,2017
208,5909HWS,Ford,Fiesta,2014
209,9981PBR,Citroen,Modelo,2024
210,2351KHF,Seat,Ibiza,2015
211,3094YGK,Fiat,Modelo,2021
212,6194DFS,Ford,Mondeo,2020
213,8941NBT,Kia,Modelo,2021
214,6606WVT,Honda,Modelo,2022
215,2861VYR,Citroen,Modelo,2022
216,8088JWB,BMW,Modelo,2010
217,1581WXL,BMW,Modelo,2020
218,5419FVY,Renault,Clio,2021
219,3096VJP,Honda,Modelo,2017
220,8762SSC,Renault,Scenic,2019
221,1069YZM,Volkswagen,Tiguan,2016
222,8138DYP,BMW,Modelo,2017
223,6129BNB,Toyota,Yaris,2024
224,4586YDT,Hyundai,Modelo,2020
225,1553VPP,Volkswagen,Polo,2011
226,9823KMR,Mazda,Modelo,2013
227,1034RZH,Honda,Modelo,2017
228,2904NTG,Opel,Modelo,2023
229,8319BXK,Volkswagen,Passat,2013
230,6057CZK,Honda,Modelo,2013
231,7805KKD,Seat,Ateca,2017
232,2758BZP,Kia,Modelo,2022
233,3400SVH,Renault,Megane,2018
234,6681NMR,Mazda,Modelo,2021
235,2978LVW,Audi,Modelo,2021
236,5604RHG,Honda,Modelo,2012
237,6844TZS,Renault,Captur,2013
238,8951GZS,BMW,Modelo,2018
239,8473LFB,BMW,Modelo,2024
240,9778NPN,Nissan,Modelo,2018
241,4362NCN,Nissan,Modelo,2014
242,3638RCJ,Renault,Megane,2018
243,3884HBP,Peugeot,Modelo,2018
244,8423PYJ,Kia,Modelo,2014
245,6125PWM,Volkswagen,Passat,2014
246,3655YHM,Citroen,Modelo,2012
247,2252KFS,Citroen,Modelo,2011
248,2703DKL,Fiat,Modelo,2024
249,6385VRD,Peugeot,Modelo,2023
250,5109FTC,Peugeot,Modelo,2023
251,7545HKV,Hyundai,Modelo,2023
252,5358WYJ,Toyota,RAV4,2010
253,9692TBP,Opel,Modelo,2018
254,7795MWT,Toyota,Yaris,2011
255,9444KLH,Ford,Fiesta,2012
256,6750XDL,Hyundai,Modelo,2024
257,6607BWC,Honda,Modelo,2012
258,8245LGY,Peugeot,Modelo,2010
259,5297NCP,Ford,Kuga,2013
260,6245KBK,Audi,Modelo,2010
261,3073RYC,Toyota,Yaris,2023
262,6121YPY,Ford,Fiesta,2014
263,9634CJJ,Citroen,Modelo,2020
264,3794MMV,Audi,Modelo,2012
265,6741BCV,Toyota,C-HR,2017
266,6331BDL,Hyundai,Modelo,2024
267,2297GHB,Peugeot,Modelo,2023
268,5164LVR,Fiat,Modelo,2019
269,9270FNN,Toyota,Yaris,2013
270,7980FLV,Volkswagen,Tiguan,2019
271,3362TGC,Nissan,Modelo,2024
272,9990ZPM,Mazda,Modelo,2011
273,4823FGY,Honda,Modelo,2015
274,3353SGC,Nissan,Modelo,2023
275,5139FCG,Volkswagen,Polo,2021
276,6926CNJ,Hyundai,Modelo,2023
277,2943GGJ,Toyota,C-HR,2012
278,9322KZH,Nissan,Modelo,2011
279,3250HYC,Mazda,Modelo,2020
280,9711JJJ,Honda,Modelo,2016
281,9141BYD,BMW,Modelo,2022
282,9360DRR,Fiat,Modelo,2010
283,8146TDC,Citroen,Modelo,2012
284,8073RXJ,BMW,Modelo,2024
285,1495RFH,Hyundai,Modelo,2021
286,5980BWN,Audi,Modelo,2020
287,5161VST,Citroen,Modelo,2013
288,1686DJZ,Volkswagen,Passat,2018
289,9589CFP,Peugeot,Modelo,2010
290,5569VNM,Seat,Ateca,2022
291,9954SGK,Toyota,Yaris,2018
292,6884LCC,Toyota,Yaris,2019
293,7448KBD,Seat,Leon,2022
294,3591FYH,Fiat,Modelo,2022
295,3526SPY,Honda,Modelo,2013
296,3489HCP,Honda,Modelo,2013
297,1964KTF,Kia,Modelo,2012
298,4158DLW,Citroen,Modelo,2013
299,8465YRP,Toyota,C-HR,2022
300,5040ZRN,Citroen,Modelo,2021
301,7686HXY,Citroen,Modelo,2014
302,5673GMC,Peugeot,Modelo,2020
303,6082NCH,Citroen,Modelo,2014
304,2353JJW,Opel,Modelo,2016
305,1974HHB,Ford,Focus,2013
306,7017RVV,Peugeot,Modelo,2012
307,8463SRG,Toyota,Yaris,2023
308,2458NZH,Opel,Modelo,2019
309,1401VZN,BMW,Modelo,2010
310,4697DNX,Honda,Modelo,2013
311,3457XZB,Fiat,Modelo,2017
312,4486WGG,Citroen,Modelo,2014
313,5331DKD,Honda,Modelo,2012
314,9321RJS,Audi,Modelo,2024
315,6179YDK,Renault,Captur,2023
316,7682XFK,Kia,Modelo,2013
317,8490YYP,BMW,Modelo,2023
318,9404NDM,Ford,Fiesta,2022
319,4358BVM,Peugeot,Modelo,2020
320,7397TRS,Toyota,RAV4,2019
321,1811BPC,Volkswagen,Polo,2022
322,8949GMN,Honda,Modelo,2011
323,5493WBT,Seat,Leon,2015
324,1403BFX,Honda,Modelo,2019
325,1409ZDL,Mazda,Modelo,2011
326,6552HSH,Nissan,Modelo,2015
327,9088TMD,Ford,Fiesta,2016
328,4748SRF,Seat,Leon,2010
329,6430FHZ,Fiat,Modelo,2012
330,1073PXJ,BMW,Modelo,2023
331,2697SJV,Citroen,Modelo,2014
332,4836LTR,Fiat,Modelo,2011
333,6384GTS,Kia,Modelo,2023
334,5749MDG,Ford,Focus,2024
335,8183PFN,Ford,Mondeo,2012
336,8831GHS,Nissan,Modelo,2011
337,7647VPT,Honda,Modelo,2014
338,4101KPZ,Fiat,Modelo,2012
339,5445LXM,Nissan,Modelo,2014
340,9510LRX,Seat,Arona,2020
341,7659SHG,Kia,Modelo,2015
342,7010ZXW,Volkswagen,Golf,2022
343,3102SGZ,Audi,Modelo,2022
344,8877VHD,Hyundai,Modelo,2017
345,7320YTW,Honda,Modelo,2010
346,8405YVF,Citroen,Modelo,2023
347,6990KCN,Mazda,Modelo,2022
348,3706CVZ,Hyundai,Modelo,2023
349,4199FHD,Seat,Arona,2011
350,2275YHT,Kia,Modelo,2012
351,3445KZZ,Toyota,C-HR,2016
352,3881TNR,Kia,Modelo,2017
353,7934JLR,Opel,Modelo,2018
354,2572DPF,Honda,Modelo,2020
355,3918JGG,Kia,Modelo,2015
356,1414MGK,Honda,Modelo,2011
357,7327GJH,Toyota,Corolla,2016
358,7708NXM,Citroen,Modelo,2024
359,7414KFT,Opel,Modelo,2019
360,2717JHW,Fiat,Modelo,2019
361,8515GZT,Renault,Megane,2020
362,2707SNX,Volkswagen,Polo,2012
363,8557BMX,Renault,Megane,2017
364,7027LMZ,Honda,Modelo,2010
365,1867MWD,Seat,Ateca,2013
366,6684PJL,Kia,Modelo,2015
367,5645FZV,Opel,Modelo,2022
368,6196BCC,Toyota,C-HR,2010
369,1449MVJ,BMW,Modelo,2019
370,2426XVD,Fiat,Modelo,2019
371,8225NDG,BMW,Modelo,2011
372,9072NMC,Nissan,Modelo,2013
373,4621VKS,Renault,Scenic,2015
374,1310XRT,Hyundai,Modelo,2016
375,6767VNS,Volkswagen,Polo,2011
376,7348NJL,Citroen,Modelo,2021
377,6821JHN,Citroen,Modelo,2020
378,2121MCW,Ford,Mondeo,2021
379,6239ZCW,Toyota,C-HR,2021
380,9155XNB,Seat,Arona,2024
381,6079RYY,Toyota,Yaris,2017
382,7525LVB,Citroen,Modelo,2014
383,8780DFH,BMW,Modelo,2014
384,4287GXW,Mazda,Modelo,2024
385,1360KSY,Mazda,Modelo,2017
386,7824GLN,Hyundai,Modelo,2019
387,3659CRN,Nissan,Modelo,2010
388,2488DBJ,BMW,Modelo,2022
389,2153MRF,Citroen,Modelo,2018
390,6060LBV,Nissan,Modelo,2010
391,6455GSR,Hyundai,Modelo,2018
392,9495MCF,Seat,Ateca,2010
393,1433GSG,Citroen,Modelo,2015
394,1216RWV,Volkswagen,Golf,2022
395,9177KRC,Hyundai,Modelo,2010
396,8837MWS,Renault,Captur,2019
397,9608XKS,BMW,Modelo,2014
398,6872DRD,Opel,Modelo,2021
399,2750YBW,Toyota,C-HR,2016
400,6736KDT,Toyota,RAV4,2016
401,3567FMZ,Seat,Arona,2013
402,9053VNW,Audi,Modelo,2017
403,2024WGF,Opel,Modelo,2020
404,3527CXS,Seat,Ibiza,2012
405,4246SWL,Mazda,Modelo,2019
406,2122DRL,BMW,Modelo,2011
407,6908ZDX,Ford,Mondeo,2012
408,2703FZT,BMW,Modelo,2015
409,5713GTW,Citroen,Modelo,2016
410,8761BGV,Kia,Modelo,2022
411,3376PPS,Honda,Modelo,2013
412,3496CXG,Mazda,Modelo,2024
413,8323DKZ,Mazda,Modelo,2018
414,9777JXR,Renault,Scenic,2012
415,5512WNN,Hyundai,Modelo,2017
416,2625LJV,Citroen,Modelo,2018
417,1727LWJ,BMW,Modelo,2021
418,1238VBT,Honda,Modelo,2017
419,2182JXD,Hyundai,Modelo,2018
420,2629YDD,Honda,Modelo,2022
421,2112GJY,Citroen,Modelo,2011
422,7690ZNL,Citroen,Modelo,2023
423,8984XBF,Citroen,Modelo,2013
424,6398WLY,Nissan,Modelo,2021
425,5833DVS,Renault,Scenic,2014
426,4638ZVZ,Nissan,Modelo,2019
427,2178RBK,Nissan,Modelo,2018
428,3647PTH,Kia,Modelo,2024
429,2030YLX,Renault,Megane,2024
430,5296NDS,Nissan,Modelo,2014
431,5956DZB,Peugeot,Modelo,2018
432,2883PLR,Seat,Ateca,2022
433,5094YFP,Seat,Ateca,2017
434,4523LHF,Peugeot,Modelo,2021
435,9354ZNX,Hyundai,Modelo,2011
436,8035VFL,Hyundai,Modelo,2013
437,1637ZBY,Fiat,Modelo,2013
438,4173LJY,Kia,Modelo,2017
439,9056BJS,Ford,Mondeo,2020
440,4398LHC,BMW,Modelo,2011
441,8806TFT,Fiat,Modelo,2022
442,6075JGN,Nissan,Modelo,2011
443,1918ZZZ,Nissan,Modelo,2016
444,4982MVF,Volkswagen,Tiguan,2020
445,9537WNZ,Honda,Modelo,2012
446,8381KVK,BMW,Modelo,2019
447,4536GNY,Honda,Modelo,2012
448,6627MRX,Nissan,Modelo,2024
449,8813HPG,Peugeot,Modelo,2020
450,1922NDT,Seat,Ibiza,2015
451,7400ZZL,BMW,Modelo,2024
452,4704CGD,Toyota,Corolla,2015
453,8957DBK,Ford,Focus,2017
454,1729LFG,Nissan,Modelo,2010
455,6724LSP,Audi,Modelo,2020
456,6342JTJ,Peugeot,Modelo,2016
457,1240JYY,Kia,Modelo,2013
458,7744DBT,Volkswagen,Golf,2019
459,3176XJT,Volkswagen,Passat,2010
460,3200KGB,Volkswagen,Passat,2021
461,3965SZX,Renault,Scenic,2014
462,5519TKK,Peugeot,Modelo,2022
463,7416LYS,Toyota,Corolla,2022
464,3375CDS,Renault,Megane,2012
465,9868KTH,Mazda,Modelo,2010
466,4273GPD,Seat,Arona,2020
467,4190BPT,Kia,Modelo,2023
468,8669MCY,BMW,Modelo,2013
469,8990VRD,BMW,Modelo,2018
470,7705KVS,Volkswagen,Polo,2016
471,2437HRV,BMW,Modelo,2020
472,1752ZDM,Fiat,Modelo,2016
473,6458LCX,Citroen,Modelo,2015
474,1159YNP,Ford,Focus,2018
475,7691MFW,Volkswagen,Passat,2011
476,7065BFG,Renault,Clio,2019
477,4192MYX,Renault,Clio,2011
478,3345LZW,Mazda,Modelo,2010
479,4584JJY,Nissan,Modelo,2019
480,6558ZDV,BMW,Modelo,2013
481,6730HLN,Seat,Arona,2022
482,3084GDN,Hyundai,Modelo,2018
483,6258BCZ,Kia,Modelo,2023
484,1461HPR,Fiat,Modelo,2023
485,5927CHY,Hyundai,Modelo,2017
486,8713LGJ,Opel,Modelo,2015
487,2253VMM,Ford,Focus,2019
488,2205VRT,Seat,Leon,2017
489,5360BGF,Fiat,Modelo,2014
490,3900CZL,Hyundai,Modelo,2010
491,9964RPG,Toyota,Yaris,2011
492,4305KBD,Toyota,RAV4,2014
493,6561NFX,Toyota,C-HR,2017
494,2420SRJ,Mazda,Modelo,2018
495,2089BZF,Honda,Modelo,2024
496,4229ZGC,Kia,Modelo,2017
497,9767LRV,Ford,Mondeo,2013
498,9777HKB,Seat,Ateca,2018
499,6200SZZ,Ford,Fiesta,2017
500,7878XXW,Renault,Scenic,2013
501,6511NYG,Hyundai,Modelo,2011
502,8927SHM,Peugeot,Modelo,2016
503,5968KPP,Peugeot,Modelo,2013
504,1710WJN,Citroen,Modelo,2019
505,7337WMB,Fiat,Modelo,2022
506,5736PYS,Fiat,Modelo,2018
507,2841KGN,Peugeot,Modelo,2017
508,7868XDJ,Seat,Ibiza,2017
509,8136BXR,Honda,Modelo,2024
510,9097PWV,Fiat,Modelo,2013
511,3617RRD,Nissan,Modelo,2017
512,5419FTW,BMW,Modelo,2012
513,3969GLV,Citroen,Modelo,2010
514,2921SYZ,Renault,Scenic,2023
515,6499PBY,Mazda,Modelo,2020
516,9211PKY,Kia,Modelo,2020
517,8963JND,Nissan,Modelo,2017
518,3452RFB,Opel,Modelo,2010
519,8588SGT,Renault,Captur,2010
520,7602JYC,Volkswagen,Tiguan,2015
521,6619DYR,Mazda,Modelo,2011
522,5853HPN,Peugeot,Modelo,2013
523,8334WFZ,Ford,Focus,2024
524,4386FZD,Citroen,Modelo,2016
525,8288YML,Honda,Modelo,2024
526,7671MJT,Citroen,Modelo,2022
527,6590KPV,BMW,Modelo,2019
528,8543BWX,Audi,Modelo,2021
529,5163HJP,Ford,Focus,2017
530,8321ZVZ,BMW,Modelo,2016
531,4211HNW,Toyota,Yaris,2021
532,6486XVL,Renault,Megane,2011
533,5539LVL,Kia,Modelo,2020
534,7516ZGC,Renault,Captur,2014
535,4077HCN,Mazda,Modelo,2019
536,4748PZN,Volkswagen,Polo,2012
537,1327FYZ,Hyundai,Modelo,2018
538,4306GTT,BMW,Modelo,2014
539,6833ZNJ,Hyundai,Modelo,2010
540,9200LBR,Citroen,Modelo,2019
541,2153VRT,BMW,Modelo,2016
542,3003CHN,Hyundai,Modelo,2017
543,7433PPZ,Citroen,Modelo,2014
544,6264CXC,Nissan,Modelo,2019
545,8209YCJ,Opel,Modelo,2018
546,3218KCC,Renault,Clio,2011
547,9121NDK,Renault,Captur,2010
548,3436JCT,Volkswagen,Golf,2023
549,1273PFJ,Audi,Modelo,2023
550,7955FFW,Seat,Leon,2015
551,3849DHN,Fiat,Modelo,2011
552,6879MTR,Citroen,Modelo,2011
553,9653ZZB,Citroen,Modelo,2019
554,7544DLT,Seat,Leon,2017
555,6861VTJ,Opel,Modelo,2012
556,5478MVN,BMW,Modelo,2023
557,7026TGC,Opel,Modelo,2017
558,1453XHW,Toyota,Corolla,2020
559,7133ZML,Opel,Modelo,2024
560,8239BBR,Volkswagen,Tiguan,2015
561,7069GDH,Toyota,Yaris,2017
562,7395NJR,Volkswagen,Golf,2010
563,2456FDJ,Ford,Fiesta,2010
564,3500ZRZ,Mazda,Modelo,2013
565,9773FDH,Renault,Scenic,2017
566,9153KZM,Honda,Modelo,2023
567,2103PPD,Mazda,Modelo,2018
568,5497PHC,Toyota,Yaris,2020
569,1716ZFZ,Ford,Fiesta,2020
570,2836XLT,Renault,Scenic,2014
571,9848RCZ,Peugeot,Modelo,2023
572,8327YGY,Opel,Modelo,2010
573,2913HSK,Honda,Modelo,2021
574,3284FNR,Seat,Ibiza,2014
575,3783KHN,Ford,Kuga,2013
576,4078RCL,Renault,Clio,2016
577,6389HNT,Audi,Modelo,2013
578,7413NTL,Opel,Modelo,2021
579,1683HZD,Peugeot,Modelo,2023
580,6277TPV,Kia,Modelo,2014
581,1271WCS,Seat,Leon,2022
582,2503PFC,Mazda,Modelo,2018
583,7532PZZ,Renault,Scenic,2019
584,5108KSL,Citroen,Modelo,2011
585,7048CDG,Volkswagen,Passat,2011
586,7301ZFS,Citroen,Modelo,2016
587,6116CMH,Kia,Modelo,2014
588,8927LWV,BMW,Modelo,2014
589,4003DKG,Ford,Kuga,2021
590,5870CFK,Volkswagen,Tiguan,2019
591,4459RLM,Renault,Captur,2018
592,6015NLG,Opel,Modelo,2016
593,3207KJH,Nissan,Modelo,2021
594,8584MKX,Ford,Focus,2015
595,1932NRM,Fiat,Modelo,2021
596,8256TFK,Volkswagen,Tiguan,2023
597,7468JJD,Citroen,Modelo,2014
598,1242SYT,Peugeot,Modelo,2017
599,4200XSP,Ford,Mondeo,2021
600,9199GWS,Audi,Modelo,2019
601,3334RKK,Kia,Modelo,2021
602,1798XNW,Volkswagen,Golf,2012
603,2594SLJ,Nissan,Modelo,2017
604,7874CTK,Mazda,Modelo,2019
605,1044SDW,Toyota,C-HR,2017
606,6658TKF,Volkswagen,Passat,2018
607,9567CDR,Peugeot,Modelo,2014
608,3258ZHX,Opel,Modelo,2019
609,9748RRS,Ford,Mondeo,2018
610,4811LSN,Kia,Modelo,2018
611,3753HFC,Citroen,Modelo,2018
612,2240CWW,Volkswagen,Golf,2024
613,1390DBV,Ford,Mondeo,2012
614,8100FMD,Volkswagen,Tiguan,2021
615,8060LLT,Mazda,Modelo,2014
616,2454GGH,Hyundai,Modelo,2018
617,8146LRJ,Nissan,Modelo,2014
618,6458BLL,Renault,Megane,2013
619,7806NGN,Hyundai,Modelo,2014
620,6567GBN,Nissan,Modelo,2017
621,5407DCB,Honda,Modelo,2018
622,7663MTP,Opel,Modelo,2020
623,9249WDR,Honda,Modelo,2010
624,8757GKS,Volkswagen,Passat,2011
625,8890YMJ,Toyota,Corolla,2016
626,8771TRP,Kia,Modelo,2015
627,2059CZW,Citroen,Modelo,2018
628,3717SCJ,Toyota,C-HR,2019
629,1317SYV,Mazda,Modelo,2011
630,9123KHN,Citroen,Modelo,2017
631,9655NMM,Nissan,Modelo,2011
632,6219KBR,Opel,Modelo,2023
633,4553WBX,Kia,Modelo,2022
634,5437VFZ,Fiat,Modelo,2017
635,4490JKW,Opel,Modelo,2019
636,6634FRL,BMW,Modelo,2012
637,1481NBD,Peugeot,Modelo,2012
638,4781NBH,BMW,Modelo,2010
639,6146TTX,Kia,Modelo,2022
640,7819CDD,Citroen,Modelo,2020
641,9819HHV,Audi,Modelo,2021
642,7166TMT,Renault,Megane,2019
643,3788LDZ,Seat,Ibiza,2018
644,4439RRV,Volkswagen,Passat,2019
645,1693KTT,Opel,Modelo,2017
646,5869VPZ,Peugeot,Modelo,2012
647,7553VKP,Toyota,Yaris,2019
648,2696WJS,Audi,Modelo,2014
649,8140GPP,Honda,Modelo,2012
650,1588BWN,Fiat,Modelo,2018
651,1451YJS,Citroen,Modelo,2015
652,4246NZP,Opel,Modelo,2015
653,6296RGX,Honda,Modelo,2019
654,7525BMK,Audi,Modelo,2010
655,3229FTK,Audi,Modelo,2016
656,5732CMY,Mazda,Modelo,2015
657,7361BRK,BMW,Modelo,2017
658,7546YHD,Toyota,RAV4,2022
659,4628KYL,Renault,Clio,2019
660,1772GVM,Fiat,Modelo,2023
661,6877SHM,Mazda,Modelo,2015
662,3483FTR,Audi,Modelo,2016
663,4430ZXW,Volkswagen,Passat,2014
664,7344YKH,Seat,Ibiza,2023
665,3956MMZ,Fiat,Modelo,2015
666,4298BFZ,Mazda,Modelo,2024
667,5767HFK,Opel,Modelo,2023
668,8554VWF,Fiat,Modelo,2024
669,6110SCL,Peugeot,Modelo,2011
670,5953PFM,Ford,Focus,2010
671,3941BFM,Nissan,Modelo,2018
672,6730PNW,Audi,Modelo,2015
673,8262YKM,BMW,Modelo,2016
674,6435KCF,Renault,Megane,2011
675,9732ZPW,Opel,Modelo,2015
676,6025RFC,Fiat,Modelo,2019
677,1371MFB,Renault,Scenic,2012
678,7068ZDH,Kia,Modelo,2017
679,4702DXD,Honda,Modelo,2024
680,7175JCJ,Honda,Modelo,2015
681,5689GDM,Nissan,Modelo,2011
682,9789HJB,Honda,Modelo,2023
683,9590WYX,Peugeot,Modelo,2013
684,2275TCB,Honda,Modelo,2015
685,2940VSG,BMW,Modelo,2021
686,4466NZK,Kia,Modelo,2018
687,6940RPX,Fiat,Modelo,2010
688,8201LCG,Nissan,Modelo,2015
689,6317HBP,Ford,Fiesta,2014
690,2421VRD,Peugeot,Modelo,2024
691,5926YGK,Seat,Ibiza,2015
692,9226LJM,Peugeot,Modelo,2019
693,6782TXW,Audi,Modelo,2024
694,7998TZZ,Audi,Modelo,2024
695,8034LLJ,Toyota,C-HR,2018
696,7394RBJ,Ford,Mondeo,2021
697,9539DXL,Honda,Modelo,2019
698,5491PCG,Volkswagen,Tiguan,2012
699,2577NFP,BMW,Modelo,2013
700,1838MXM,Fiat,Modelo,2013
701,4464JSF,Fiat,Modelo,2016
702,1100ZWM,Audi,Modelo,2011
703,5585FZK,Hyundai,Modelo,2016
704,7267WNW,BMW,Modelo,2010
705,6718XXR,Volkswagen,Passat,2021
706,3145YVT,Mazda,Modelo,2011
707,9565FRH,Fiat,Modelo,2022
708,6471ZNG,Renault,Scenic,2018
709,1985XWV,Audi,Modelo,2018
710,6422GNJ,Toyota,C-HR,2018
711,2353LVN,Seat,Arona,2023
712,4737BBM,Volkswagen,Polo,2019
713,7990HBY,Honda,Modelo,2020
714,9049NNJ,Honda,Modelo,2017
715,6159SGN,BMW,Modelo,2014
716,8985WXZ,Ford,Kuga,2023
717,8683TGD,Peugeot,Modelo,2019
718,5792SLS,Volkswagen,Golf,2023
719,2664DRJ,Ford,Mondeo,2017
720,2380LGX,Honda,Modelo,2019
721,6686HLK,Nissan,Modelo,2024
722,3630SKW,Opel,Modelo,2015
723,3259DLG,Hyundai,Modelo,2019
724,7751GHP,Peugeot,Modelo,2012
725,9467HDK,Toyota,C-HR,2018
726,9506FWC,Fiat,Modelo,2017
727,5806FGL,BMW,Modelo,2023
728,3932YWS,Hyundai,Modelo,2012
729,9115SPK,Opel,Modelo,2016
730,1490BFP,Audi,Modelo,2019
731,6123WCV,Kia,Modelo,2020
732,5454MJN,Peugeot,Modelo,2016
733,7833NWL,Volkswagen,Polo,2015
734,4589VLB,Ford,Kuga,2020
735,5101YLD,Kia,Modelo,2014
736,5899VSV,Nissan,Modelo,2021
737,4946JCD,Toyota,Yaris,2018
738,8797KPJ,BMW,Modelo,2014
739,8605WBJ,Toyota,C-HR,2018
740,1721NGX,Toyota,Yaris,2010
741,9037HKF,BMW,Modelo,2012
742,5709JMD,Seat,Arona,2013
743,8973MYW,Volkswagen,Tiguan,2020
744,9930GVN,Opel,Modelo,2012
745,2365SJY,Kia,Modelo,2011
746,2819FWY,BMW,Modelo,2024
747,2355WDL,Nissan,Modelo,2017
748,8902ZYK,Volkswagen,Golf,2015
749,7744VNL,Fiat,Modelo,2016
750,3233XCW,Kia,Modelo,2021
751,1886CTN,Mazda,Modelo,2022
752,1474PYG,Kia,Modelo,2012
753,4340JZC,Nissan,Modelo,2014
754,4485WVZ,Nissan,Modelo,2012
755,9610YTC,Kia,Modelo,2010
756,5593KZC,Citroen,Modelo,2024
757,5613ZPN,Seat,Ateca,2013
758,3285XBK,Ford,Focus,2011
759,4605KRJ,Opel,Modelo,2021
760,2361SVG,Opel,Modelo,2020
761,2547MWK,Citroen,Modelo,2014
762,2798PNC,BMW,Modelo,2011
763,2891VMT,Ford,Kuga,2013
764,5755YKX,Mazda,Modelo,2017
765,5813VPY,Kia,Modelo,2023
766,9750MLJ,Fiat,Modelo,2024
767,7588TFB,Kia,Modelo,2015
768,9444FWN,Ford,Kuga,2021
769,2949DXH,BMW,Modelo,2024
770,8152HCL,Audi,Modelo,2013
771,3826VZT,Renault,Captur,2010
772,5102PXS,Toyota,C-HR,2021
773,8317NSR,Peugeot,Modelo,2010
774,7227WDB,Fiat,Modelo,2019
775,4326NXW,Toyota,C-HR,2015
776,3087GBD,Volkswagen,Passat,2017
777,5912BWZ,Mazda,Modelo,2020
778,2796RXW,Renault,Clio,2010
779,3220XLL,Renault,Clio,2020
780,4901YLG,Ford,Kuga,2018
781,7884FHX,Audi,Modelo,2023
782,1671KNC,Ford,Focus,2012
783,3663XVM,Toyota,C-HR,2017
784,1501YRN,Seat,Ibiza,2024
785,2478CKP,Audi,Modelo,2021
786,7030VRD,Fiat,Modelo,2016
787,5362ZSX,Renault,Scenic,2019
788,4272DGL,Honda,Modelo,2020
789,7225DSD,Seat,Leon,2024
790,6544ZPY,Renault,Captur,2016
791,8862TML,Volkswagen,Tiguan,2020
792,8684VKB,Seat,Arona,2023
793,4951FJK,Mazda,Modelo,2011
794,3448WLZ,BMW,Modelo,2023
795,4914ZVS,Mazda,Modelo,2011
796,6683SZY,Opel,Modelo,2019
797,8534DZZ,Audi,Modelo,2020
798,7059JTD,Citroen,Modelo,2017
799,5307YLM,Mazda,Modelo,2015
800,9658BWN,Seat,Arona,2020
801,5685VRC,Volkswagen,Golf,2013
802,8371HLC,Kia,Modelo,2019
803,8865YMX,Ford,Fiesta,2013
804,7051MPJ,Peugeot,Modelo,2023
805,8085YKK,Honda,Modelo,2015
806,8683SMZ,Renault,Clio,2022
807,2037JDF,Ford,Kuga,2021
808,2638KDG,Audi,Modelo,2023
809,3105CFG,Toyota,C-HR,2014
810,6241TFW,Seat,Leon,2010
811,3114DVR,Citroen,Modelo,2012
812,6808MWP,Fiat,Modelo,2022
813,2410PZK,Peugeot,Modelo,2017
814,4749TTV,Fiat,Modelo,2018
815,9189CWZ,Mazda,Modelo,2011
816,9503SYX,Ford,Kuga,2022
817,5915GWM,Honda,Modelo,2011
818,4656KJC,Fiat,Modelo,2020
819,4753LJB,Seat,Ateca,2018
820,5039HTH,Audi,Modelo,2011
821,8975CXK,Fiat,Modelo,2019
822,4215SKS,Mazda,Modelo,2022
823,7891CVM,Volkswagen,Tiguan,2024
824,9318DRB,Seat,Arona,2019
825,7696HGL,Opel,Modelo,2016
826,4235WCP,Fiat,Modelo,2018
827,9914KMV,Kia,Modelo,2019
828,8935RPF,Renault,Captur,2024
829,3507GRV,Volkswagen,Golf,2019
830,5273LBP,Nissan,Modelo,2016
831,2810GPM,Peugeot,Modelo,2011
832,5182CMJ,Honda,Modelo,2020
833,9128NCM,Kia,Modelo,2021
834,8964HVD,Citroen,Modelo,2022
835,3925PZF,BMW,Modelo,2023
836,3461XJT,Renault,Megane,2015
837,7330GJD,Opel,Modelo,2017
838,7233DNR,Peugeot,Modelo,2023
839,2092CXC,Nissan,Modelo,2018
840,6685LKH,BMW,Modelo,2024
841,7394FWR,Audi,Modelo,2023
842,2501WKW,Volkswagen,Golf,2022
843,1116PFR,BMW,Modelo,2023
844,5841HPP,Seat,Ateca,2024
845,9603MFG,Kia,Modelo,2015
846,8764ZJV,Mazda,Modelo,2014
847,2963NPM,Kia,Modelo,2012
848,7972ZCX,Mazda,Modelo,2020
849,6424TJK,Seat,Ateca,2014
850,2861XGF,Volkswagen,Golf,2016
851,9129KLG,Citroen,Modelo,2020
852,6697SZB,Fiat,Modelo,2010
853,4092NTN,BMW,Modelo,2020
854,7790BGL,Ford,Kuga,2023
855,7913KFN,Toyota,Corolla,2014
856,8331HNH,Seat,Leon,2010
857,2686NPG,Citroen,Modelo,2010
858,6270VLH,Fiat,Modelo,2021
859,8784CYK,Peugeot,Modelo,2018
860,5475JGF,Volkswagen,Polo,2013
861,4238BYW,Volkswagen,Polo,2016
862,8428FHV,Citroen,Modelo,2012
863,8782KDH,BMW,Modelo,2021
864,8296CYD,BMW,Modelo,2014
865,4500DNN,Seat,Leon,2016
866,1398XXV,Toyota,RAV4,2022
867,9460XZF,Nissan,Modelo,2021
868,7058XRD,Mazda,Modelo,2013
869,4708RPX,Citroen,Modelo,2011
870,7785TTR,Toyota,RAV4,2012
871,5448TGL,Hyundai,Modelo,2012
872,1619KTB,Peugeot,Modelo,2015
873,3071ZXD,Mazda,Modelo,2018
874,6767BJT,Nissan,Modelo,2024
875,4426STB,Nissan,Modelo,2017
876,7661LJM,Audi,Modelo,2012
877,8388SYK,Nissan,Modelo,2014
878,8176VMY,Toyota,Yaris,2012
879,6784HHY,Renault,Captur,2016
880,6319PRC,Audi,Modelo,2013
881,1343BWZ,Renault,Clio,2024
882,2659DYC,Renault,Scenic,2011
883,1277GPM,Mazda,Modelo,2020
884,2683BCB,Kia,Modelo,2022
885,2597RKH,Hyundai,Modelo,2016
886,4903FNM,Volkswagen,Passat,2016
887,3181YRW,Fiat,Modelo,2022
888,1711NVD,Ford,Focus,2021
889,1251HFZ,Renault,Clio,2021
890,6314PKV,Seat,Ateca,2013
891,6185XWV,BMW,Modelo,2017
892,5705WSR,Ford,Focus,2020
893,7625NYP,Citroen,Modelo,2017
894,9629TFK,Renault,Megane,2020
895,9845FTR,Renault,Megane,2023
896,2758GPT,Hyundai,Modelo,2023
897,2030WCG,Hyundai,Modelo,2021
898,8058CPH,BMW,Modelo,2024
899,8145MGD,Peugeot,Modelo,2015
900,3192FFR,Honda,Modelo,2018
901,3690RJZ,Citroen,Modelo,2017
902,7640ZLS,Mazda,Modelo,2021
903,1595CHZ,Kia,Modelo,2015
904,9303FTR,Mazda,Modelo,2015
905,1022LWR,Hyundai,Modelo,2012
906,6388PMG,Fiat,Modelo,2020
907,7020ZRS,Kia,Modelo,2012
908,7537VZH,Citroen,Modelo,2015
909,9763NLP,Opel,Modelo,2014
910,3125RND,Ford,Focus,2018
911,5139ZPH,Opel,Modelo,2011
912,3707HCT,Nissan,Modelo,2012
913,5772MHR,Kia,Modelo,2022
914,7011CDB,Mazda,Modelo,2012
915,4894VLC,Citroen,Modelo,2022
916,4852BXV,Audi,Modelo,2018
917,6778NKL,Citroen,Modelo,2014
918,7931TWS,Opel,Modelo,2024
919,5754MMM,Renault,Captur,2011
920,9661YHZ,Audi,Modelo,2018
921,5315BHL,Fiat,Modelo,2018
922,3969XMZ,Citroen,Modelo,2017
923,3119VHY,Hyundai,Modelo,2018
924,2464TML,Volkswagen,Passat,2010
925,7386WCF,Opel,Modelo,2012
926,2637YZP,Peugeot,Modelo,2017
927,7983MFG,Renault,Captur,2022
928,8462FVN,Seat,Leon,2010
929,2006PHS,Hyundai,Modelo,2011
930,7825YML,Kia,Modelo,2011
931,9486VWP,Honda,Modelo,2013
932,8490FGP,Mazda,Modelo,2022
933,9819WKP,Hyundai,Modelo,2020
934,2079DGT,Volkswagen,Golf,2020
935,2678DHZ,Kia,Modelo,2021
936,4000FDC,Peugeot,Modelo,2010
937,9814VYM,Mazda,Modelo,2019
938,4563KMN,Peugeot,Modelo,2023
939,8910NJN,Honda,Modelo,2010
940,8990XGY,Renault,Clio,2022
941,5447BZK,Peugeot,Modelo,2022
942,9018XLR,Honda,Modelo,2015
943,2733DSN,Volkswagen,Passat,2013
944,4139WBH,Honda,Modelo,2018
945,9162XMJ,Kia,Modelo,2011
946,5215GPC,Nissan,Modelo,2024
947,3364NDG,Citroen,Modelo,2016
948,9993DTV,Audi,Modelo,2023
949,4745JFK,Hyundai,Modelo,2015
950,9193FFT,Seat,Ibiza,2022
951,5222WLZ,Toyota,Yaris,2022
952,7530SZX,Seat,Ateca,2010
953,5072XMZ,Audi,Modelo,2010
954,3773SBX,Mazda,Modelo,2019
955,7567MLV,Citroen,Modelo,2017
956,4570RBX,Mazda,Modelo,2011
957,9591NCR,Volkswagen,Tiguan,2016
958,3370VWP,Audi,Modelo,2016
959,8038ZNZ,Seat,Arona,2012
960,9956PZS,Kia,Modelo,2012
961,8714WXW,Ford,Mondeo,2023
962,5787FDL,Hyundai,Modelo,2024
963,9622RGT,Peugeot,Modelo,2013
964,2060NLV,BMW,Modelo,2020
965,6058MSW,Citroen,Modelo,2017
966,3397HTR,Volkswagen,Golf,2021
967,7390LLV,Nissan,Modelo,2017
968,8950NVK,Mazda,Modelo,2019
969,6221RVD,Volkswagen,Polo,2014
970,6919CKZ,Opel,Modelo,2012
971,3836CFR,Seat,Ateca,2013
972,8118XDW,Kia,Modelo,2014
973,3426HGC,Fiat,Modelo,2014
974,4507LST,Seat,Ateca,2012
975,7362LGS,Audi,Modelo,2014
976,3800BDN,Audi,Modelo,2011
977,1700NPR,Mazda,Modelo,2024
978,9734YCN,Volkswagen,Passat,2011
979,2792MRD,Opel,Modelo,2024
980,1841MDC,Nissan,Modelo,2022
981,5642RFH,Honda,Modelo,2012
982,4965RBD,Seat,Ateca,2023
983,8735MLP,Renault,Megane,2022
984,8974KHR,Audi,Modelo,2023
985,3155PXY,Fiat,Modelo,2019
986,4013YVW,Toyota,C-HR,2016
987,9188PLV,BMW,Modelo,2020
988,8287DLB,Mazda,Modelo,2010
989,5823SMC,Kia,Modelo,2018
990,9356FNP,Renault,Scenic,2021
991,5407ZHP,Mazda,Modelo,2021
992,5578FNV,Peugeot,Modelo,2021
993,1059GFG,Peugeot,Modelo,2021
994,5108YHC,BMW,Modelo,2014
995,6210TPF,BMW,Modelo,2021
996,2539ZSF,Volkswagen,Polo,2018
997,2744CGF,Citroen,Modelo,2022
998,3309NMG,BMW,Modelo,2023
999,5206XNG,Hyundai,Modelo,2023
1000,9868RRB,Ford,Fiesta,2011
