Nombre,Apellido,id,nif,nombre,tipo_persona
María,Méndez,1,75070427Z,Jorge Vargas González,FISICA
Roberto,Gómez,2,82434272H,Ana Silva Castro,FISICA
Amparo,Méndez,3,67193116L,Luis López Castro,FISICA
Sofía,Marín,4,25407914K,Jan Martínez Gómez,FISICA
Antonio,Pereira,5,13515497F,Patricia Torres Martínez,FISICA
Sergio,Sanz,6,87015034P,Laura Vargas Vargas,FISICA
Jorge Carmen,Medina,7,76807485C,Diego Gómez Sánchez,FISICA
Francisco,Moreno,8,39251651N,Fernando Fernández López,FISICA
Isabel,García,9,94396965C,Valentina Fernández Pereira,FISICA
Pedro,Castillo,10,63546922S,Jan Gómez Sánchez,FISICA
Jan,Pereira,11,75148396J,Fernando Martínez Torres,FISICA
Víctor,Torres,12,51991424Q,Sofía Rodríguez García,FISICA
Alejandro Antonio,Domínguez,13,95807150Y,Juan Torres García,FISICA
Óscar,Álvarez,14,20796799S,Jan Pérez Martínez,FISICA
Rubén,Molina,15,27245992P,Jorge González Rodríguez,FISICA
Alejandro,Martínez,16,76739100Z,Luis Pereira Gómez,FISICA
Raúl,Iglesias,17,66829463L,María López García,FISICA
Teresa,Rubio,18,83883231T,Laura López García,FISICA
Luis,Rodríguez,19,26497730M,Miguel Sánchez Silva,FISICA
Marta,Alonso,20,84381261B,Juan Silva Gómez,FISICA
Roberto,Sánchez,21,63296647A,Miguel Castro García,FISICA
Beatriz,Nuñez,22,79805119H,Valentina González Gómez,FISICA
Pedro,Vázquez,23,96555866A,Elena González Pérez,FISICA
Jan,Pereira,24,58146102D,Carlos Silva Pereira,FISICA
Amparo,Medina,25,10203547B,Sofía Torres López,FISICA
Jan,Pereira,26,69985697D,Fernando López López,FISICA
Pedro,Molina,27,58844776N,María Castro Castro,FISICA
Raúl,Castillo,28,22461252G,Ana Martínez Castro,FISICA
Amparo,Navarro,29,99195836X,Antonio Torres Sánchez,FISICA
Marta,Fernández,30,45824767G,Diego Gómez Gómez,FISICA
Carlos,Navarro,31,87280778X,Patricia García Pereira,FISICA
Luis,Díaz,32,87665927R,Patricia Martínez Gómez,FISICA
Antonio,Pereira,33,51066382B,Roberto Gómez Torres,FISICA
Silvia,Suárez,34,58679359B,Carmen Pérez Fernández,FISICA
Silvia,Molina,35,78588025S,Ana Rodríguez Pérez,FISICA
Diego Francisco,Méndez,36,69676508D,Elena Rodríguez Pereira,FISICA
Fernando,Méndez,37,60416721E,Carmen Pereira Pereira,FISICA
Jan,Pereira,38,23832786W,Fernando Martínez González,FISICA
Diego,Ortega,39,37953167Q,Sofía Rodríguez Sánchez,FISICA
Víctor,Fernández,40,94437297X,Roberto Sánchez Pérez,FISICA
Valentina,Nuñez,41,79153439C,Ana Silva Pérez,FISICA
Amparo,Serrano,42,10559298K,Valentina Fernández Gómez,FISICA
Alejandro,Ramos,43,83163037M,Ana García Torres,FISICA
Beatriz,Delgado,44,94123869A,Pedro López García,FISICA
Gloria,García,45,64142274N,Miguel Torres Vargas,FISICA
Jan,Pereira,46,77931887K,Carmen Martínez Pereira,FISICA
Víctor,Romero,47,56500086B,Ana Sánchez Rodríguez,FISICA
Rosa,Pérez,48,20822189J,Carmen González López,FISICA
Pedro,Molina,49,21679101Z,Pedro Vargas González,FISICA
Rubén Carmen,Álvarez,50,45692688Z,Laura Fernández Castro,FISICA
Víctor,Ruiz,51,64345995E,Pedro González Vargas,FISICA
Miguel,Nuñez,52,83886277X,Valentina González López,FISICA
Raúl,Ortega,53,92002910N,Carlos Fernández Sánchez,FISICA
Valentina,Vázquez,54,26151536F,Miguel Sánchez Martínez,FISICA
Daniel,Silva,55,90854322K,Laura Pereira Fernández,FISICA
Juan,Sanz,56,49815761S,Jan García Castro,FISICA
María,Pérez,57,44129830Y,Carlos Martínez Rodríguez,FISICA
José,Gutiérrez,58,40599461E,Ana García Martínez,FISICA
Patricia,Rubio,59,22875785P,Valentina Gómez Vargas,FISICA
Sofía,Lozano,60,31457562W,Laura Silva Vargas,FISICA
Luis,Pereira,61,34383165M,Sofía Castro Martínez,FISICA
Diego,Gómez,62,60743725N,Roberto García Fernández,FISICA
Gloria,Jiménez,63,75016663R,Pedro Rodríguez Gómez,FISICA
Óscar,Serrano,64,25261998V,Carmen Pereira Silva,FISICA
Daniel,Pereira,65,21228375L,Miguel Castro Torres,FISICA
Jorge,Cortés,66,10183428V,Miguel Martínez Torres,FISICA
Enrique,Medina,67,11711971A,Juan López González,FISICA
Raquel,Blanco,68,21025370N,Diego Pereira Martínez,FISICA
Jan,Pereira,69,12976264D,Roberto Silva Pereira,FISICA
Gloria Francisco,Marín,70,45975341C,Sofía Silva Silva,FISICA
Juan José,Pereira,71,37095037Q,Fernando García Martínez,FISICA
Roberto,López,72,72194698K,Patricia Rodríguez Gómez,FISICA
Rosa,López,73,78216185Q,Carlos López Pérez,FISICA
Isabel,Garrido,74,46465858Q,Valentina Fernández Pereira,FISICA
Daniel,Gómez,75,40524319K,Elena Pereira Castro,FISICA
Alberto,Rubio,76,93435520K,Pedro Pérez Pérez,FISICA
Jan,Morales,77,37444085Q,Ana Vargas Pérez,FISICA
Jorge,Sánchez,78,14184528Z,Juan Fernández Pereira,FISICA
Mónica Carlos,Serrano,79,96529384V,Isabel González Castro,FISICA
Rubén,Fernández,80,20252339B,Sofía Torres Pérez,FISICA
Silvia,Sánchez,81,25162505E,Luis Torres Fernández,FISICA
Rubén Carlos,Sánchez,82,71339662X,Ana Pereira Martínez,FISICA
Jorge,Castro,83,76938484B,Patricia Vargas Sánchez,FISICA
Mónica,Ruiz,84,60800284Z,Carlos Pérez Fernández,FISICA
Patricia,López,85,48968594F,Isabel Fernández González,FISICA
Gloria,Sánchez,86,61420631M,Luis García Pérez,FISICA
Daniel Rosa,García,87,49056354E,Carlos Fernández Pérez,FISICA
Jan,Pereira,88,72535747A,Elena Fernández Pereira,FISICA
Pilar,Morales,89,10205552S,Roberto Silva Silva,FISICA
Cristina,Fernández,90,13805775W,Luis Fernández Fernández,FISICA
Juan,Ramos,91,10096592Y,Ana Torres Rodríguez,FISICA
Jan,Vargas,92,88141602J,Valentina García Castro,FISICA
Mónica,Castillo,93,84071580W,Antonio Rodríguez González,FISICA
Juan José,Pereira,94,46894446E,Ana Pereira Castro,FISICA
Pilar,Martín,95,14952761R,Diego Silva Pereira,FISICA
Elena,Fernández,96,91584225L,Roberto Sánchez Sánchez,FISICA
Daniel,Fernández,97,63879287F,Juan Martínez Vargas,FISICA
Ana,Fernández,98,45427055P,Fernando Rodríguez García,FISICA
Sergio,Delgado,99,55342155S,Patricia López Vargas,FISICA
Jan,Pereira,100,24075675B,Luis Martínez Sánchez,FISICA
Jan,Pereira,101,14882141Z,Jorge Silva Castro,FISICA
Patricia Miguel,Pérez,102,28897713F,Jan González Castro,FISICA
Alberto,Muñoz,103,71455293C,Carlos Pereira Castro,FISICA
Carlos,Iglesias,104,33402151X,Pedro Torres Pereira,FISICA
Enrique Javier,Rubio,105,74943204G,Luis Martínez Gómez,FISICA
Fernando,Díaz,106,50057672N,Valentina Sánchez Rodríguez,FISICA
Javier,Muñoz,107,25477678A,Elena López Torres,FISICA
Jan,Pereira,108,11332044J,Patricia Pereira Silva,FISICA
Jan,Pereira,109,62455667H,Sofía Sánchez López,FISICA
Luis,García,110,62693320N,Isabel Fernández Vargas,FISICA
Alberto,Sánchez,111,93593447F,Carlos García Sánchez,FISICA
Jan,Pereira,112,80981117A,Jorge Fernández Vargas,FISICA
Manuel Antonio,Muñoz,113,46526920J,Luis Fernández García,FISICA
Pedro,Blanco,114,24394516A,Elena Pereira González,FISICA
Nuria,Gutiérrez,115,71467047K,Valentina Fernández Silva,FISICA
José,Medina,116,53845404N,Antonio Castro Sánchez,FISICA
Juan José,Pereira,117,43091500B,Isabel Fernández García,FISICA
Jan,Pereira,118,93087335X,Carmen Pérez Pereira,FISICA
Jan,Pereira,119,40895287E,Pedro Pereira Gómez,FISICA
Miguel Carmen,Ortiz,120,42269983P,Isabel Pérez Pérez,FISICA
Antonio,Sanz,121,93255614K,Jorge Martínez Torres,FISICA
Rosa,Díaz,122,97049534E,María González Martínez,FISICA
Fernando,Ortega,123,70253147S,María Pérez Fernández,FISICA
Ana,Martínez,124,56496672R,Ana Rodríguez González,FISICA
Isabel,Rodríguez,125,13436592S,Ana Castro Torres,FISICA
Marta Manuel,Nuñez,126,91552415H,María Castro Castro,FISICA
Pedro,Méndez,127,34922629G,Laura Castro Pereira,FISICA
Nuria,Serrano,128,86987951L,Antonio Pereira Rodríguez,FISICA
Laura,López,129,44452995K,Elena López Pérez,FISICA
Pablo,Martín,130,79086157J,Juan Fernández Fernández,FISICA
Juan José,Pereira,131,48827219J,Carlos Silva Vargas,FISICA
Mónica,Gómez,132,32375778N,Juan Pereira Silva,FISICA
Teresa Ana,Rodríguez,133,60258674P,Laura Pérez Gómez,FISICA
Antonio,Pereira,134,43482153D,Juan Torres Silva,FISICA
Juan José,Pereira,135,94006583V,Pedro Sánchez Vargas,FISICA
Francisco,Iglesias,136,42998121N,Diego Gómez Gómez,FISICA
Patricia,Jiménez,137,31414469B,Miguel Castro López,FISICA
José,Ruiz,138,62110314X,Antonio Silva Martínez,FISICA
María,Ruiz,139,66972388E,Sofía López Martínez,FISICA
Rosa,Vargas,140,77389661C,Jorge Silva Pereira,FISICA
José,Garrido,141,12031231T,Luis López Pereira,FISICA
José,Muñoz,142,16393669M,Elena Martínez Fernández,FISICA
Jan,Castillo,143,71240180A,Jorge Castro López,FISICA
Carlos Rosa,Morales,144,28286829A,Laura García López,FISICA
Beatriz,Domínguez,145,85503863Y,Jorge Vargas Castro,FISICA
Jan,Pereira,146,10845781Q,Valentina González Torres,FISICA
Enrique,Hernández,147,21051575C,Laura Silva Silva,FISICA
Isabel,López,148,76455463J,Valentina González García,FISICA
Isabel,Domínguez,149,64871056Q,Elena Pereira García,FISICA
Cristina,Santos,150,65028715X,Isabel Torres Pereira,FISICA
Daniel,Torres,151,95024769Q,Elena Vargas Vargas,FISICA
Laura,Álvarez,152,64593772C,Isabel Castro Fernández,FISICA
Juan José,Pereira,153,93281306E,Roberto Vargas Fernández,FISICA
Mónica Carlos,Lozano,154,93882831M,Jan Silva Pérez,FISICA
Jan,Pereira,155,15994128C,María López López,FISICA
Laura,Ramos,156,87580789D,Juan González Fernández,FISICA
Jorge,Álvarez,157,12293598Y,Ana Pereira García,FISICA
Juan José,Pereira,158,51582400R,Laura Pérez Torres,FISICA
Daniel,Santos,159,86274628H,Patricia Sánchez Silva,FISICA
Eva,Méndez,160,63517592X,Elena Torres Rodríguez,FISICA
Antonio,Pereira,161,27690604F,María González Rodríguez,FISICA
Enrique Carlos,Iglesias,162,80390415X,Ana Rodríguez Vargas,FISICA
Laura,Lozano,163,47072575Q,Antonio González Pérez,FISICA
Sergio,Gutiérrez,164,92904218L,María Pereira Fernández,FISICA
Javier,Gil,165,25260743G,Fernando López Castro,FISICA
Gloria,Gómez,166,25962810L,Elena López Gómez,FISICA
Enrique,Ramos,167,53308635V,Juan Vargas González,FISICA
Carmen,Iglesias,168,33936727C,Antonio Torres Sánchez,FISICA
Cristina,Ortiz,169,40335371H,Carmen Castro García,FISICA
Lucía,Alonso,170,14527726Y,Antonio González Rodríguez,FISICA
Jan,Pereira,171,39864610K,Elena Martínez Castro,FISICA
Javier,Molina,172,15227141Z,Fernando Gómez Pereira,FISICA
Amparo,Díaz,173,42466047C,Isabel Gómez García,FISICA
Jan,Vargas,174,69354249A,Elena Torres Sánchez,FISICA
Enrique,Martínez,175,46720353Q,Juan Castro Gómez,FISICA
Enrique,Nuñez,176,79855032K,Pedro García Silva,FISICA
Sofía,Pereira,177,20332392R,Pedro Pérez González,FISICA
Lucía,Moreno,178,55834020W,Laura Pérez Pereira,FISICA
Valentina,González,179,72528692D,Carmen González Pereira,FISICA
Rafael Javier,Silva,180,37121887W,Fernando Silva Rodríguez,FISICA
Juan José,Pereira,181,12734886Q,Carlos González Pereira,FISICA
Pablo,Ramos,182,80217876V,Elena García García,FISICA
Patricia,Martín,183,16421476M,Juan Pérez García,FISICA
Juan,Pereira,184,48718078F,Miguel Pereira Castro,FISICA
Miguel,Silva,185,68346507Y,Isabel Vargas Rodríguez,FISICA
Juan José,Pereira,186,41135623P,Roberto López Martínez,FISICA
Ana,Ortiz,187,76560351K,Jan Gómez López,FISICA
Laura,Molina,188,43700394A,Laura García Castro,FISICA
Beatriz María,Delgado,189,14103202Q,Sofía Gómez Pereira,FISICA
Óscar,Navarro,190,50176365W,María Pereira Torres,FISICA
Andrés,Iglesias,191,24157682T,Jorge Martínez Torres,FISICA
Sergio,Serrano,192,19374688V,Ana González Pereira,FISICA
Gloria,Blanco,193,23304138D,Fernando Martínez Fernández,FISICA
Antonio,Pereira,194,85600661C,Jorge Rodríguez Fernández,FISICA
Víctor,Muñoz,195,71609605W,Luis Gómez Castro,FISICA
Juan José,Pereira,196,63219136W,Elena Rodríguez Vargas,FISICA
Pilar,Nuñez,197,93719136R,Pedro Silva López,FISICA
Andrés,López,198,38528127E,Ana Torres Pereira,FISICA
Patricia,Romero,199,48977612D,Carlos Martínez Gómez,FISICA
Daniel,Martínez,200,71303410Y,Carlos Martínez Fernández,FISICA
Roberto Miguel,Castillo,201,11499918X,Roberto Castro García,FISICA
Elena,López,202,78869044C,Luis Pereira Pereira,FISICA
Rosa,Castro,203,44384040C,Diego Torres Gómez,FISICA
Ana,Díaz,204,45454072T,Antonio Silva Castro,FISICA
Juan José,Pereira,205,12190600W,Roberto González Vargas,FISICA
Antonio,Pereira,206,68205641S,Miguel Gómez Fernández,FISICA
Víctor,Rubio,207,95482649N,María Rodríguez García,FISICA
Juan José,Pereira,208,87560876Z,Jorge González González,FISICA
Antonio,Pereira,209,37349743C,Valentina García Fernández,FISICA
Eva,Castro,210,41883061S,Ana Pereira Vargas,FISICA
Roberto,Suárez,211,32662940L,Jorge García Torres,FISICA
Jan,Pereira,212,28152961H,Juan García Fernández,FISICA
Rosa María,Santos,213,87856018C,Miguel Fernández Rodríguez,FISICA
Rubén,Jiménez,214,45562931T,Carlos González Vargas,FISICA
Diego,Iglesias,215,92115051M,Juan Sánchez Silva,FISICA
Cristina,Marín,216,63470489B,Elena Castro González,FISICA
María,Martínez,217,14317177E,Antonio González Castro,FISICA
Diego,Molina,218,28602782M,Jan Vargas González,FISICA
Fernando,Ramos,219,47469107M,Elena Martínez Silva,FISICA
Juan José,Pereira,220,90626537M,Roberto Sánchez García,FISICA
Juan José,Pereira,221,38379981L,Carlos Rodríguez Pereira,FISICA
Francisco,Álvarez,222,80526783B,Isabel Castro Gómez,FISICA
Rafael,González,223,62593811R,Ana Martínez Pereira,FISICA
Ana,Domínguez,224,96170318G,Juan Castro Pereira,FISICA
Luis,Silva,225,21487867W,Jan Gómez Torres,FISICA
Carlos,Pereira,226,99654545F,Miguel Silva Pereira,FISICA
Jan,Pereira,227,75658285S,Jan Castro Vargas,FISICA
Jan,Pereira,228,32277615J,Jorge García González,FISICA
Laura,Rubio,229,39557391J,Fernando Sánchez García,FISICA
Beatriz,Castillo,230,36883211C,Roberto Castro Vargas,FISICA
Juan José,Pereira,231,44273726Z,Roberto López López,FISICA
Eva,Cortés,232,12009557S,Antonio Castro Silva,FISICA
Pedro Luis,Sánchez,233,46312941A,Antonio García Rodríguez,FISICA
Lucía,Rubio,234,64580104Z,Roberto Pereira García,FISICA
Alejandro,Gil,235,42848336A,Carlos Gómez Torres,FISICA
Jorge,López,236,14430909L,Laura Martínez Martínez,FISICA
Raúl,Muñoz,237,98519494Y,Jorge Castro Fernández,FISICA
Marta Luis,Santos,238,40557442R,Antonio González Martínez,FISICA
Laura,Vargas,239,81863996G,Sofía González García,FISICA
Antonio,Pereira,240,46659426Q,Jorge Castro López,FISICA
Mónica,Garrido,241,50094686L,Luis Castro Pérez,FISICA
Sergio,Medina,242,64219464Z,Patricia Pérez Rodríguez,FISICA
Francisco,Suárez,243,60928940P,Ana Fernández Vargas,FISICA
Teresa María,Molina,244,49851282R,Miguel Rodríguez Sánchez,FISICA
Mónica,Ruiz,245,53668146S,Isabel Silva Fernández,FISICA
Silvia,Romero,246,66995832Y,Ana Pereira Pérez,FISICA
Daniel,Silva,247,67139002R,Carlos González Torres,FISICA
Mónica,Lozano,248,36024817D,Sofía Fernández Sánchez,FISICA
Javier,Muñoz,249,17490679F,Fernando García Gómez,FISICA
Sofía,Romero,250,53851619V,Laura Sánchez Fernández,FISICA
Patricia,Pereira,251,69325672S,Sofía López Rodríguez,FISICA
Inés,Garrido,252,74752615Q,Laura Fernández Gómez,FISICA
María,Suárez,253,14352809G,Diego Martínez Pereira,FISICA
Carmen,Suárez,254,74844897E,Fernando Rodríguez Torres,FISICA
Jan,Pereira,255,63556802M,Jan Rodríguez Sánchez,FISICA
Óscar,Castillo,256,87424024N,Juan Martínez Rodríguez,FISICA
Gloria,García,257,76022229F,Isabel Rodríguez López,FISICA
Jorge,Martínez,258,21544537T,Diego Gómez González,FISICA
Antonio,Pereira,259,88984459N,Roberto Silva Fernández,FISICA
Patricia,Castillo,260,75310612X,Laura López Silva,FISICA
Nuria,Suárez,261,38134146P,Ana González Castro,FISICA
María,Martínez,262,57004354G,María López Martínez,FISICA
Cristina,Castillo,263,90854874K,Carlos Pérez Sánchez,FISICA
Enrique,Marín,264,36772819M,Sofía Sánchez López,FISICA
Jan,Pereira,265,54552023W,María López Martínez,FISICA
Eva,Ortiz,266,82493814J,Carmen Martínez Martínez,FISICA
Antonio,Pereira,267,56602215C,Patricia Pereira Rodríguez,FISICA
Fernando,Moreno,268,50123214G,Sofía Vargas Martínez,FISICA
Jorge Carlos,Pérez,269,73736417G,Ana Torres Vargas,FISICA
Víctor,Castillo,270,58208995C,Antonio Castro Fernández,FISICA
Elena,Méndez,271,27682263S,Jan Pereira López,FISICA
Juan José,Pereira,272,99686296H,Elena Pereira Fernández,FISICA
Raquel,Sanz,273,42298110Y,Antonio Vargas Castro,FISICA
Miguel,Hernández,274,78165755W,Juan Fernández García,FISICA
Teresa,Ruiz,275,95833284N,Carmen Rodríguez Torres,FISICA
Nuria,Castro,276,13523910W,Jorge Torres Torres,FISICA
Carlos José,Ortiz,277,22093772H,Luis Fernández García,FISICA
Diego,Nuñez,278,91953026S,Jan López Castro,FISICA
Pilar,Sánchez,279,51619080L,Jorge López Vargas,FISICA
Alberto,Alonso,280,22516707Y,Jan González Pérez,FISICA
Andrés,Torres,281,31119079X,Laura Vargas Pérez,FISICA
Ana,Álvarez,282,53294971S,Antonio Torres López,FISICA
Rafael,Pérez,283,66881482N,Jorge Silva Pereira,FISICA
Cristina,Suárez,284,26909331K,Valentina Vargas Castro,FISICA
Raúl María,Fernández,285,69741625J,Luis Vargas Rodríguez,FISICA
José,Rubio,286,57723278V,Jorge Silva Torres,FISICA
Sofía,Muñoz,287,51234292K,Diego López Gómez,FISICA
Víctor Miguel,Sanz,288,42885121B,Sofía Rodríguez Vargas,FISICA
Inés,Moreno,289,13701655A,Miguel Martínez Pereira,FISICA
Alejandro,Blanco,290,76216800K,Pedro Pereira Fernández,FISICA
Antonio,Pereira,291,30063303A,Patricia Martínez Fernández,FISICA
Lucía,Rubio,292,43632935A,Isabel Castro Fernández,FISICA
Inés,Méndez,293,60652287E,María Gómez Sánchez,FISICA
Víctor Francisco,Nuñez,294,58145505X,Miguel Martínez Rodríguez,FISICA
Enrique,Martínez,295,29897293F,Jan Castro García,FISICA
Carmen,Ortiz,296,56690049V,Miguel Sánchez González,FISICA
Juan Miguel,Blanco,297,44858987V,Juan Gómez Torres,FISICA
Rafael,Alonso,298,21919993G,Laura Gómez Castro,FISICA
Antonio Carmen,Alonso,299,36275155S,Carlos García Vargas,FISICA
Beatriz,López,300,70455184C,Roberto Gómez López,FISICA
Fernando,Vargas,301,13313093A,Pedro Rodríguez Torres,FISICA
Dolores,Garrido,302,78224926V,Valentina Sánchez Sánchez,FISICA
Jan,Pereira,303,14835444F,Laura Castro Castro,FISICA
Roberto María,Martín,304,15032386T,Pedro Gómez Martínez,FISICA
Valentina,López,305,66450255N,Isabel Silva Martínez,FISICA
Jan Luis,Sanz,306,55921907Y,Sofía Castro Castro,FISICA
Alberto,Alonso,307,80262064E,Luis García Martínez,FISICA
Jan,Pereira,308,15700250J,Valentina Torres Martínez,FISICA
Cristina,Romero,309,47055790K,Sofía Torres Pérez,FISICA
Antonio,Pereira,310,40596740S,Diego Pereira Rodríguez,FISICA
Carlos Miguel,Méndez,311,71876829N,María Martínez Rodríguez,FISICA
Fernando,González,312,34881207M,Luis Castro Vargas,FISICA
Amparo Rosa,Rubio,313,54407673T,Pedro Vargas Vargas,FISICA
María,Pereira,314,47720478D,Antonio Torres Vargas,FISICA
Isabel,Rubio,315,13357309J,Elena Pereira Rodríguez,FISICA
Víctor Manuel,Morales,316,89123121F,Luis González Gómez,FISICA
Andrés,Romero,317,58763653X,Luis Pérez González,FISICA
Dolores,Serrano,318,98289314X,María Pereira Silva,FISICA
Pilar,Martínez,319,39508109C,Juan Silva Gómez,FISICA
Jan,Pereira,320,90023968J,Valentina García García,FISICA
Miguel,Jiménez,321,49577949T,Laura Castro García,FISICA
Pablo,Suárez,322,45628219Z,Elena González Martínez,FISICA
Cristina,Pereira,323,77455605T,Juan Gómez Gómez,FISICA
Beatriz,Martínez,324,36181965K,Carmen Martínez Castro,FISICA
Javier,Pérez,325,78013516T,Antonio Sánchez Fernández,FISICA
Cristina,Ortega,326,18722039Q,Sofía Pérez García,FISICA
Jan,Pereira,327,20593647E,Sofía Vargas Fernández,FISICA
Beatriz,Ramírez,328,64579039F,Isabel Pereira Rodríguez,FISICA
Raquel Carlos,Iglesias,329,84728511F,Elena Rodríguez Silva,FISICA
Raúl,Blanco,330,48306262Y,Luis Sánchez Rodríguez,FISICA
Antonio,Pereira,331,31017341R,Pedro Pérez Sánchez,FISICA
Antonio,Blanco,332,93168174G,Ana Rodríguez Fernández,FISICA
Pilar,Pérez,333,31729721W,Jan Pereira Sánchez,FISICA
Raúl Javier,Muñoz,334,19327070D,Antonio Torres Pérez,FISICA
Lucía,Ortiz,335,61783850P,Isabel Silva García,FISICA
Francisco Antonio,Moreno,336,27140234G,Juan González Fernández,FISICA
Laura,Molina,337,83715685D,Miguel Silva Gómez,FISICA
Silvia,Martín,338,27307348T,Isabel Martínez Pereira,FISICA
Juan José,Pereira,339,95252011H,Luis Rodríguez Rodríguez,FISICA
Jan,Pereira,340,30332689J,Carmen Silva Torres,FISICA
Rafael,Muñoz,341,96050915V,Diego Vargas Pérez,FISICA
Valentina,Ramos,342,47691894Z,María García Pérez,FISICA
Óscar,Ortega,343,22022095D,Juan Pérez Sánchez,FISICA
Diego,López,344,26799567J,Miguel López Pérez,FISICA
Jan,Ramírez,345,19523591H,Luis Pérez Gómez,FISICA
Jan,Ortega,346,76720393Y,Miguel García Fernández,FISICA
Juan,Alonso,347,16692367W,Isabel Gómez Torres,FISICA
Juan José,Pereira,348,45207195M,María Gómez Pereira,FISICA
Pilar,Martín,349,47400938P,Fernando Sánchez Sánchez,FISICA
Rafael,Domínguez,350,89288135L,Patricia Castro Rodríguez,FISICA
Víctor,Castro,351,51150756K,Valentina Pereira Sánchez,FISICA
Jan,Pereira,352,44590766E,María Rodríguez Castro,FISICA
Patricia,Rubio,353,47810522P,María Martínez Torres,FISICA
Jan,Pereira,354,23603827P,Laura Pereira Pérez,FISICA
Eva Juan,Cortés,355,93715162Y,Pedro Castro Gómez,FISICA
Alejandro,Ramos,356,40464868W,Miguel Torres Martínez,FISICA
Jan,Pereira,357,34017648G,Fernando Gómez Vargas,FISICA
Pilar,Rodríguez,358,80692526Q,Sofía Sánchez Pérez,FISICA
Dolores Carlos,Sánchez,359,69716121Q,Pedro Pérez Pérez,FISICA
Andrés,Sánchez,360,38804812V,Carlos López Martínez,FISICA
Beatriz,García,361,17974334H,Fernando Fernández Fernández,FISICA
Francisco,Medina,362,68209378A,Roberto Vargas Castro,FISICA
Luis,Morales,363,94923356X,Jan Pérez Silva,FISICA
Jan,Pereira,364,27696804C,Patricia Gómez Pérez,FISICA
Antonio,Pereira,365,55863654N,Jorge Castro Torres,FISICA
Rosa Rosa,Santos,366,41899340X,Ana Pereira González,FISICA
Alejandro,Navarro,367,35175981B,Elena López Vargas,FISICA
Víctor,Suárez,368,61880844B,Valentina Martínez Pereira,FISICA
Jan,Pereira,369,72645581N,Antonio Sánchez Gómez,FISICA
Raúl María,Alonso,370,57315263E,Carmen Fernández Pérez,FISICA
Antonio,Pereira,371,48540921L,Ana Rodríguez Pérez,FISICA
Miguel,Pereira,372,99456481L,Luis Pereira Fernández,FISICA
Miguel,Blanco,373,68085432G,Roberto Silva Pereira,FISICA
Lucía,González,374,80352633V,Ana Sánchez Pereira,FISICA
Jan José,Alonso,375,79452678Y,Sofía Martínez González,FISICA
Mónica,Martín,376,90305276P,Sofía Torres Fernández,FISICA
Francisco,Rubio,377,84136832A,Miguel Rodríguez Pérez,FISICA
Carmen,Jiménez,378,75738881L,Laura Vargas García,FISICA
Inés,Ramos,379,17618645R,Laura Martínez García,FISICA
Patricia,Suárez,380,33313850Y,Isabel González Vargas,FISICA
Valentina,Moreno,381,29983838A,Isabel García Fernández,FISICA
Fernando,Molina,382,76945007W,Ana Sánchez González,FISICA
Juan,Molina,383,68984371B,Pedro Castro Pereira,FISICA
Jan,Pereira,384,69073054Y,Sofía Fernández Sánchez,FISICA
Andrés,Domínguez,385,25677989F,Elena Fernández Silva,FISICA
Lucía,Nuñez,386,26673823X,Luis López Sánchez,FISICA
Pablo,Álvarez,387,86417135V,Antonio Rodríguez Torres,FISICA
Lucía,Hernández,388,83592601K,Miguel Rodríguez Rodríguez,FISICA
Rafael,Sánchez,389,12176294W,Diego Pérez Rodríguez,FISICA
Antonio,Pereira,390,54652495X,Jorge Castro Pereira,FISICA
Pablo,Alonso,391,49154330H,Carmen González Rodríguez,FISICA
Enrique Miguel,Romero,392,56958694E,Ana Torres Rodríguez,FISICA
Amparo Ana,Méndez,393,82316439Z,Jorge Fernández Pérez,FISICA
Juan José,Pereira,394,83531592P,Miguel Torres Gómez,FISICA
Antonio,Silva,395,30591591G,Laura Pérez González,FISICA
Óscar,Domínguez,396,11147534D,Fernando García López,FISICA
Jorge,Iglesias,397,88009959E,Carlos Castro López,FISICA
Víctor,Lozano,398,20417174M,Elena García Pereira,FISICA
Amparo,Gómez,399,37727776W,Luis Silva Sánchez,FISICA
Raúl,Medina,400,42292596N,Elena González Pérez,FISICA
Jan,Pereira,401,73955165E,Carmen Pérez Castro,FISICA
Rubén,Gómez,402,48025109M,Valentina Pérez González,FISICA
Antonio Carlos,Méndez,403,83119678R,Juan Fernández Gómez,FISICA
Jorge,Gómez,404,16312344P,Luis Sánchez Sánchez,FISICA
Teresa,Delgado,405,12169676P,Antonio Silva Pereira,FISICA
Isabel,Jiménez,406,81611157G,Ana Pereira Torres,FISICA
Rafael,Alonso,407,50340231Q,Luis Gómez Torres,FISICA
Rosa,Pérez,408,82329326K,Jan Martínez Sánchez,FISICA
Juan José,Pereira,409,84587067J,Jorge Pérez González,FISICA
Jan,Pereira,410,14178980D,Elena Fernández Sánchez,FISICA
Jan,Pereira,411,85220905V,Carmen Castro Fernández,FISICA
Jan,Gil,412,70045646C,Patricia Silva Martínez,FISICA
Daniel Antonio,Molina,413,11993176X,Valentina Gómez Fernández,FISICA
Eva,Santos,414,59609725G,Patricia Castro Castro,FISICA
Alejandro,Nuñez,415,10738279Q,Carlos Pereira Vargas,FISICA
Miguel,Santos,416,96205514X,Laura González García,FISICA
María,Iglesias,417,36706328F,Carmen Rodríguez Silva,FISICA
Gloria,Navarro,418,50538876X,Roberto González López,FISICA
Antonio,Pereira,419,83664143X,Isabel Sánchez Pérez,FISICA
Beatriz Carmen,Gutiérrez,420,63135221Z,Miguel Gómez Fernández,FISICA
Laura,Gómez,421,61074868R,Jorge Vargas Silva,FISICA
Carlos Luis,Suárez,422,99403173W,Isabel Sánchez González,FISICA
Patricia Pedro,Gómez,423,22228812W,Diego Pereira Pérez,FISICA
Teresa,Garrido,424,72645815Q,Roberto Rodríguez Vargas,FISICA
Pablo,Castro,425,37171587E,Valentina Castro Rodríguez,FISICA
Jan,Pereira,426,60627831S,Carmen López López,FISICA
Francisco,Medina,427,24481026X,Carlos Rodríguez Sánchez,FISICA
Pilar Javier,Ramírez,428,71228548D,Carlos López García,FISICA
Jan,Pereira,429,99297633D,Miguel Castro García,FISICA
Elena,Blanco,430,99024569R,Isabel Torres Vargas,FISICA
Juan José,Pereira,431,53309230Z,Patricia López Pérez,FISICA
Amparo Carlos,Castro,432,27799712A,Diego Rodríguez Fernández,FISICA
Silvia,Domínguez,433,10449591R,María Castro Martínez,FISICA
Isabel Francisco,Pérez,434,14441681G,Luis López Torres,FISICA
Beatriz,Martínez,435,55183015N,Sofía Torres Pérez,FISICA
Juan José,Pereira,436,70940029W,Antonio García Pereira,FISICA
Juan José,Pereira,437,23673105X,Antonio Vargas González,FISICA
Patricia,Gómez,438,32701508Q,Luis Gómez Pereira,FISICA
Elena,López,439,65057009Z,Jan Sánchez Sánchez,FISICA
Juan José,Pereira,440,79647029F,Carlos Gómez Torres,FISICA
Jan,Pereira,441,81138213D,Fernando Rodríguez González,FISICA
Jan,Sanz,442,66308747T,Sofía Pérez Vargas,FISICA
Valentina Manuel,Castro,443,82647798N,Juan Rodríguez Pérez,FISICA
Carmen,Pérez,444,12168695Q,Elena Silva Fernández,FISICA
Juan José,Pereira,445,18418270P,Carmen Rodríguez Castro,FISICA
Jan Ana,Muñoz,446,61276474N,Jorge Gómez Vargas,FISICA
María,Ruiz,447,48568727H,Diego Vargas Silva,FISICA
Diego,Méndez,448,81503223D,Laura Fernández Rodríguez,FISICA
Jan,Pereira,449,19381675N,Diego Castro López,FISICA
Andrés Ana,Vázquez,450,20093927T,Carmen Pérez Martínez,FISICA
Miguel,Blanco,451,40863259X,Elena García Rodríguez,FISICA
Inés,Rodríguez,452,73991411C,Diego Vargas Silva,FISICA
Enrique,Delgado,453,74419238R,Laura Castro Fernández,FISICA
Silvia,González,454,72863041F,Juan Fernández Fernández,FISICA
Antonio,Pereira,455,94476915E,Jorge Pereira Torres,FISICA
Miguel,Suárez,456,42990781D,Jan Sánchez Castro,FISICA
Jan,Pereira,457,77702930Y,Roberto Sánchez Rodríguez,FISICA
Javier,Sanz,458,74247231B,Luis Pérez Torres,FISICA
Diego Luis,Iglesias,459,19780964K,Jorge Pérez González,FISICA
Gloria,Cortés,460,66872710A,Sofía Martínez Pereira,FISICA
Óscar,Delgado,461,76352675N,Jan Sánchez Pérez,FISICA
Sergio,Sanz,462,49966345H,Valentina Silva Silva,FISICA
Jan,Castillo,463,98056553D,Laura Gómez Martínez,FISICA
Jan,Pereira,464,97677492B,Luis García González,FISICA
Elena,Serrano,465,49385368K,Elena Sánchez González,FISICA
Roberto,Ramírez,466,62846352W,Ana Fernández García,FISICA
Jan,Pereira,467,15935377B,Pedro Sánchez Pereira,FISICA
Miguel,Navarro,468,38658780N,Valentina Pereira Pérez,FISICA
Enrique,Álvarez,469,72845865N,Patricia Vargas Rodríguez,FISICA
Valentina,Santos,470,90371169Y,Jorge Torres Sánchez,FISICA
Luis,Martínez,471,32916429W,Jorge Gómez Silva,FISICA
Juan José,Pereira,472,88676565L,Miguel Rodríguez Pereira,FISICA
Eva Carlos,Gómez,473,79457650X,Carmen López Sánchez,FISICA
Dolores,Ortiz,474,79101611B,María Rodríguez López,FISICA
Jan,Pereira,475,14107257T,Isabel Silva Pereira,FISICA
Enrique,Pereira,476,26844833S,Miguel Vargas Pereira,FISICA
Rubén,Fernández,477,21143732Q,Carlos Vargas Torres,FISICA
Antonio,Pereira,478,54526254Q,Miguel Gómez Rodríguez,FISICA
Alberto,Ortega,479,47916576D,Luis Vargas López,FISICA
Enrique,Morales,480,49071869N,Juan Pereira Martínez,FISICA
Antonio,Pereira,481,29600252B,Isabel Silva López,FISICA
Teresa,Pérez,482,67167311C,Fernando Martínez García,FISICA
Alberto,Moreno,483,53998388T,Laura Pereira González,FISICA
Antonio,Pereira,484,35004244S,Roberto García Fernández,FISICA
Inés,Santos,485,78565457X,Carmen Rodríguez Pérez,FISICA
María,Sanz,486,29692573X,Elena Sánchez Pérez,FISICA
Antonio,Pereira,487,50184739G,Fernando Sánchez Martínez,FISICA
Jan,Pereira,488,71778180X,María García Pérez,FISICA
Rosa,Domínguez,489,25960916B,Carmen Gómez Martínez,FISICA
Valentina Javier,Garrido,490,63958092Z,Sofía Torres Rodríguez,FISICA
Valentina,Méndez,491,25304963H,Antonio Castro Rodríguez,FISICA
María,Martínez,492,16600847E,Pedro López Silva,FISICA
Elena,Ramos,493,42434297X,Luis Gómez Gómez,FISICA
Rosa,Jiménez,494,91342890T,Diego López López,FISICA
Jan,Pereira,495,46407301V,Elena Pérez López,FISICA
Alberto,Sanz,496,13244296E,Carmen Silva Gómez,FISICA
Ana Manuel,Jiménez,497,63986010X,María González Vargas,FISICA
Ana,Santos,498,18619522X,Laura Pérez Fernández,FISICA
Andrés María,Serrano,499,95167301V,Fernando Pereira Gómez,FISICA
Andrés,Ramírez,500,49608922S,Carmen González Martínez,FISICA
Víctor,Ortega,501,13275483K,Juan González Rodríguez,FISICA
Mónica Antonio,Alonso,502,27437225L,Fernando Castro Pereira,FISICA
Dolores,Suárez,503,90610839Q,Isabel Sánchez Castro,FISICA
Lucía,Rodríguez,504,90620200Q,Carmen Torres Rodríguez,FISICA
Óscar,Fernández,505,39388320S,Carlos Vargas Martínez,FISICA
Lucía Francisco,Silva,506,48238771C,Diego López López,FISICA
Antonio,Pereira,507,72794526D,Luis Castro Sánchez,FISICA
Pilar Carmen,Serrano,508,19252070N,Isabel González Silva,FISICA
Alejandro,Castro,509,44948690C,Jorge Martínez Rodríguez,FISICA
Sergio,Ortiz,510,51140382C,Carlos González Castro,FISICA
José,Domínguez,511,75403254P,Carlos Sánchez Vargas,FISICA
Eva José,Serrano,512,28500113P,Jan González Gómez,FISICA
Jan,Pereira,513,89611759X,Carmen Rodríguez Rodríguez,FISICA
Alberto,Gil,514,30183971J,Patricia Gómez Torres,FISICA
Francisco,Alonso,515,89610421Y,Miguel Fernández Pereira,FISICA
Antonio,Pereira,516,18962402Y,Valentina Martínez Gómez,FISICA
Inés,Molina,517,87024791J,Miguel Martínez Martínez,FISICA
Teresa,Martínez,518,83044226N,Fernando Vargas García,FISICA
Jan,Pereira,519,88858349B,Juan García López,FISICA
Cristina,Delgado,520,54367040P,Diego Silva Fernández,FISICA
Lucía Carmen,Torres,521,67800915C,Roberto Martínez Castro,FISICA
Juan José,Pereira,522,21716075G,Patricia Rodríguez Gómez,FISICA
Jan,Pereira,523,80192060F,Sofía Martínez López,FISICA
Marta,Domínguez,524,25776456B,Patricia Torres Sánchez,FISICA
Silvia,Martín,525,14027693Q,Jorge Fernández Castro,FISICA
Valentina,Álvarez,526,34983716A,Valentina Silva Vargas,FISICA
Óscar,Martín,527,96362189D,Laura Silva Martínez,FISICA
Silvia,López,528,23737360A,Fernando González Torres,FISICA
Marta,Nuñez,529,91623982D,Isabel González Pereira,FISICA
Víctor,Rubio,530,41481739C,Juan Pereira Martínez,FISICA
Andrés,Santos,531,63357190X,Diego Torres García,FISICA
Jan,Pereira,532,54558834M,Fernando Pereira Pereira,FISICA
Inés,Navarro,533,51872174K,Diego Pérez Pereira,FISICA
Jan,Pereira,534,57545491C,Carmen González Pérez,FISICA
Luis,Morales,535,47084331L,Valentina Pérez Pereira,FISICA
Lucía,Vargas,536,66400510Q,Elena Gómez Vargas,FISICA
Ana,Domínguez,537,43195980W,Diego Martínez Martínez,FISICA
Lucía,Molina,538,30707333X,Sofía Pereira Sánchez,FISICA
Ana,Vázquez,539,36990745Y,Diego Sánchez González,FISICA
Luis,Medina,540,77565133W,Juan Fernández García,FISICA
Sofía,Iglesias,541,13530642H,Ana Pérez Pérez,FISICA
Alejandro,Molina,542,85931638G,Diego Pereira Martínez,FISICA
Jan,Méndez,543,47246758C,Ana López Gómez,FISICA
Andrés,Rubio,544,15713512G,Laura Rodríguez Silva,FISICA
Javier,Sanz,545,70937948Z,Fernando Sánchez Pérez,FISICA
Valentina,Fernández,546,65555618Y,Isabel Pereira González,FISICA
José,Torres,547,68779689Y,María Fernández López,FISICA
Jan,Pereira,548,32102851A,Juan Torres Castro,FISICA
Carlos,Muñoz,549,21450958P,Antonio Pereira Vargas,FISICA
Jan,Pereira,550,90267255Y,Juan Silva Gómez,FISICA
Pedro,Vázquez,551,16447165A,Miguel Gómez Rodríguez,FISICA
Antonio,Pereira,552,76203969R,Valentina Silva Gómez,FISICA
Rosa,Santos,553,75537708G,Roberto Pérez Pérez,FISICA
Jan,Nuñez,554,74247118J,Laura Fernández García,FISICA
Antonio,Pereira,555,30552557R,Isabel Gómez Rodríguez,FISICA
Amparo Miguel,Alonso,556,39444932R,Jorge Torres Torres,FISICA
Jan,Pereira,557,69810246W,Ana Rodríguez Martínez,FISICA
Rosa,Martínez,558,64459260N,Carmen Martínez Fernández,FISICA
Valentina,Domínguez,559,86639451S,Isabel Vargas Silva,FISICA
Silvia,Castillo,560,67905050B,Patricia Torres García,FISICA
Diego,Sanz,561,22369890K,Ana Vargas González,FISICA
Sofía,Gutiérrez,562,16219710H,Jorge López Torres,FISICA
Silvia,Vargas,563,97529910C,Patricia Rodríguez Gómez,FISICA
Diego,Garrido,564,80080475H,Juan Sánchez Sánchez,FISICA
Eva,Santos,565,49963477W,Pedro González Fernández,FISICA
Sofía,Medina,566,73621990W,Luis López González,FISICA
Sergio,Vázquez,567,22772689K,Laura González Fernández,FISICA
Lucía Manuel,Díaz,568,46118966X,Jorge García Vargas,FISICA
Marta,Suárez,569,97149168C,Carmen Gómez Gómez,FISICA
Diego,Martín,570,65811794P,Isabel López López,FISICA
Jan Antonio,Ortega,571,12165548C,Isabel Rodríguez López,FISICA
Jan,Pereira,572,86628309M,Miguel González Pérez,FISICA
Rosa Ana,Iglesias,573,55910627L,María Rodríguez González,FISICA
Alejandro Manuel,Jiménez,574,50344580H,Pedro Rodríguez García,FISICA
Pablo,Silva,575,67596055K,Jan Fernández Rodríguez,FISICA
Pedro,Lozano,576,74693948E,María González Torres,FISICA
Jan,Pereira,577,61652292X,Sofía Fernández García,FISICA
Patricia,Blanco,578,20069510D,Valentina Rodríguez Torres,FISICA
Víctor,Méndez,579,34288190C,Ana Castro González,FISICA
Juan José,Pereira,580,34933180K,Laura Sánchez García,FISICA
José,Vargas,581,14979514M,Jorge Rodríguez González,FISICA
Jorge,Vázquez,582,76229720S,Diego Vargas Rodríguez,FISICA
Alberto,Blanco,583,90084965Z,Juan Sánchez López,FISICA
Antonio,Silva,584,18842292W,Ana González Pérez,FISICA
Antonio,Pereira,585,69736337S,Patricia Sánchez Rodríguez,FISICA
Jorge,Sanz,586,37348329D,Jorge Sánchez González,FISICA
Fernando José,Medina,587,78900451D,Sofía Pereira Pereira,FISICA
Teresa,Ortiz,588,36529561H,Carlos López Sánchez,FISICA
Nuria,Delgado,589,32877218Y,Luis Gómez López,FISICA
Jan,Pereira,590,22934460X,Elena Rodríguez Pérez,FISICA
Isabel,Blanco,591,85848138V,Carlos Martínez Gómez,FISICA
Valentina,Serrano,592,32305473H,Carlos Sánchez Silva,FISICA
Roberto Rosa,Blanco,593,19775283K,Juan Castro Martínez,FISICA
María,Ramírez,594,80391375G,Valentina González Torres,FISICA
Jan,Pereira,595,26978291G,Laura Martínez Silva,FISICA
Sofía,Vázquez,596,78118293N,Laura Sánchez García,FISICA
Javier,Sánchez,597,61024116X,Carmen González Torres,FISICA
Silvia,Torres,598,75793954F,Fernando Torres Martínez,FISICA
Juan José,Pereira,599,81936739K,Jan García García,FISICA
Rafael,Castillo,600,24111525G,Fernando Pérez Castro,FISICA
Víctor,Cortés,601,70656871C,Antonio García Fernández,FISICA
Inés,García,602,95858233Y,Carlos Pérez Gómez,FISICA
Jan,Pereira,603,43577709T,Patricia Torres Torres,FISICA
Valentina,Ortiz,604,56530838N,Carmen López García,FISICA
Óscar,Delgado,605,20129812M,Juan Rodríguez Pérez,FISICA
Marta,Alonso,606,12062504Q,Jan González Torres,FISICA
Laura,Fernández,607,37756327X,Miguel Silva Gómez,FISICA
Raúl,Vargas,608,18616886L,Luis Vargas Fernández,FISICA
Jan,Pereira,609,22633758X,Pedro Martínez López,FISICA
Juan José,Pereira,610,20529489B,Jorge López Pereira,FISICA
Antonio,Pereira,611,38045904V,Elena Pereira Fernández,FISICA
Nuria,Martín,612,57031963J,Jorge Rodríguez Sánchez,FISICA
Juan,Iglesias,613,71033683T,Jan Martínez Sánchez,FISICA
Alberto,Ramírez,614,12924898W,Juan Pereira Sánchez,FISICA
Enrique,Martínez,615,35196800S,María Pereira Fernández,FISICA
Teresa,López,616,17568538B,Carlos Torres González,FISICA
Daniel,Ortega,617,20288080X,Antonio Pérez Fernández,FISICA
Sergio,Ortiz,618,17837910F,Miguel Sánchez Castro,FISICA
Rafael José,Nuñez,619,65715605M,Valentina Pereira López,FISICA
Teresa,Álvarez,620,99294003J,Roberto Silva Fernández,FISICA
Manuel,Vargas,621,19740647T,Sofía Castro Gómez,FISICA
Patricia Carmen,Garrido,622,44655871Z,Juan Torres Pérez,FISICA
Marta,Marín,623,99442462F,Roberto Castro Pérez,FISICA
Rosa,Gómez,624,40107084Y,Pedro López Torres,FISICA
Daniel Carlos,Medina,625,58535166M,Jan García Silva,FISICA
Antonio,Pereira,626,96416763G,Fernando Gómez Vargas,FISICA
Pablo,Morales,627,82723694P,Luis Sánchez Torres,FISICA
Jan,Pereira,628,13589470N,Pedro Vargas Torres,FISICA
Marta Juan,Rodríguez,629,99806792V,Jorge López Castro,FISICA
Carlos,Vargas,630,27920407V,Carmen Rodríguez González,FISICA
Carlos,Navarro,631,69920369R,Jan Gómez Torres,FISICA
Sergio,Gil,632,92043589G,Luis Fernández Pereira,FISICA
Daniel,Morales,633,18072994P,Fernando González González,FISICA
Víctor,Medina,634,30086098M,Ana Silva González,FISICA
Juan José,Pereira,635,22357171K,Isabel Castro Martínez,FISICA
Silvia Carlos,Romero,636,27909123A,Carlos López Martínez,FISICA
Teresa Miguel,Gil,637,21839837A,Fernando Martínez López,FISICA
Alejandro,Torres,638,39912214S,Roberto Rodríguez González,FISICA
Pilar,Castillo,639,10030505K,Carmen Pereira Pérez,FISICA
José,Delgado,640,19344885E,Carmen López Castro,FISICA
Sofía,Lozano,641,35154645L,Elena Torres Vargas,FISICA
Mónica,Sanz,642,19431325M,Jorge Torres González,FISICA
Carmen,Castro,643,68892342M,Diego Torres Fernández,FISICA
Miguel,Martínez,644,57389452J,Patricia Sánchez Vargas,FISICA
Antonio,Gutiérrez,645,41315053S,Valentina Sánchez Silva,FISICA
Nuria,Serrano,646,20614967K,Carmen Pérez Gómez,FISICA
Andrés,Domínguez,647,56096197W,Jorge Torres Martínez,FISICA
Rubén,Domínguez,648,11011852G,María Gómez Sánchez,FISICA
Mónica,Romero,649,93733654Y,Elena Castro Pérez,FISICA
Antonio,Pereira,650,72222202V,Carlos Rodríguez López,FISICA
Raúl Miguel,Vázquez,651,26481605A,María Pereira Fernández,FISICA
Eva,Santos,652,35910459F,Roberto Fernández Pereira,FISICA
Antonio,Pereira,653,58205130L,Fernando Martínez Silva,FISICA
Jan,Pereira,654,84638956Z,Miguel González Torres,FISICA
Diego,López,655,72484675Z,Antonio Vargas Torres,FISICA
Silvia,Vázquez,656,36254931P,Patricia González Rodríguez,FISICA
Alberto,Rodríguez,657,99221469K,Jan Torres Rodríguez,FISICA
Amparo,Blanco,658,59012925P,Laura Pereira Sánchez,FISICA
Teresa,Blanco,659,29013574V,Isabel Sánchez López,FISICA
Alberto,Gómez,660,19248210Q,Valentina Rodríguez Fernández,FISICA
Jan,Pereira,661,82782820R,Fernando García García,FISICA
Patricia,Pérez,662,15414424P,Ana Pérez García,FISICA
Jan,Pereira,663,38879667F,Carlos Pérez Pereira,FISICA
Jan,Pereira,664,51122740L,Juan Gómez Torres,FISICA
Fernando,Cortés,665,93260353E,Jan Torres Sánchez,FISICA
Inés,Alonso,666,92117366C,Pedro Vargas Rodríguez,FISICA
Antonio,Pereira,667,94034837G,Jorge Vargas Gómez,FISICA
Luis Juan,Ruiz,668,62271909F,Antonio Rodríguez Sánchez,FISICA
Andrés,Martínez,669,19145245E,María González Pérez,FISICA
Antonio,Pereira,670,42514296S,Laura Rodríguez González,FISICA
Luis,Ortiz,671,67053004T,Carlos Pérez García,FISICA
Juan José,Pereira,672,43128469L,Diego Vargas Pérez,FISICA
Pablo,Nuñez,673,14265091P,Fernando Pereira Torres,FISICA
Jan,Pereira,674,74087208E,Ana Pereira Silva,FISICA
Jorge,Vargas,675,40170881R,Roberto González Rodríguez,FISICA
Jan Juan,González,676,70298426F,Laura Rodríguez Vargas,FISICA
Antonio,Pereira,677,50062286A,Laura Silva Gómez,FISICA
Antonio,Pereira,678,57748957M,Pedro López García,FISICA
Sofía,López,679,44430344W,Carmen González Sánchez,FISICA
Nuria,Lozano,680,99890944N,María Vargas Sánchez,FISICA
Jan,Pereira,681,27610374R,Jan Castro Fernández,FISICA
Alberto,López,682,64070476C,Jorge González Rodríguez,FISICA
Javier María,López,683,12555303V,Juan Martínez Pereira,FISICA
Amparo,Delgado,684,84279814V,Pedro Martínez Silva,FISICA
Marta,Ortiz,685,86678011G,Juan López Rodríguez,FISICA
Carmen,Silva,686,96381870W,Elena Torres Castro,FISICA
Mónica,Ortega,687,70030763H,Jorge Silva García,FISICA
Ana,Pérez,688,97781462K,Sofía Vargas Silva,FISICA
Lucía,Jiménez,689,42992538H,Fernando Vargas Vargas,FISICA
Nuria,Moreno,690,85366901D,Pedro Gómez Rodríguez,FISICA
Raquel,Alonso,691,63595975D,Jorge Fernández Vargas,FISICA
Fernando,Hernández,692,73781987B,Fernando García Sánchez,FISICA
Antonio,Pereira,693,87733366G,Carmen Pereira Castro,FISICA
Jan,Pereira,694,52060173H,Fernando Pérez Castro,FISICA
Silvia Manuel,Marín,695,98844423Z,Isabel Castro Sánchez,FISICA
Jan,Pereira,696,76635510Q,Diego González Rodríguez,FISICA
Rubén,Sanz,697,42179109F,Juan Sánchez Sánchez,FISICA
Antonio,Pereira,698,88456761A,Luis Vargas Rodríguez,FISICA
Juan José,Pereira,699,67914625H,Antonio Martínez Castro,FISICA
Silvia Ana,Rubio,700,73617306X,Diego Pérez Pereira,FISICA
Elena,Silva,701,17566018K,Diego Martínez Sánchez,FISICA
Juan José,Pereira,702,11594514F,Juan Gómez Pérez,FISICA
Raúl Pedro,Alonso,703,35165092R,Juan Fernández González,FISICA
Lucía,Morales,704,30927790N,Jorge Sánchez González,FISICA
Jan,Pereira,705,90862876L,Jan González Silva,FISICA
Beatriz,López,706,80305345V,Isabel Rodríguez Castro,FISICA
Pedro,Blanco,707,66279537T,Valentina Silva Rodríguez,FISICA
Jan,Pereira,708,62294676G,Elena Martínez Torres,FISICA
Jan,Pereira,709,60032672G,Patricia Rodríguez Castro,FISICA
Javier,Lozano,710,72725745K,Jan Pereira Torres,FISICA
Manuel,Gil,711,92148284A,Jorge Pérez Sánchez,FISICA
Teresa Pedro,Ortiz,712,11805964H,Luis Torres Silva,FISICA
Patricia Juan,Pérez,713,29321013S,María Pérez Rodríguez,FISICA
Jan,Pereira,714,84026067Y,María Torres Gómez,FISICA
Antonio Miguel,Iglesias,715,85207618R,Sofía García López,FISICA
Pedro,Navarro,716,12837418Z,Laura Gómez Torres,FISICA
Rubén,Navarro,717,60678485T,Fernando López López,FISICA
Juan José,Pereira,718,44837258T,Pedro Pereira Sánchez,FISICA
Jan,Pereira,719,99049134W,Carlos Fernández López,FISICA
Pilar,González,720,53859543Y,Antonio López Pereira,FISICA
Cristina Pedro,Molina,721,69583153B,Luis Sánchez Fernández,FISICA
Elena,Marín,722,88563075B,Diego Castro Torres,FISICA
Ana,Alonso,723,68024877P,Isabel Fernández Rodríguez,FISICA
Silvia,Santos,724,40091466M,Valentina Vargas González,FISICA
Juan José,Pereira,725,88192847Z,María González Castro,FISICA
Mónica,Gómez,726,93365756Q,Jan Sánchez Vargas,FISICA
Rubén,Vázquez,727,75569568D,Jan Rodríguez Rodríguez,FISICA
Jan,Pereira,728,22671243M,Jan Martínez González,FISICA
Alberto,Ortiz,729,46709052P,Miguel Vargas Vargas,FISICA
Antonio,Pereira,730,40312068Z,Roberto González Fernández,FISICA
Antonio,Pereira,731,52364906R,Carmen Fernández Castro,FISICA
Inés,Santos,732,56573663B,Juan Torres Fernández,FISICA
Diego,Sánchez,733,42530733F,María García Pereira,FISICA
Jan,Torres,734,40541393Y,Juan González Fernández,FISICA
Teresa,Pereira,735,89970594E,Patricia Pérez González,FISICA
Antonio,Pereira,736,64258515B,Antonio Pereira Martínez,FISICA
Carlos,Rodríguez,737,36472183W,Luis García Pérez,FISICA
Rosa Ana,Morales,738,36868018F,María García Torres,FISICA
Valentina,Sanz,739,78010359V,María Sánchez Gómez,FISICA
Jan,Pereira,740,74716639N,Fernando Martínez Vargas,FISICA
Javier,Jiménez,741,70428679B,Luis Torres Sánchez,FISICA
Inés,Méndez,742,71118494X,Antonio Torres García,FISICA
Dolores,Torres,743,79274198Y,Valentina Torres Vargas,FISICA
Sergio,Castro,744,90616542S,Valentina Castro Martínez,FISICA
Alberto,Gutiérrez,745,38585188C,Diego Gómez Pereira,FISICA
María,Vázquez,746,93697782Z,Laura Gómez Pereira,FISICA
Laura,Ramírez,747,69010060D,Fernando Martínez Fernández,FISICA
Jan,Pereira,748,97472516B,Ana García Castro,FISICA
Raúl,González,749,31233778P,Fernando García López,FISICA
Fernando,Medina,750,62900300S,Sofía Pérez Rodríguez,FISICA
Juan José,Pereira,751,20127320C,Sofía Sánchez Silva,FISICA
Rubén,Fernández,752,45620823R,Sofía Martínez Rodríguez,FISICA
Pedro,Delgado,753,22569599K,Carlos Fernández Pereira,FISICA
Inés,Silva,754,14413927B,Fernando Torres Pérez,FISICA
Valentina,Santos,755,10902727Z,María García Martínez,FISICA
Alberto,Castillo,756,18997471T,Roberto Gómez Rodríguez,FISICA
María Juan,Navarro,757,82261983E,Sofía Silva Vargas,FISICA
Francisco,Castillo,758,64849137Q,Laura Torres Sánchez,FISICA
Sergio,Silva,759,69024250P,Valentina Pérez Pérez,FISICA
Rafael,Méndez,760,64750856Z,Carlos Silva Martínez,FISICA
Nuria,Gómez,761,50110843F,María Pérez Martínez,FISICA
Gloria,Navarro,762,66398701R,Elena Fernández González,FISICA
Rafael,Delgado,763,30832494M,Laura Torres Silva,FISICA
Juan José,Pereira,764,55782880Z,Roberto Martínez López,FISICA
Jan,Pereira,765,70473441S,Elena Vargas Vargas,FISICA
Marta,Lozano,766,67058302P,Miguel Castro Vargas,FISICA
Antonio,Pereira,767,51268833Q,Carlos Torres Pérez,FISICA
Juan José,Pereira,768,95939896L,Antonio Castro Pérez,FISICA
Isabel,Ortiz,769,59249312R,Elena López Sánchez,FISICA
Lucía,Silva,770,85998858H,Valentina Pereira Pereira,FISICA
Jan,Pereira,771,37341872S,Isabel González García,FISICA
Javier,Morales,772,31601844M,Valentina Sánchez Silva,FISICA
Juan José,Pereira,773,32864629K,Luis Sánchez Silva,FISICA
Laura,Rubio,774,55726173W,Antonio Rodríguez Sánchez,FISICA
Alejandro,Gil,775,81239978E,Jorge García Fernández,FISICA
Marta,Martín,776,90169959T,Carmen Pérez Castro,FISICA
Antonio,Cortés,777,25664064C,Juan Sánchez Fernández,FISICA
Andrés María,Álvarez,778,43065493V,Carmen Fernández Sánchez,FISICA
Elena,Hernández,779,66292248S,Patricia Castro Fernández,FISICA
Isabel,Ortiz,780,60957450K,Isabel Fernández López,FISICA
Diego,Sánchez,781,26767337Y,Elena Gómez Sánchez,FISICA
Dolores,Muñoz,782,48472833B,Carmen Pereira Torres,FISICA
Enrique,Delgado,783,76050078A,Miguel Pereira Fernández,FISICA
Roberto,Fernández,784,64081078L,Ana Silva García,FISICA
Rosa Carmen,Morales,785,11840564A,María Pereira Pereira,FISICA
Marta Manuel,García,786,42198151M,Sofía Pereira Silva,FISICA
Pedro,Ramírez,787,81783835K,Ana Pérez Rodríguez,FISICA
Jan,Pereira,788,56651168Y,Carlos Pérez López,FISICA
Víctor,Alonso,789,64130833W,Ana Silva Gómez,FISICA
Silvia,Fernández,790,98631715X,Antonio Vargas Rodríguez,FISICA
Jan,Pereira,791,18990741D,Jorge Rodríguez Fernández,FISICA
Juan José,Pereira,792,54886092L,Jorge González Sánchez,FISICA
Carlos,Ruiz,793,42484299X,Luis Rodríguez Castro,FISICA
Carmen,Rodríguez,794,36639809G,Antonio Rodríguez García,FISICA
Cristina,Vargas,795,82877465R,Carmen Vargas Martínez,FISICA
Eva,Alonso,796,21506273P,Carlos Rodríguez Pereira,FISICA
Juan,Gutiérrez,797,96804744K,Miguel López Martínez,FISICA
Miguel,Torres,798,14092202X,Diego Fernández Fernández,FISICA
Silvia,Castro,799,39447737T,Laura Sánchez Castro,FISICA
Diego,Ortega,800,35399301R,Elena Martínez López,FISICA
Jorge,Pérez,801,96845249T,Luis Castro Gómez,FISICA
Antonio,Pereira,802,27947114K,Sofía Torres Sánchez,FISICA
Juan José,Pereira,803,86135447X,Elena Gómez Rodríguez,FISICA
Jan,Pereira,804,20806389Z,María Gómez Fernández,FISICA
Antonio,Pereira,805,64766024W,Carmen Sánchez López,FISICA
Raúl,Gil,806,69920519J,Valentina Rodríguez Pereira,FISICA
Sergio,Navarro,807,28979482B,Isabel Silva Pereira,FISICA
Enrique Antonio,Ruiz,808,68936415X,Valentina Pérez Martínez,FISICA
Rafael,Navarro,809,53017664L,Elena Vargas Silva,FISICA
Jan,Pereira,810,52311376S,Isabel Gómez López,FISICA
Andrés,Pereira,811,14386177E,Jan Silva López,FISICA
Rosa,Gutiérrez,812,46104391V,Miguel Vargas Pérez,FISICA
Alberto,García,813,50900392N,Patricia González Torres,FISICA
Teresa,Castillo,814,93964385R,Laura Silva Pereira,FISICA
Enrique,Pérez,815,36638561K,Elena Fernández Sánchez,FISICA
Jan,Pereira,816,32378202K,Jan Vargas Rodríguez,FISICA
Nuria,Silva,817,66854831H,Laura Martínez Vargas,FISICA
Laura,Nuñez,818,93851748H,Roberto Pereira Gómez,FISICA
Antonio,Vázquez,819,19640153Q,Pedro González Rodríguez,FISICA
Roberto,Gómez,820,71735054D,Carlos Vargas Castro,FISICA
Beatriz,Méndez,821,73915070Q,Laura Pérez Pereira,FISICA
Teresa,Ramírez,822,85775096T,Luis Martínez Silva,FISICA
Rafael,Pereira,823,70887473R,Jan García Martínez,FISICA
Enrique,Díaz,824,11085750A,María Gómez Gómez,FISICA
Amparo,Pereira,825,21738085A,Miguel Castro Gómez,FISICA
Jan,Martínez,826,40568041C,Patricia Pérez Gómez,FISICA
Raquel,Cortés,827,17675631Q,Isabel García Fernández,FISICA
Alberto,Pérez,828,75752197H,Laura Castro Silva,FISICA
Gloria Pedro,Hernández,829,31459410X,Laura Castro Pereira,FISICA
Jan,Pereira,830,65179375C,Jan Pereira González,FISICA
Raquel,Blanco,831,10429104F,Carmen López González,FISICA
Jan,Pereira,832,18833716M,Ana Pérez García,FISICA
Sergio,Blanco,833,13326931H,Pedro Gómez Martínez,FISICA
Beatriz,Gómez,834,48435807S,Jan Pérez López,FISICA
Beatriz,Rubio,835,96271997T,Carmen González García,FISICA
Beatriz María,Gutiérrez,836,87001482A,Diego García Rodríguez,FISICA
Cristina,Álvarez,837,91847895V,Jan Rodríguez Silva,FISICA
Eva,Díaz,838,66270837V,Fernando Sánchez López,FISICA
Carlos,Serrano,839,45264437T,Pedro Martínez Sánchez,FISICA
Luis,Castro,840,85057844A,Elena García Gómez,FISICA
Luis,Morales,841,73945279A,Diego Vargas Sánchez,FISICA
Juan José,Pereira,842,90370581Q,Fernando Pérez Fernández,FISICA
Silvia Carmen,Medina,843,95288364P,Isabel Pérez Castro,FISICA
Teresa,Ramos,844,60915265H,Sofía Rodríguez Fernández,FISICA
Antonio,Pereira,845,98451118D,Carlos García Gómez,FISICA
Enrique Rosa,Castro,846,41059098G,Miguel Silva Martínez,FISICA
Manuel Antonio,Ruiz,847,19154211H,Jan García López,FISICA
Cristina,Delgado,848,58823169W,Jan Sánchez Castro,FISICA
Roberto Rosa,García,849,68909882L,Elena Vargas Fernández,FISICA
Lucía,Molina,850,24791043X,Isabel Castro Rodríguez,FISICA
Daniel,Serrano,851,38200843M,Juan Silva Vargas,FISICA
Jan,Pereira,852,39544848M,Pedro González González,FISICA
Valentina,Romero,853,40001007M,Laura Rodríguez García,FISICA
Rubén,Pereira,854,80184050R,Antonio Pereira López,FISICA
José María,Ramírez,855,35808934G,Jan Pérez López,FISICA
María,Muñoz,856,99841291Q,Juan Pereira Martínez,FISICA
Miguel,Sanz,857,16471006Q,Luis García Silva,FISICA
Juan José,Pereira,858,12875960P,Carmen González Rodríguez,FISICA
Patricia,Méndez,859,92085588M,Jan García Torres,FISICA
Andrés Francisco,Castro,860,40367752S,Sofía Gómez Vargas,FISICA
Marta,Fernández,861,34144612P,Luis Fernández Sánchez,FISICA
Antonio Francisco,Lozano,862,23511089Y,Luis Gómez Castro,FISICA
Alberto,Sanz,863,68846467S,Carlos Torres Silva,FISICA
Javier,Muñoz,864,53163055G,Carlos Gómez Gómez,FISICA
Valentina,Garrido,865,31451930M,Antonio Martínez González,FISICA
Francisco,Gutiérrez,866,64266063S,Isabel Silva Fernández,FISICA
Gloria,Marín,867,35619132K,Carlos Pérez Pereira,FISICA
Carmen,Nuñez,868,92185081T,Carmen Martínez Castro,FISICA
Gloria,Suárez,869,56069907R,Patricia Rodríguez Sánchez,FISICA
Jan,Pereira,870,30673084P,Roberto Castro Pereira,FISICA
Raquel,Navarro,871,91965217Q,Antonio Rodríguez González,FISICA
Francisco,Martín,872,65725235K,Pedro Castro Fernández,FISICA
Carmen,Pereira,873,54633235R,Luis Vargas Vargas,FISICA
Patricia,Moreno,874,75182819M,Roberto Fernández Rodríguez,FISICA
Nuria,Martín,875,16354971Q,Patricia Castro Sánchez,FISICA
Ana,Ortiz,876,62460677Z,Isabel Gómez Torres,FISICA
Francisco,Ortiz,877,96946444H,Valentina Torres López,FISICA
Alejandro,Muñoz,878,47812659Y,Valentina González Vargas,FISICA
Rosa,Medina,879,42260314E,Diego Sánchez Pereira,FISICA
Andrés Rosa,Vázquez,880,40967981J,Fernando López Martínez,FISICA
Rubén Rosa,Hernández,881,65536914R,Carmen Castro Torres,FISICA
Alejandro María,Sanz,882,68368429D,Elena Torres Fernández,FISICA
Luis,Hernández,883,89693408D,Luis Silva López,FISICA
Dolores,Lozano,884,65271851J,Fernando Rodríguez García,FISICA
Elena,Morales,885,17343336W,Isabel Castro Sánchez,FISICA
Rosa,Gutiérrez,886,25827593L,Fernando García Torres,FISICA
Juan,Díaz,887,13380794S,Juan Sánchez Castro,FISICA
Eva,Pérez,888,57276284M,Fernando García Gómez,FISICA
Víctor,Morales,889,76253341S,Antonio Pereira Gómez,FISICA
Pablo,Sanz,890,68486924P,Juan Fernández Torres,FISICA
Jan,Pereira,891,89708542D,Patricia Castro Gómez,FISICA
Marta,Alonso,892,23418686V,Jan García López,FISICA
Daniel,Medina,893,89945535X,Miguel Torres Vargas,FISICA
Fernando,Vázquez,894,11262739F,Patricia Pérez Torres,FISICA
Pilar,Molina,895,56349769E,Fernando Rodríguez Sánchez,FISICA
Rubén Juan,Pereira,896,51664072T,Antonio Rodríguez López,FISICA
Elena,Vázquez,897,87045760Y,Fernando Pereira Gómez,FISICA
Carlos,Rubio,898,78803705R,Jan Gómez García,FISICA
Eva,Martín,899,25435801D,María Pereira Sánchez,FISICA
Gloria Javier,Marín,900,37843800Z,Roberto Gómez González,FISICA
Antonio,Martín,901,72906949P,Jorge Castro Martínez,FISICA
Roberto,Ramos,902,48168940V,Miguel Rodríguez Sánchez,FISICA
Patricia,Suárez,903,69285655H,Sofía Pérez García,FISICA
Amparo,Torres,904,68197243N,Diego Castro Rodríguez,FISICA
Antonio,Pereira,905,92662152M,Ana Martínez Martínez,FISICA
Juan José,Pereira,906,94118466M,Sofía Silva Rodríguez,FISICA
Jan,Domínguez,907,64071971C,Fernando López Fernández,FISICA
Antonio,Pereira,908,11200615Y,María Castro Torres,FISICA
Antonio,Pereira,909,91193113E,Ana Torres García,FISICA
Raquel,Rodríguez,910,16515167V,Ana Gómez Fernández,FISICA
Luis,Garrido,911,79613817F,Ana Torres López,FISICA
Juan Miguel,Gómez,912,81852471W,Roberto Sánchez García,FISICA
Roberto,López,913,80988721V,Carlos Gómez Martínez,FISICA
Juan,Díaz,914,21075389Y,Juan Fernández López,FISICA
Teresa,Fernández,915,40077083C,Patricia Castro Torres,FISICA
Enrique,Iglesias,916,84711301R,Carlos Pérez Sánchez,FISICA
Jan,Pereira,917,13392399M,Laura Martínez Pereira,FISICA
Daniel Pedro,Ramírez,918,17220362D,María Sánchez Torres,FISICA
Juan José,Pereira,919,38556267X,Pedro Fernández Silva,FISICA
Antonio,González,920,90493174L,Isabel Silva Torres,FISICA
Pablo,Santos,921,53811700A,Sofía Pérez Fernández,FISICA
Carmen,Sánchez,922,52307900N,Laura Sánchez Martínez,FISICA
Raquel,Martín,923,65981521H,Diego Pérez Castro,FISICA
Inés,Delgado,924,44069489V,Laura Fernández Martínez,FISICA
Jan,Pereira,925,22429012X,Carmen Sánchez González,FISICA
Sofía,Vázquez,926,76534841H,Patricia Fernández Fernández,FISICA
Jan,Pereira,927,78533129C,Patricia Gómez Pereira,FISICA
Pablo,Moreno,928,36376434W,Jan Silva Martínez,FISICA
Sofía,Medina,929,73373769C,Roberto Castro Fernández,FISICA
Silvia,Pereira,930,94728143K,María Pérez Vargas,FISICA
Cristina Miguel,Ramos,931,51143258K,Isabel Fernández Fernández,FISICA
Ana,Nuñez,932,47419832L,Jan Pereira Martínez,FISICA
Pedro Antonio,Suárez,933,22490255G,Jan Pérez Sánchez,FISICA
Antonio,Pereira,934,53681752M,Juan Pérez Vargas,FISICA
Miguel,Delgado,935,35234005Y,Laura Fernández Fernández,FISICA
Jan,Pereira,936,51024423G,Carmen López Castro,FISICA
Jan,Pereira,937,93281264A,Jorge Silva López,FISICA
Antonio,Pereira,938,86064789P,Isabel Sánchez Vargas,FISICA
Isabel,Castro,939,12577048G,María Pereira Pérez,FISICA
Carlos,Ruiz,940,94541507F,Fernando Sánchez López,FISICA
Javier,González,941,66896313P,Roberto Fernández Rodríguez,FISICA
Dolores,Martín,942,44993745H,Sofía Pereira Silva,FISICA
Jan,Pereira,943,33884573F,Pedro Gómez Pereira,FISICA
Lucía,Jiménez,944,92820245L,Roberto Gómez García,FISICA
Juan José,Pereira,945,70653256Q,Valentina Pérez Sánchez,FISICA
Jan,Pereira,946,57478526P,Diego González Sánchez,FISICA
Antonio,Pereira,947,73913031R,Antonio González González,FISICA
Pablo,Lozano,948,57103942W,Fernando Silva González,FISICA
Eva Carlos,Fernández,949,84131703A,Juan López Castro,FISICA
Roberto Rosa,López,950,70571525G,Laura Fernández Rodríguez,FISICA
Marta,Iglesias,951,22710758Y,Jorge Gómez Pereira,FISICA
Cristina,Silva,952,21242769S,Jorge García Martínez,FISICA
Raúl,Romero,953,19976880T,Luis Martínez Pereira,FISICA
Andrés,Suárez,954,15839694P,Carlos Sánchez Martínez,FISICA
Gloria,Ramos,955,60612357C,María Fernández López,FISICA
Amparo,Marín,956,22781159G,Patricia Sánchez Castro,FISICA
Juan José,Pereira,957,83313928Q,Jan Martínez Pereira,FISICA
José,Muñoz,958,31353868S,Sofía Castro López,FISICA
Sofía,Romero,959,21262483H,Patricia González Vargas,FISICA
Nuria,Vargas,960,77180838Z,Patricia Torres Martínez,FISICA
Eva,Ramos,961,49522864T,Ana López Silva,FISICA
Miguel,Martínez,962,30159692E,Jan Pereira Gómez,FISICA
Lucía Juan,Vázquez,963,48266242Y,Jan Gómez Fernández,FISICA
Miguel,Gómez,964,11593355K,Jorge Sánchez Silva,FISICA
Mónica Juan,Ortiz,965,86136310E,Elena Castro Vargas,FISICA
Francisco,Sánchez,966,96655183Y,Sofía González López,FISICA
Manuel Pedro,Martínez,967,86779670A,Elena González Castro,FISICA
Jan,Navarro,968,44254696M,Diego Torres Sánchez,FISICA
Juan,Alonso,969,40467563Y,Laura Pereira Castro,FISICA
Marta,Martínez,970,32822939F,Carmen González Gómez,FISICA
Jan,Pereira,971,81274274W,Jorge Gómez Torres,FISICA
Pedro,Santos,972,15543131F,Antonio Torres García,FISICA
Jan,Pereira,973,99478387Y,Sofía Silva García,FISICA
Pilar,Martín,974,89733279K,Isabel Pereira Sánchez,FISICA
Mónica Luis,Ramírez,975,53897288P,Luis Sánchez Silva,FISICA
Jan,López,976,76231441B,Isabel Martínez López,FISICA
Patricia,Lozano,977,19577617V,Roberto Pereira Vargas,FISICA
Óscar,Iglesias,978,57027241Y,Fernando González Martínez,FISICA
Miguel,Gómez,979,79663829V,Jorge García Silva,FISICA
Jan,Pereira,980,21674555E,Diego López Gómez,FISICA
Jan,Pereira,981,57179849D,Carlos Martínez Sánchez,FISICA
Juan José,Pereira,982,27753672D,Jorge Gómez Rodríguez,FISICA
Diego,Gutiérrez,983,90360828S,Jorge Fernández Gómez,FISICA
Pablo,Hernández,984,89085314N,Antonio Gómez Gómez,FISICA
Carmen,Gil,985,84120848G,Luis Gómez Sánchez,FISICA
Antonio,Méndez,986,58436741C,Sofía Sánchez López,FISICA
Pilar,Rubio,987,24355932J,Fernando Vargas Castro,FISICA
Javier,Ramos,988,59031074X,Elena Pereira Sánchez,FISICA
Jan,Gil,989,86032797D,Fernando Pérez Torres,FISICA
Alberto,Hernández,990,35882107Z,Luis López Sánchez,FISICA
Daniel,Ruiz,991,98245920V,Carmen Rodríguez García,FISICA
Gloria,González,992,85132907V,Sofía Martínez López,FISICA
Beatriz,Cortés,993,59884932Q,Antonio Vargas García,FISICA
José,Alonso,994,68508767R,Miguel Fernández Martínez,FISICA
Luis,Vargas,995,76667190W,Patricia García Silva,FISICA
Amparo,Suárez,996,40683373F,Laura Fernández López,FISICA
Lucía Francisco,Álvarez,997,94857767V,Juan Martínez Castro,FISICA
Nuria,Serrano,998,80437774N,Carmen Vargas Pereira,FISICA
Juan José,Pereira,999,13853691D,Valentina González Silva,FISICA
Rafael,Marín,1000,49099003Y,Ana Pérez Pérez,FISICA
