Nombre,Apellido,id,poliza_id,asegurado_id,vehiculo_id,rol
María,Méndez,1,1,1,1,TITULAR
Roberto,Gómez,2,2,2,2,TITULAR
Amparo,Méndez,3,3,3,3,TITULAR
Sofía,Marín,4,4,4,4,TITULAR
Antonio,Pereira,5,5,5,5,TITULAR
Sergio,Sanz,6,6,6,6,TITULAR
Jorge Carmen,Medina,7,7,7,7,TITULAR
Francisco,Moreno,8,8,8,8,TITULAR
Isabel,García,9,9,9,9,TITULAR
Pedro,Castillo,10,10,10,10,TITULAR
Jan,Pereira,11,11,11,11,TITULAR
Víctor,Torres,12,12,12,12,TITULAR
Alejandro Antonio,Domínguez,13,13,13,13,TITULAR
Óscar,Álvarez,14,14,14,14,TITULAR
Rubén,Molina,15,15,15,15,TITULAR
Alejandro,Martínez,16,16,16,16,TITULAR
Raúl,Iglesias,17,17,17,17,TITULAR
Teresa,Rubio,18,18,18,18,TITULAR
Luis,Rodríguez,19,19,19,19,TITULAR
Marta,Alonso,20,20,20,20,TITULAR
Roberto,Sánchez,21,21,21,21,TITULAR
Beatriz,Nuñez,22,22,22,22,TITULAR
Pedro,Vázquez,23,23,23,23,TITULAR
Jan,Pereira,24,24,24,24,TITULAR
Amparo,Medina,25,25,25,25,TITULAR
Jan,Pereira,26,26,26,26,TITULAR
Pedro,Molina,27,27,27,27,TITULAR
Raúl,Castillo,28,28,28,28,TITULAR
Amparo,Navarro,29,29,29,29,TITULAR
Marta,Fernández,30,30,30,30,TITULAR
Carlos,Navarro,31,31,31,31,TITULAR
Luis,Díaz,32,32,32,32,TITULAR
Antonio,Pereira,33,33,33,33,TITULAR
Silvia,Suárez,34,34,34,34,TITULAR
Silvia,Molina,35,35,35,35,TITULAR
Diego Francisco,Méndez,36,36,36,36,TITULAR
Fernando,Méndez,37,37,37,37,TITULAR
Jan,Pereira,38,38,38,38,TITULAR
Diego,Ortega,39,39,39,39,TITULAR
Víctor,Fernández,40,40,40,40,TITULAR
Valentina,Nuñez,41,41,41,41,TITULAR
Amparo,Serrano,42,42,42,42,TITULAR
Alejandro,Ramos,43,43,43,43,TITULAR
Beatriz,Delgado,44,44,44,44,TITULAR
Gloria,García,45,45,45,45,TITULAR
Jan,Pereira,46,46,46,46,TITULAR
Víctor,Romero,47,47,47,47,TITULAR
Rosa,Pérez,48,48,48,48,TITULAR
Pedro,Molina,49,49,49,49,TITULAR
Rubén Carmen,Álvarez,50,50,50,50,TITULAR
Víctor,Ruiz,51,51,51,51,TITULAR
Miguel,Nuñez,52,52,52,52,TITULAR
Raúl,Ortega,53,53,53,53,TITULAR
Valentina,Vázquez,54,54,54,54,TITULAR
Daniel,Silva,55,55,55,55,TITULAR
Juan,Sanz,56,56,56,56,TITULAR
María,Pérez,57,57,57,57,TITULAR
José,Gutiérrez,58,58,58,58,TITULAR
Patricia,Rubio,59,59,59,59,TITULAR
Sofía,Lozano,60,60,60,60,TITULAR
Luis,Pereira,61,61,61,61,TITULAR
Diego,Gómez,62,62,62,62,TITULAR
Gloria,Jiménez,63,63,63,63,TITULAR
Óscar,Serrano,64,64,64,64,TITULAR
Daniel,Pereira,65,65,65,65,TITULAR
Jorge,Cortés,66,66,66,66,TITULAR
Enrique,Medina,67,67,67,67,TITULAR
Raquel,Blanco,68,68,68,68,TITULAR
Jan,Pereira,69,69,69,69,TITULAR
Gloria Francisco,Marín,70,70,70,70,TITULAR
Juan José,Pereira,71,71,71,71,TITULAR
Roberto,López,72,72,72,72,TITULAR
Rosa,López,73,73,73,73,TITULAR
Isabel,Garrido,74,74,74,74,TITULAR
Daniel,Gómez,75,75,75,75,TITULAR
Alberto,Rubio,76,76,76,76,TITULAR
Jan,Morales,77,77,77,77,TITULAR
Jorge,Sánchez,78,78,78,78,TITULAR
Mónica Carlos,Serrano,79,79,79,79,TITULAR
Rubén,Fernández,80,80,80,80,TITULAR
Silvia,Sánchez,81,81,81,81,TITULAR
Rubén Carlos,Sánchez,82,82,82,82,TITULAR
Jorge,Castro,83,83,83,83,TITULAR
Mónica,Ruiz,84,84,84,84,TITULAR
Patricia,López,85,85,85,85,TITULAR
Gloria,Sánchez,86,86,86,86,TITULAR
Daniel Rosa,García,87,87,87,87,TITULAR
Jan,Pereira,88,88,88,88,TITULAR
Pilar,Morales,89,89,89,89,TITULAR
Cristina,Fernández,90,90,90,90,TITULAR
Juan,Ramos,91,91,91,91,TITULAR
Jan,Vargas,92,92,92,92,TITULAR
Mónica,Castillo,93,93,93,93,TITULAR
Juan José,Pereira,94,94,94,94,TITULAR
Pilar,Martín,95,95,95,95,TITULAR
Elena,Fernández,96,96,96,96,TITULAR
Daniel,Fernández,97,97,97,97,TITULAR
Ana,Fernández,98,98,98,98,TITULAR
Sergio,Delgado,99,99,99,99,TITULAR
Jan,Pereira,100,100,100,100,TITULAR
Jan,Pereira,101,101,101,101,TITULAR
Patricia Miguel,Pérez,102,102,102,102,TITULAR
Alberto,Muñoz,103,103,103,103,TITULAR
Carlos,Iglesias,104,104,104,104,TITULAR
Enrique Javier,Rubio,105,105,105,105,TITULAR
Fernando,Díaz,106,106,106,106,TITULAR
Javier,Muñoz,107,107,107,107,TITULAR
Jan,Pereira,108,108,108,108,TITULAR
Jan,Pereira,109,109,109,109,TITULAR
Luis,García,110,110,110,110,TITULAR
Alberto,Sánchez,111,111,111,111,TITULAR
Jan,Pereira,112,112,112,112,TITULAR
Manuel Antonio,Muñoz,113,113,113,113,TITULAR
Pedro,Blanco,114,114,114,114,TITULAR
Nuria,Gutiérrez,115,115,115,115,TITULAR
José,Medina,116,116,116,116,TITULAR
Juan José,Pereira,117,117,117,117,TITULAR
Jan,Pereira,118,118,118,118,TITULAR
Jan,Pereira,119,119,119,119,TITULAR
Miguel Carmen,Ortiz,120,120,120,120,TITULAR
Antonio,Sanz,121,121,121,121,TITULAR
Rosa,Díaz,122,122,122,122,TITULAR
Fernando,Ortega,123,123,123,123,TITULAR
Ana,Martínez,124,124,124,124,TITULAR
Isabel,Rodríguez,125,125,125,125,TITULAR
Marta Manuel,Nuñez,126,126,126,126,TITULAR
Pedro,Méndez,127,127,127,127,TITULAR
Nuria,Serrano,128,128,128,128,TITULAR
Laura,López,129,129,129,129,TITULAR
Pablo,Martín,130,130,130,130,TITULAR
Juan José,Pereira,131,131,131,131,TITULAR
Mónica,Gómez,132,132,132,132,TITULAR
Teresa Ana,Rodríguez,133,133,133,133,TITULAR
Antonio,Pereira,134,134,134,134,TITULAR
Juan José,Pereira,135,135,135,135,TITULAR
Francisco,Iglesias,136,136,136,136,TITULAR
Patricia,Jiménez,137,137,137,137,TITULAR
José,Ruiz,138,138,138,138,TITULAR
María,Ruiz,139,139,139,139,TITULAR
Rosa,Vargas,140,140,140,140,TITULAR
José,Garrido,141,141,141,141,TITULAR
José,Muñoz,142,142,142,142,TITULAR
Jan,Castillo,143,143,143,143,TITULAR
Carlos Rosa,Morales,144,144,144,144,TITULAR
Beatriz,Domínguez,145,145,145,145,TITULAR
Jan,Pereira,146,146,146,146,TITULAR
Enrique,Hernández,147,147,147,147,TITULAR
Isabel,López,148,148,148,148,TITULAR
Isabel,Domínguez,149,149,149,149,TITULAR
Cristina,Santos,150,150,150,150,TITULAR
Daniel,Torres,151,151,151,151,TITULAR
Laura,Álvarez,152,152,152,152,TITULAR
Juan José,Pereira,153,153,153,153,TITULAR
Mónica Carlos,Lozano,154,154,154,154,TITULAR
Jan,Pereira,155,155,155,155,TITULAR
Laura,Ramos,156,156,156,156,TITULAR
Jorge,Álvarez,157,157,157,157,TITULAR
Juan José,Pereira,158,158,158,158,TITULAR
Daniel,Santos,159,159,159,159,TITULAR
Eva,Méndez,160,160,160,160,TITULAR
Antonio,Pereira,161,161,161,161,TITULAR
Enrique Carlos,Iglesias,162,162,162,162,TITULAR
Laura,Lozano,163,163,163,163,TITULAR
Sergio,Gutiérrez,164,164,164,164,TITULAR
Javier,Gil,165,165,165,165,TITULAR
Gloria,Gómez,166,166,166,166,TITULAR
Enrique,Ramos,167,167,167,167,TITULAR
Carmen,Iglesias,168,168,168,168,TITULAR
Cristina,Ortiz,169,169,169,169,TITULAR
Lucía,Alonso,170,170,170,170,TITULAR
Jan,Pereira,171,171,171,171,TITULAR
Javier,Molina,172,172,172,172,TITULAR
Amparo,Díaz,173,173,173,173,TITULAR
Jan,Vargas,174,174,174,174,TITULAR
Enrique,Martínez,175,175,175,175,TITULAR
Enrique,Nuñez,176,176,176,176,TITULAR
Sofía,Pereira,177,177,177,177,TITULAR
Lucía,Moreno,178,178,178,178,TITULAR
Valentina,González,179,179,179,179,TITULAR
Rafael Javier,Silva,180,180,180,180,TITULAR
Juan José,Pereira,181,181,181,181,TITULAR
Pablo,Ramos,182,182,182,182,TITULAR
Patricia,Martín,183,183,183,183,TITULAR
Juan,Pereira,184,184,184,184,TITULAR
Miguel,Silva,185,185,185,185,TITULAR
Juan José,Pereira,186,186,186,186,TITULAR
Ana,Ortiz,187,187,187,187,TITULAR
Laura,Molina,188,188,188,188,TITULAR
Beatriz María,Delgado,189,189,189,189,TITULAR
Óscar,Navarro,190,190,190,190,TITULAR
Andrés,Iglesias,191,191,191,191,TITULAR
Sergio,Serrano,192,192,192,192,TITULAR
Gloria,Blanco,193,193,193,193,TITULAR
Antonio,Pereira,194,194,194,194,TITULAR
Víctor,Muñoz,195,195,195,195,TITULAR
Juan José,Pereira,196,196,196,196,TITULAR
Pilar,Nuñez,197,197,197,197,TITULAR
Andrés,López,198,198,198,198,TITULAR
Patricia,Romero,199,199,199,199,TITULAR
Daniel,Martínez,200,200,200,200,TITULAR
Roberto Miguel,Castillo,201,201,201,201,TITULAR
Elena,López,202,202,202,202,TITULAR
Rosa,Castro,203,203,203,203,TITULAR
Ana,Díaz,204,204,204,204,TITULAR
Juan José,Pereira,205,205,205,205,TITULAR
Antonio,Pereira,206,206,206,206,TITULAR
Víctor,Rubio,207,207,207,207,TITULAR
Juan José,Pereira,208,208,208,208,TITULAR
Antonio,Pereira,209,209,209,209,TITULAR
Eva,Castro,210,210,210,210,TITULAR
Roberto,Suárez,211,211,211,211,TITULAR
Jan,Pereira,212,212,212,212,TITULAR
Rosa María,Santos,213,213,213,213,TITULAR
Rubén,Jiménez,214,214,214,214,TITULAR
Diego,Iglesias,215,215,215,215,TITULAR
Cristina,Marín,216,216,216,216,TITULAR
María,Martínez,217,217,217,217,TITULAR
Diego,Molina,218,218,218,218,TITULAR
Fernando,Ramos,219,219,219,219,TITULAR
Juan José,Pereira,220,220,220,220,TITULAR
Juan José,Pereira,221,221,221,221,TITULAR
Francisco,Álvarez,222,222,222,222,TITULAR
Rafael,González,223,223,223,223,TITULAR
Ana,Domínguez,224,224,224,224,TITULAR
Luis,Silva,225,225,225,225,TITULAR
Carlos,Pereira,226,226,226,226,TITULAR
Jan,Pereira,227,227,227,227,TITULAR
Jan,Pereira,228,228,228,228,TITULAR
Laura,Rubio,229,229,229,229,TITULAR
Beatriz,Castillo,230,230,230,230,TITULAR
Juan José,Pereira,231,231,231,231,TITULAR
Eva,Cortés,232,232,232,232,TITULAR
Pedro Luis,Sánchez,233,233,233,233,TITULAR
Lucía,Rubio,234,234,234,234,TITULAR
Alejandro,Gil,235,235,235,235,TITULAR
Jorge,López,236,236,236,236,TITULAR
Raúl,Muñoz,237,237,237,237,TITULAR
Marta Luis,Santos,238,238,238,238,TITULAR
Laura,Vargas,239,239,239,239,TITULAR
Antonio,Pereira,240,240,240,240,TITULAR
Mónica,Garrido,241,241,241,241,TITULAR
Sergio,Medina,242,242,242,242,TITULAR
Francisco,Suárez,243,243,243,243,TITULAR
Teresa María,Molina,244,244,244,244,TITULAR
Mónica,Ruiz,245,245,245,245,TITULAR
Silvia,Romero,246,246,246,246,TITULAR
Daniel,Silva,247,247,247,247,TITULAR
Mónica,Lozano,248,248,248,248,TITULAR
Javier,Muñoz,249,249,249,249,TITULAR
Sofía,Romero,250,250,250,250,TITULAR
Patricia,Pereira,251,251,251,251,TITULAR
Inés,Garrido,252,252,252,252,TITULAR
María,Suárez,253,253,253,253,TITULAR
Carmen,Suárez,254,254,254,254,TITULAR
Jan,Pereira,255,255,255,255,TITULAR
Óscar,Castillo,256,256,256,256,TITULAR
Gloria,García,257,257,257,257,TITULAR
Jorge,Martínez,258,258,258,258,TITULAR
Antonio,Pereira,259,259,259,259,TITULAR
Patricia,Castillo,260,260,260,260,TITULAR
Nuria,Suárez,261,261,261,261,TITULAR
María,Martínez,262,262,262,262,TITULAR
Cristina,Castillo,263,263,263,263,TITULAR
Enrique,Marín,264,264,264,264,TITULAR
Jan,Pereira,265,265,265,265,TITULAR
Eva,Ortiz,266,266,266,266,TITULAR
Antonio,Pereira,267,267,267,267,TITULAR
Fernando,Moreno,268,268,268,268,TITULAR
Jorge Carlos,Pérez,269,269,269,269,TITULAR
Víctor,Castillo,270,270,270,270,TITULAR
Elena,Méndez,271,271,271,271,TITULAR
Juan José,Pereira,272,272,272,272,TITULAR
Raquel,Sanz,273,273,273,273,TITULAR
Miguel,Hernández,274,274,274,274,TITULAR
Teresa,Ruiz,275,275,275,275,TITULAR
Nuria,Castro,276,276,276,276,TITULAR
Carlos José,Ortiz,277,277,277,277,TITULAR
Diego,Nuñez,278,278,278,278,TITULAR
Pilar,Sánchez,279,279,279,279,TITULAR
Alberto,Alonso,280,280,280,280,TITULAR
Andrés,Torres,281,281,281,281,TITULAR
Ana,Álvarez,282,282,282,282,TITULAR
Rafael,Pérez,283,283,283,283,TITULAR
Cristina,Suárez,284,284,284,284,TITULAR
Raúl María,Fernández,285,285,285,285,TITULAR
José,Rubio,286,286,286,286,TITULAR
Sofía,Muñoz,287,287,287,287,TITULAR
Víctor Miguel,Sanz,288,288,288,288,TITULAR
Inés,Moreno,289,289,289,289,TITULAR
Alejandro,Blanco,290,290,290,290,TITULAR
Antonio,Pereira,291,291,291,291,TITULAR
Lucía,Rubio,292,292,292,292,TITULAR
Inés,Méndez,293,293,293,293,TITULAR
Víctor Francisco,Nuñez,294,294,294,294,TITULAR
Enrique,Martínez,295,295,295,295,TITULAR
Carmen,Ortiz,296,296,296,296,TITULAR
Juan Miguel,Blanco,297,297,297,297,TITULAR
Rafael,Alonso,298,298,298,298,TITULAR
Antonio Carmen,Alonso,299,299,299,299,TITULAR
Beatriz,López,300,300,300,300,TITULAR
Fernando,Vargas,301,301,301,301,TITULAR
Dolores,Garrido,302,302,302,302,TITULAR
Jan,Pereira,303,303,303,303,TITULAR
Roberto María,Martín,304,304,304,304,TITULAR
Valentina,López,305,305,305,305,TITULAR
Jan Luis,Sanz,306,306,306,306,TITULAR
Alberto,Alonso,307,307,307,307,TITULAR
Jan,Pereira,308,308,308,308,TITULAR
Cristina,Romero,309,309,309,309,TITULAR
Antonio,Pereira,310,310,310,310,TITULAR
Carlos Miguel,Méndez,311,311,311,311,TITULAR
Fernando,González,312,312,312,312,TITULAR
Amparo Rosa,Rubio,313,313,313,313,TITULAR
María,Pereira,314,314,314,314,TITULAR
Isabel,Rubio,315,315,315,315,TITULAR
Víctor Manuel,Morales,316,316,316,316,TITULAR
Andrés,Romero,317,317,317,317,TITULAR
Dolores,Serrano,318,318,318,318,TITULAR
Pilar,Martínez,319,319,319,319,TITULAR
Jan,Pereira,320,320,320,320,TITULAR
Miguel,Jiménez,321,321,321,321,TITULAR
Pablo,Suárez,322,322,322,322,TITULAR
Cristina,Pereira,323,323,323,323,TITULAR
Beatriz,Martínez,324,324,324,324,TITULAR
Javier,Pérez,325,325,325,325,TITULAR
Cristina,Ortega,326,326,326,326,TITULAR
Jan,Pereira,327,327,327,327,TITULAR
Beatriz,Ramírez,328,328,328,328,TITULAR
Raquel Carlos,Iglesias,329,329,329,329,TITULAR
Raúl,Blanco,330,330,330,330,TITULAR
Antonio,Pereira,331,331,331,331,TITULAR
Antonio,Blanco,332,332,332,332,TITULAR
Pilar,Pérez,333,333,333,333,TITULAR
Raúl Javier,Muñoz,334,334,334,334,TITULAR
Lucía,Ortiz,335,335,335,335,TITULAR
Francisco Antonio,Moreno,336,336,336,336,TITULAR
Laura,Molina,337,337,337,337,TITULAR
Silvia,Martín,338,338,338,338,TITULAR
Juan José,Pereira,339,339,339,339,TITULAR
Jan,Pereira,340,340,340,340,TITULAR
Rafael,Muñoz,341,341,341,341,TITULAR
Valentina,Ramos,342,342,342,342,TITULAR
Óscar,Ortega,343,343,343,343,TITULAR
Diego,López,344,344,344,344,TITULAR
Jan,Ramírez,345,345,345,345,TITULAR
Jan,Ortega,346,346,346,346,TITULAR
Juan,Alonso,347,347,347,347,TITULAR
Juan José,Pereira,348,348,348,348,TITULAR
Pilar,Martín,349,349,349,349,TITULAR
Rafael,Domínguez,350,350,350,350,TITULAR
Víctor,Castro,351,351,351,351,TITULAR
Jan,Pereira,352,352,352,352,TITULAR
Patricia,Rubio,353,353,353,353,TITULAR
Jan,Pereira,354,354,354,354,TITULAR
Eva Juan,Cortés,355,355,355,355,TITULAR
Alejandro,Ramos,356,356,356,356,TITULAR
Jan,Pereira,357,357,357,357,TITULAR
Pilar,Rodríguez,358,358,358,358,TITULAR
Dolores Carlos,Sánchez,359,359,359,359,TITULAR
Andrés,Sánchez,360,360,360,360,TITULAR
Beatriz,García,361,361,361,361,TITULAR
Francisco,Medina,362,362,362,362,TITULAR
Luis,Morales,363,363,363,363,TITULAR
Jan,Pereira,364,364,364,364,TITULAR
Antonio,Pereira,365,365,365,365,TITULAR
Rosa Rosa,Santos,366,366,366,366,TITULAR
Alejandro,Navarro,367,367,367,367,TITULAR
Víctor,Suárez,368,368,368,368,TITULAR
Jan,Pereira,369,369,369,369,TITULAR
Raúl María,Alonso,370,370,370,370,TITULAR
Antonio,Pereira,371,371,371,371,TITULAR
Miguel,Pereira,372,372,372,372,TITULAR
Miguel,Blanco,373,373,373,373,TITULAR
Lucía,González,374,374,374,374,TITULAR
Jan José,Alonso,375,375,375,375,TITULAR
Mónica,Martín,376,376,376,376,TITULAR
Francisco,Rubio,377,377,377,377,TITULAR
Carmen,Jiménez,378,378,378,378,TITULAR
Inés,Ramos,379,379,379,379,TITULAR
Patricia,Suárez,380,380,380,380,TITULAR
Valentina,Moreno,381,381,381,381,TITULAR
Fernando,Molina,382,382,382,382,TITULAR
Juan,Molina,383,383,383,383,TITULAR
Jan,Pereira,384,384,384,384,TITULAR
Andrés,Domínguez,385,385,385,385,TITULAR
Lucía,Nuñez,386,386,386,386,TITULAR
Pablo,Álvarez,387,387,387,387,TITULAR
Lucía,Hernández,388,388,388,388,TITULAR
Rafael,Sánchez,389,389,389,389,TITULAR
Antonio,Pereira,390,390,390,390,TITULAR
Pablo,Alonso,391,391,391,391,TITULAR
Enrique Miguel,Romero,392,392,392,392,TITULAR
Amparo Ana,Méndez,393,393,393,393,TITULAR
Juan José,Pereira,394,394,394,394,TITULAR
Antonio,Silva,395,395,395,395,TITULAR
Óscar,Domínguez,396,396,396,396,TITULAR
Jorge,Iglesias,397,397,397,397,TITULAR
Víctor,Lozano,398,398,398,398,TITULAR
Amparo,Gómez,399,399,399,399,TITULAR
Raúl,Medina,400,400,400,400,TITULAR
Jan,Pereira,401,401,401,401,TITULAR
Rubén,Gómez,402,402,402,402,TITULAR
Antonio Carlos,Méndez,403,403,403,403,TITULAR
Jorge,Gómez,404,404,404,404,TITULAR
Teresa,Delgado,405,405,405,405,TITULAR
Isabel,Jiménez,406,406,406,406,TITULAR
Rafael,Alonso,407,407,407,407,TITULAR
Rosa,Pérez,408,408,408,408,TITULAR
Juan José,Pereira,409,409,409,409,TITULAR
Jan,Pereira,410,410,410,410,TITULAR
Jan,Pereira,411,411,411,411,TITULAR
Jan,Gil,412,412,412,412,TITULAR
Daniel Antonio,Molina,413,413,413,413,TITULAR
Eva,Santos,414,414,414,414,TITULAR
Alejandro,Nuñez,415,415,415,415,TITULAR
Miguel,Santos,416,416,416,416,TITULAR
María,Iglesias,417,417,417,417,TITULAR
Gloria,Navarro,418,418,418,418,TITULAR
Antonio,Pereira,419,419,419,419,TITULAR
Beatriz Carmen,Gutiérrez,420,420,420,420,TITULAR
Laura,Gómez,421,421,421,421,TITULAR
Carlos Luis,Suárez,422,422,422,422,TITULAR
Patricia Pedro,Gómez,423,423,423,423,TITULAR
Teresa,Garrido,424,424,424,424,TITULAR
Pablo,Castro,425,425,425,425,TITULAR
Jan,Pereira,426,426,426,426,TITULAR
Francisco,Medina,427,427,427,427,TITULAR
Pilar Javier,Ramírez,428,428,428,428,TITULAR
Jan,Pereira,429,429,429,429,TITULAR
Elena,Blanco,430,430,430,430,TITULAR
Juan José,Pereira,431,431,431,431,TITULAR
Amparo Carlos,Castro,432,432,432,432,TITULAR
Silvia,Domínguez,433,433,433,433,TITULAR
Isabel Francisco,Pérez,434,434,434,434,TITULAR
Beatriz,Martínez,435,435,435,435,TITULAR
Juan José,Pereira,436,436,436,436,TITULAR
Juan José,Pereira,437,437,437,437,TITULAR
Patricia,Gómez,438,438,438,438,TITULAR
Elena,López,439,439,439,439,TITULAR
Juan José,Pereira,440,440,440,440,TITULAR
Jan,Pereira,441,441,441,441,TITULAR
Jan,Sanz,442,442,442,442,TITULAR
Valentina Manuel,Castro,443,443,443,443,TITULAR
Carmen,Pérez,444,444,444,444,TITULAR
Juan José,Pereira,445,445,445,445,TITULAR
Jan Ana,Muñoz,446,446,446,446,TITULAR
María,Ruiz,447,447,447,447,TITULAR
Diego,Méndez,448,448,448,448,TITULAR
Jan,Pereira,449,449,449,449,TITULAR
Andrés Ana,Vázquez,450,450,450,450,TITULAR
Miguel,Blanco,451,451,451,451,TITULAR
Inés,Rodríguez,452,452,452,452,TITULAR
Enrique,Delgado,453,453,453,453,TITULAR
Silvia,González,454,454,454,454,TITULAR
Antonio,Pereira,455,455,455,455,TITULAR
Miguel,Suárez,456,456,456,456,TITULAR
Jan,Pereira,457,457,457,457,TITULAR
Javier,Sanz,458,458,458,458,TITULAR
Diego Luis,Iglesias,459,459,459,459,TITULAR
Gloria,Cortés,460,460,460,460,TITULAR
Óscar,Delgado,461,461,461,461,TITULAR
Sergio,Sanz,462,462,462,462,TITULAR
Jan,Castillo,463,463,463,463,TITULAR
Jan,Pereira,464,464,464,464,TITULAR
Elena,Serrano,465,465,465,465,TITULAR
Roberto,Ramírez,466,466,466,466,TITULAR
Jan,Pereira,467,467,467,467,TITULAR
Miguel,Navarro,468,468,468,468,TITULAR
Enrique,Álvarez,469,469,469,469,TITULAR
Valentina,Santos,470,470,470,470,TITULAR
Luis,Martínez,471,471,471,471,TITULAR
Juan José,Pereira,472,472,472,472,TITULAR
Eva Carlos,Gómez,473,473,473,473,TITULAR
Dolores,Ortiz,474,474,474,474,TITULAR
Jan,Pereira,475,475,475,475,TITULAR
Enrique,Pereira,476,476,476,476,TITULAR
Rubén,Fernández,477,477,477,477,TITULAR
Antonio,Pereira,478,478,478,478,TITULAR
Alberto,Ortega,479,479,479,479,TITULAR
Enrique,Morales,480,480,480,480,TITULAR
Antonio,Pereira,481,481,481,481,TITULAR
Teresa,Pérez,482,482,482,482,TITULAR
Alberto,Moreno,483,483,483,483,TITULAR
Antonio,Pereira,484,484,484,484,TITULAR
Inés,Santos,485,485,485,485,TITULAR
María,Sanz,486,486,486,486,TITULAR
Antonio,Pereira,487,487,487,487,TITULAR
Jan,Pereira,488,488,488,488,TITULAR
Rosa,Domínguez,489,489,489,489,TITULAR
Valentina Javier,Garrido,490,490,490,490,TITULAR
Valentina,Méndez,491,491,491,491,TITULAR
María,Martínez,492,492,492,492,TITULAR
Elena,Ramos,493,493,493,493,TITULAR
Rosa,Jiménez,494,494,494,494,TITULAR
Jan,Pereira,495,495,495,495,TITULAR
Alberto,Sanz,496,496,496,496,TITULAR
Ana Manuel,Jiménez,497,497,497,497,TITULAR
Ana,Santos,498,498,498,498,TITULAR
Andrés María,Serrano,499,499,499,499,TITULAR
Andrés,Ramírez,500,500,500,500,TITULAR
Víctor,Ortega,501,501,501,501,TITULAR
Mónica Antonio,Alonso,502,502,502,502,TITULAR
Dolores,Suárez,503,503,503,503,TITULAR
Lucía,Rodríguez,504,504,504,504,TITULAR
Óscar,Fernández,505,505,505,505,TITULAR
Lucía Francisco,Silva,506,506,506,506,TITULAR
Antonio,Pereira,507,507,507,507,TITULAR
Pilar Carmen,Serrano,508,508,508,508,TITULAR
Alejandro,Castro,509,509,509,509,TITULAR
Sergio,Ortiz,510,510,510,510,TITULAR
José,Domínguez,511,511,511,511,TITULAR
Eva José,Serrano,512,512,512,512,TITULAR
Jan,Pereira,513,513,513,513,TITULAR
Alberto,Gil,514,514,514,514,TITULAR
Francisco,Alonso,515,515,515,515,TITULAR
Antonio,Pereira,516,516,516,516,TITULAR
Inés,Molina,517,517,517,517,TITULAR
Teresa,Martínez,518,518,518,518,TITULAR
Jan,Pereira,519,519,519,519,TITULAR
Cristina,Delgado,520,520,520,520,TITULAR
Lucía Carmen,Torres,521,521,521,521,TITULAR
Juan José,Pereira,522,522,522,522,TITULAR
Jan,Pereira,523,523,523,523,TITULAR
Marta,Domínguez,524,524,524,524,TITULAR
Silvia,Martín,525,525,525,525,TITULAR
Valentina,Álvarez,526,526,526,526,TITULAR
Óscar,Martín,527,527,527,527,TITULAR
Silvia,López,528,528,528,528,TITULAR
Marta,Nuñez,529,529,529,529,TITULAR
Víctor,Rubio,530,530,530,530,TITULAR
Andrés,Santos,531,531,531,531,TITULAR
Jan,Pereira,532,532,532,532,TITULAR
Inés,Navarro,533,533,533,533,TITULAR
Jan,Pereira,534,534,534,534,TITULAR
Luis,Morales,535,535,535,535,TITULAR
Lucía,Vargas,536,536,536,536,TITULAR
Ana,Domínguez,537,537,537,537,TITULAR
Lucía,Molina,538,538,538,538,TITULAR
Ana,Vázquez,539,539,539,539,TITULAR
Luis,Medina,540,540,540,540,TITULAR
Sofía,Iglesias,541,541,541,541,TITULAR
Alejandro,Molina,542,542,542,542,TITULAR
Jan,Méndez,543,543,543,543,TITULAR
Andrés,Rubio,544,544,544,544,TITULAR
Javier,Sanz,545,545,545,545,TITULAR
Valentina,Fernández,546,546,546,546,TITULAR
José,Torres,547,547,547,547,TITULAR
Jan,Pereira,548,548,548,548,TITULAR
Carlos,Muñoz,549,549,549,549,TITULAR
Jan,Pereira,550,550,550,550,TITULAR
Pedro,Vázquez,551,551,551,551,TITULAR
Antonio,Pereira,552,552,552,552,TITULAR
Rosa,Santos,553,553,553,553,TITULAR
Jan,Nuñez,554,554,554,554,TITULAR
Antonio,Pereira,555,555,555,555,TITULAR
Amparo Miguel,Alonso,556,556,556,556,TITULAR
Jan,Pereira,557,557,557,557,TITULAR
Rosa,Martínez,558,558,558,558,TITULAR
Valentina,Domínguez,559,559,559,559,TITULAR
Silvia,Castillo,560,560,560,560,TITULAR
Diego,Sanz,561,561,561,561,TITULAR
Sofía,Gutiérrez,562,562,562,562,TITULAR
Silvia,Vargas,563,563,563,563,TITULAR
Diego,Garrido,564,564,564,564,TITULAR
Eva,Santos,565,565,565,565,TITULAR
Sofía,Medina,566,566,566,566,TITULAR
Sergio,Vázquez,567,567,567,567,TITULAR
Lucía Manuel,Díaz,568,568,568,568,TITULAR
Marta,Suárez,569,569,569,569,TITULAR
Diego,Martín,570,570,570,570,TITULAR
Jan Antonio,Ortega,571,571,571,571,TITULAR
Jan,Pereira,572,572,572,572,TITULAR
Rosa Ana,Iglesias,573,573,573,573,TITULAR
Alejandro Manuel,Jiménez,574,574,574,574,TITULAR
Pablo,Silva,575,575,575,575,TITULAR
Pedro,Lozano,576,576,576,576,TITULAR
Jan,Pereira,577,577,577,577,TITULAR
Patricia,Blanco,578,578,578,578,TITULAR
Víctor,Méndez,579,579,579,579,TITULAR
Juan José,Pereira,580,580,580,580,TITULAR
José,Vargas,581,581,581,581,TITULAR
Jorge,Vázquez,582,582,582,582,TITULAR
Alberto,Blanco,583,583,583,583,TITULAR
Antonio,Silva,584,584,584,584,TITULAR
Antonio,Pereira,585,585,585,585,TITULAR
Jorge,Sanz,586,586,586,586,TITULAR
Fernando José,Medina,587,587,587,587,TITULAR
Teresa,Ortiz,588,588,588,588,TITULAR
Nuria,Delgado,589,589,589,589,TITULAR
Jan,Pereira,590,590,590,590,TITULAR
Isabel,Blanco,591,591,591,591,TITULAR
Valentina,Serrano,592,592,592,592,TITULAR
Roberto Rosa,Blanco,593,593,593,593,TITULAR
María,Ramírez,594,594,594,594,TITULAR
Jan,Pereira,595,595,595,595,TITULAR
Sofía,Vázquez,596,596,596,596,TITULAR
Javier,Sánchez,597,597,597,597,TITULAR
Silvia,Torres,598,598,598,598,TITULAR
Juan José,Pereira,599,599,599,599,TITULAR
Rafael,Castillo,600,600,600,600,TITULAR
Víctor,Cortés,601,601,601,601,TITULAR
Inés,García,602,602,602,602,TITULAR
Jan,Pereira,603,603,603,603,TITULAR
Valentina,Ortiz,604,604,604,604,TITULAR
Óscar,Delgado,605,605,605,605,TITULAR
Marta,Alonso,606,606,606,606,TITULAR
Laura,Fernández,607,607,607,607,TITULAR
Raúl,Vargas,608,608,608,608,TITULAR
Jan,Pereira,609,609,609,609,TITULAR
Juan José,Pereira,610,610,610,610,TITULAR
Antonio,Pereira,611,611,611,611,TITULAR
Nuria,Martín,612,612,612,612,TITULAR
Juan,Iglesias,613,613,613,613,TITULAR
Alberto,Ramírez,614,614,614,614,TITULAR
Enrique,Martínez,615,615,615,615,TITULAR
Teresa,López,616,616,616,616,TITULAR
Daniel,Ortega,617,617,617,617,TITULAR
Sergio,Ortiz,618,618,618,618,TITULAR
Rafael José,Nuñez,619,619,619,619,TITULAR
Teresa,Álvarez,620,620,620,620,TITULAR
Manuel,Vargas,621,621,621,621,TITULAR
Patricia Carmen,Garrido,622,622,622,622,TITULAR
Marta,Marín,623,623,623,623,TITULAR
Rosa,Gómez,624,624,624,624,TITULAR
Daniel Carlos,Medina,625,625,625,625,TITULAR
Antonio,Pereira,626,626,626,626,TITULAR
Pablo,Morales,627,627,627,627,TITULAR
Jan,Pereira,628,628,628,628,TITULAR
Marta Juan,Rodríguez,629,629,629,629,TITULAR
Carlos,Vargas,630,630,630,630,TITULAR
Carlos,Navarro,631,631,631,631,TITULAR
Sergio,Gil,632,632,632,632,TITULAR
Daniel,Morales,633,633,633,633,TITULAR
Víctor,Medina,634,634,634,634,TITULAR
Juan José,Pereira,635,635,635,635,TITULAR
Silvia Carlos,Romero,636,636,636,636,TITULAR
Teresa Miguel,Gil,637,637,637,637,TITULAR
Alejandro,Torres,638,638,638,638,TITULAR
Pilar,Castillo,639,639,639,639,TITULAR
José,Delgado,640,640,640,640,TITULAR
Sofía,Lozano,641,641,641,641,TITULAR
Mónica,Sanz,642,642,642,642,TITULAR
Carmen,Castro,643,643,643,643,TITULAR
Miguel,Martínez,644,644,644,644,TITULAR
Antonio,Gutiérrez,645,645,645,645,TITULAR
Nuria,Serrano,646,646,646,646,TITULAR
Andrés,Domínguez,647,647,647,647,TITULAR
Rubén,Domínguez,648,648,648,648,TITULAR
Mónica,Romero,649,649,649,649,TITULAR
Antonio,Pereira,650,650,650,650,TITULAR
Raúl Miguel,Vázquez,651,651,651,651,TITULAR
Eva,Santos,652,652,652,652,TITULAR
Antonio,Pereira,653,653,653,653,TITULAR
Jan,Pereira,654,654,654,654,TITULAR
Diego,López,655,655,655,655,TITULAR
Silvia,Vázquez,656,656,656,656,TITULAR
Alberto,Rodríguez,657,657,657,657,TITULAR
Amparo,Blanco,658,658,658,658,TITULAR
Teresa,Blanco,659,659,659,659,TITULAR
Alberto,Gómez,660,660,660,660,TITULAR
Jan,Pereira,661,661,661,661,TITULAR
Patricia,Pérez,662,662,662,662,TITULAR
Jan,Pereira,663,663,663,663,TITULAR
Jan,Pereira,664,664,664,664,TITULAR
Fernando,Cortés,665,665,665,665,TITULAR
Inés,Alonso,666,666,666,666,TITULAR
Antonio,Pereira,667,667,667,667,TITULAR
Luis Juan,Ruiz,668,668,668,668,TITULAR
Andrés,Martínez,669,669,669,669,TITULAR
Antonio,Pereira,670,670,670,670,TITULAR
Luis,Ortiz,671,671,671,671,TITULAR
Juan José,Pereira,672,672,672,672,TITULAR
Pablo,Nuñez,673,673,673,673,TITULAR
Jan,Pereira,674,674,674,674,TITULAR
Jorge,Vargas,675,675,675,675,TITULAR
Jan Juan,González,676,676,676,676,TITULAR
Antonio,Pereira,677,677,677,677,TITULAR
Antonio,Pereira,678,678,678,678,TITULAR
Sofía,López,679,679,679,679,TITULAR
Nuria,Lozano,680,680,680,680,TITULAR
Jan,Pereira,681,681,681,681,TITULAR
Alberto,López,682,682,682,682,TITULAR
Javier María,López,683,683,683,683,TITULAR
Amparo,Delgado,684,684,684,684,TITULAR
Marta,Ortiz,685,685,685,685,TITULAR
Carmen,Silva,686,686,686,686,TITULAR
Mónica,Ortega,687,687,687,687,TITULAR
Ana,Pérez,688,688,688,688,TITULAR
Lucía,Jiménez,689,689,689,689,TITULAR
Nuria,Moreno,690,690,690,690,TITULAR
Raquel,Alonso,691,691,691,691,TITULAR
Fernando,Hernández,692,692,692,692,TITULAR
Antonio,Pereira,693,693,693,693,TITULAR
Jan,Pereira,694,694,694,694,TITULAR
Silvia Manuel,Marín,695,695,695,695,TITULAR
Jan,Pereira,696,696,696,696,TITULAR
Rubén,Sanz,697,697,697,697,TITULAR
Antonio,Pereira,698,698,698,698,TITULAR
Juan José,Pereira,699,699,699,699,TITULAR
Silvia Ana,Rubio,700,700,700,700,TITULAR
Elena,Silva,701,701,701,701,TITULAR
Juan José,Pereira,702,702,702,702,TITULAR
Raúl Pedro,Alonso,703,703,703,703,TITULAR
Lucía,Morales,704,704,704,704,TITULAR
Jan,Pereira,705,705,705,705,TITULAR
Beatriz,López,706,706,706,706,TITULAR
Pedro,Blanco,707,707,707,707,TITULAR
Jan,Pereira,708,708,708,708,TITULAR
Jan,Pereira,709,709,709,709,TITULAR
Javier,Lozano,710,710,710,710,TITULAR
Manuel,Gil,711,711,711,711,TITULAR
Teresa Pedro,Ortiz,712,712,712,712,TITULAR
Patricia Juan,Pérez,713,713,713,713,TITULAR
Jan,Pereira,714,714,714,714,TITULAR
Antonio Miguel,Iglesias,715,715,715,715,TITULAR
Pedro,Navarro,716,716,716,716,TITULAR
Rubén,Navarro,717,717,717,717,TITULAR
Juan José,Pereira,718,718,718,718,TITULAR
Jan,Pereira,719,719,719,719,TITULAR
Pilar,González,720,720,720,720,TITULAR
Cristina Pedro,Molina,721,721,721,721,TITULAR
Elena,Marín,722,722,722,722,TITULAR
Ana,Alonso,723,723,723,723,TITULAR
Silvia,Santos,724,724,724,724,TITULAR
Juan José,Pereira,725,725,725,725,TITULAR
Mónica,Gómez,726,726,726,726,TITULAR
Rubén,Vázquez,727,727,727,727,TITULAR
Jan,Pereira,728,728,728,728,TITULAR
Alberto,Ortiz,729,729,729,729,TITULAR
Antonio,Pereira,730,730,730,730,TITULAR
Antonio,Pereira,731,731,731,731,TITULAR
Inés,Santos,732,732,732,732,TITULAR
Diego,Sánchez,733,733,733,733,TITULAR
Jan,Torres,734,734,734,734,TITULAR
Teresa,Pereira,735,735,735,735,TITULAR
Antonio,Pereira,736,736,736,736,TITULAR
Carlos,Rodríguez,737,737,737,737,TITULAR
Rosa Ana,Morales,738,738,738,738,TITULAR
Valentina,Sanz,739,739,739,739,TITULAR
Jan,Pereira,740,740,740,740,TITULAR
Javier,Jiménez,741,741,741,741,TITULAR
Inés,Méndez,742,742,742,742,TITULAR
Dolores,Torres,743,743,743,743,TITULAR
Sergio,Castro,744,744,744,744,TITULAR
Alberto,Gutiérrez,745,745,745,745,TITULAR
María,Vázquez,746,746,746,746,TITULAR
Laura,Ramírez,747,747,747,747,TITULAR
Jan,Pereira,748,748,748,748,TITULAR
Raúl,González,749,749,749,749,TITULAR
Fernando,Medina,750,750,750,750,TITULAR
Juan José,Pereira,751,751,751,751,TITULAR
Rubén,Fernández,752,752,752,752,TITULAR
Pedro,Delgado,753,753,753,753,TITULAR
Inés,Silva,754,754,754,754,TITULAR
Valentina,Santos,755,755,755,755,TITULAR
Alberto,Castillo,756,756,756,756,TITULAR
María Juan,Navarro,757,757,757,757,TITULAR
Francisco,Castillo,758,758,758,758,TITULAR
Sergio,Silva,759,759,759,759,TITULAR
Rafael,Méndez,760,760,760,760,TITULAR
Nuria,Gómez,761,761,761,761,TITULAR
Gloria,Navarro,762,762,762,762,TITULAR
Rafael,Delgado,763,763,763,763,TITULAR
Juan José,Pereira,764,764,764,764,TITULAR
Jan,Pereira,765,765,765,765,TITULAR
Marta,Lozano,766,766,766,766,TITULAR
Antonio,Pereira,767,767,767,767,TITULAR
Juan José,Pereira,768,768,768,768,TITULAR
Isabel,Ortiz,769,769,769,769,TITULAR
Lucía,Silva,770,770,770,770,TITULAR
Jan,Pereira,771,771,771,771,TITULAR
Javier,Morales,772,772,772,772,TITULAR
Juan José,Pereira,773,773,773,773,TITULAR
Laura,Rubio,774,774,774,774,TITULAR
Alejandro,Gil,775,775,775,775,TITULAR
Marta,Martín,776,776,776,776,TITULAR
Antonio,Cortés,777,777,777,777,TITULAR
Andrés María,Álvarez,778,778,778,778,TITULAR
Elena,Hernández,779,779,779,779,TITULAR
Isabel,Ortiz,780,780,780,780,TITULAR
Diego,Sánchez,781,781,781,781,TITULAR
Dolores,Muñoz,782,782,782,782,TITULAR
Enrique,Delgado,783,783,783,783,TITULAR
Roberto,Fernández,784,784,784,784,TITULAR
Rosa Carmen,Morales,785,785,785,785,TITULAR
Marta Manuel,García,786,786,786,786,TITULAR
Pedro,Ramírez,787,787,787,787,TITULAR
Jan,Pereira,788,788,788,788,TITULAR
Víctor,Alonso,789,789,789,789,TITULAR
Silvia,Fernández,790,790,790,790,TITULAR
Jan,Pereira,791,791,791,791,TITULAR
Juan José,Pereira,792,792,792,792,TITULAR
Carlos,Ruiz,793,793,793,793,TITULAR
Carmen,Rodríguez,794,794,794,794,TITULAR
Cristina,Vargas,795,795,795,795,TITULAR
Eva,Alonso,796,796,796,796,TITULAR
Juan,Gutiérrez,797,797,797,797,TITULAR
Miguel,Torres,798,798,798,798,TITULAR
Silvia,Castro,799,799,799,799,TITULAR
Diego,Ortega,800,800,800,800,TITULAR
Jorge,Pérez,801,801,801,801,TITULAR
Antonio,Pereira,802,802,802,802,TITULAR
Juan José,Pereira,803,803,803,803,TITULAR
Jan,Pereira,804,804,804,804,TITULAR
Antonio,Pereira,805,805,805,805,TITULAR
Raúl,Gil,806,806,806,806,TITULAR
Sergio,Navarro,807,807,807,807,TITULAR
Enrique Antonio,Ruiz,808,808,808,808,TITULAR
Rafael,Navarro,809,809,809,809,TITULAR
Jan,Pereira,810,810,810,810,TITULAR
Andrés,Pereira,811,811,811,811,TITULAR
Rosa,Gutiérrez,812,812,812,812,TITULAR
Alberto,García,813,813,813,813,TITULAR
Teresa,Castillo,814,814,814,814,TITULAR
Enrique,Pérez,815,815,815,815,TITULAR
Jan,Pereira,816,816,816,816,TITULAR
Nuria,Silva,817,817,817,817,TITULAR
Laura,Nuñez,818,818,818,818,TITULAR
Antonio,Vázquez,819,819,819,819,TITULAR
Roberto,Gómez,820,820,820,820,TITULAR
Beatriz,Méndez,821,821,821,821,TITULAR
Teresa,Ramírez,822,822,822,822,TITULAR
Rafael,Pereira,823,823,823,823,TITULAR
Enrique,Díaz,824,824,824,824,TITULAR
Amparo,Pereira,825,825,825,825,TITULAR
Jan,Martínez,826,826,826,826,TITULAR
Raquel,Cortés,827,827,827,827,TITULAR
Alberto,Pérez,828,828,828,828,TITULAR
Gloria Pedro,Hernández,829,829,829,829,TITULAR
Jan,Pereira,830,830,830,830,TITULAR
Raquel,Blanco,831,831,831,831,TITULAR
Jan,Pereira,832,832,832,832,TITULAR
Sergio,Blanco,833,833,833,833,TITULAR
Beatriz,Gómez,834,834,834,834,TITULAR
Beatriz,Rubio,835,835,835,835,TITULAR
Beatriz María,Gutiérrez,836,836,836,836,TITULAR
Cristina,Álvarez,837,837,837,837,TITULAR
Eva,Díaz,838,838,838,838,TITULAR
Carlos,Serrano,839,839,839,839,TITULAR
Luis,Castro,840,840,840,840,TITULAR
Luis,Morales,841,841,841,841,TITULAR
Juan José,Pereira,842,842,842,842,TITULAR
Silvia Carmen,Medina,843,843,843,843,TITULAR
Teresa,Ramos,844,844,844,844,TITULAR
Antonio,Pereira,845,845,845,845,TITULAR
Enrique Rosa,Castro,846,846,846,846,TITULAR
Manuel Antonio,Ruiz,847,847,847,847,TITULAR
Cristina,Delgado,848,848,848,848,TITULAR
Roberto Rosa,García,849,849,849,849,TITULAR
Lucía,Molina,850,850,850,850,TITULAR
Daniel,Serrano,851,851,851,851,TITULAR
Jan,Pereira,852,852,852,852,TITULAR
Valentina,Romero,853,853,853,853,TITULAR
Rubén,Pereira,854,854,854,854,TITULAR
José María,Ramírez,855,855,855,855,TITULAR
María,Muñoz,856,856,856,856,TITULAR
Miguel,Sanz,857,857,857,857,TITULAR
Juan José,Pereira,858,858,858,858,TITULAR
Patricia,Méndez,859,859,859,859,TITULAR
Andrés Francisco,Castro,860,860,860,860,TITULAR
Marta,Fernández,861,861,861,861,TITULAR
Antonio Francisco,Lozano,862,862,862,862,TITULAR
Alberto,Sanz,863,863,863,863,TITULAR
Javier,Muñoz,864,864,864,864,TITULAR
Valentina,Garrido,865,865,865,865,TITULAR
Francisco,Gutiérrez,866,866,866,866,TITULAR
Gloria,Marín,867,867,867,867,TITULAR
Carmen,Nuñez,868,868,868,868,TITULAR
Gloria,Suárez,869,869,869,869,TITULAR
Jan,Pereira,870,870,870,870,TITULAR
Raquel,Navarro,871,871,871,871,TITULAR
Francisco,Martín,872,872,872,872,TITULAR
Carmen,Pereira,873,873,873,873,TITULAR
Patricia,Moreno,874,874,874,874,TITULAR
Nuria,Martín,875,875,875,875,TITULAR
Ana,Ortiz,876,876,876,876,TITULAR
Francisco,Ortiz,877,877,877,877,TITULAR
Alejandro,Muñoz,878,878,878,878,TITULAR
Rosa,Medina,879,879,879,879,TITULAR
Andrés Rosa,Vázquez,880,880,880,880,TITULAR
Rubén Rosa,Hernández,881,881,881,881,TITULAR
Alejandro María,Sanz,882,882,882,882,TITULAR
Luis,Hernández,883,883,883,883,TITULAR
Dolores,Lozano,884,884,884,884,TITULAR
Elena,Morales,885,885,885,885,TITULAR
Rosa,Gutiérrez,886,886,886,886,TITULAR
Juan,Díaz,887,887,887,887,TITULAR
Eva,Pérez,888,888,888,888,TITULAR
Víctor,Morales,889,889,889,889,TITULAR
Pablo,Sanz,890,890,890,890,TITULAR
Jan,Pereira,891,891,891,891,TITULAR
Marta,Alonso,892,892,892,892,TITULAR
Daniel,Medina,893,893,893,893,TITULAR
Fernando,Vázquez,894,894,894,894,TITULAR
Pilar,Molina,895,895,895,895,TITULAR
Rubén Juan,Pereira,896,896,896,896,TITULAR
Elena,Vázquez,897,897,897,897,TITULAR
Carlos,Rubio,898,898,898,898,TITULAR
Eva,Martín,899,899,899,899,TITULAR
Gloria Javier,Marín,900,900,900,900,TITULAR
Antonio,Martín,901,901,901,901,TITULAR
Roberto,Ramos,902,902,902,902,TITULAR
Patricia,Suárez,903,903,903,903,TITULAR
Amparo,Torres,904,904,904,904,TITULAR
Antonio,Pereira,905,905,905,905,TITULAR
Juan José,Pereira,906,906,906,906,TITULAR
Jan,Domínguez,907,907,907,907,TITULAR
Antonio,Pereira,908,908,908,908,TITULAR
Antonio,Pereira,909,909,909,909,TITULAR
Raquel,Rodríguez,910,910,910,910,TITULAR
Luis,Garrido,911,911,911,911,TITULAR
Juan Miguel,Gómez,912,912,912,912,TITULAR
Roberto,López,913,913,913,913,TITULAR
Juan,Díaz,914,914,914,914,TITULAR
Teresa,Fernández,915,915,915,915,TITULAR
Enrique,Iglesias,916,916,916,916,TITULAR
Jan,Pereira,917,917,917,917,TITULAR
Daniel Pedro,Ramírez,918,918,918,918,TITULAR
Juan José,Pereira,919,919,919,919,TITULAR
Antonio,González,920,920,920,920,TITULAR
Pablo,Santos,921,921,921,921,TITULAR
Carmen,Sánchez,922,922,922,922,TITULAR
Raquel,Martín,923,923,923,923,TITULAR
Inés,Delgado,924,924,924,924,TITULAR
Jan,Pereira,925,925,925,925,TITULAR
Sofía,Vázquez,926,926,926,926,TITULAR
Jan,Pereira,927,927,927,927,TITULAR
Pablo,Moreno,928,928,928,928,TITULAR
Sofía,Medina,929,929,929,929,TITULAR
Silvia,Pereira,930,930,930,930,TITULAR
Cristina Miguel,Ramos,931,931,931,931,TITULAR
Ana,Nuñez,932,932,932,932,TITULAR
Pedro Antonio,Suárez,933,933,933,933,TITULAR
Antonio,Pereira,934,934,934,934,TITULAR
Miguel,Delgado,935,935,935,935,TITULAR
Jan,Pereira,936,936,936,936,TITULAR
Jan,Pereira,937,937,937,937,TITULAR
Antonio,Pereira,938,938,938,938,TITULAR
Isabel,Castro,939,939,939,939,TITULAR
Carlos,Ruiz,940,940,940,940,TITULAR
Javier,González,941,941,941,941,TITULAR
Dolores,Martín,942,942,942,942,TITULAR
Jan,Pereira,943,943,943,943,TITULAR
Lucía,Jiménez,944,944,944,944,TITULAR
Juan José,Pereira,945,945,945,945,TITULAR
Jan,Pereira,946,946,946,946,TITULAR
Antonio,Pereira,947,947,947,947,TITULAR
Pablo,Lozano,948,948,948,948,TITULAR
Eva Carlos,Fernández,949,949,949,949,TITULAR
Roberto Rosa,López,950,950,950,950,TITULAR
Marta,Iglesias,951,951,951,951,TITULAR
Cristina,Silva,952,952,952,952,TITULAR
Raúl,Romero,953,953,953,953,TITULAR
Andrés,Suárez,954,954,954,954,TITULAR
Gloria,Ramos,955,955,955,955,TITULAR
Amparo,Marín,956,956,956,956,TITULAR
Juan José,Pereira,957,957,957,957,TITULAR
José,Muñoz,958,958,958,958,TITULAR
Sofía,Romero,959,959,959,959,TITULAR
Nuria,Vargas,960,960,960,960,TITULAR
Eva,Ramos,961,961,961,961,TITULAR
Miguel,Martínez,962,962,962,962,TITULAR
Lucía Juan,Vázquez,963,963,963,963,TITULAR
Miguel,Gómez,964,964,964,964,TITULAR
Mónica Juan,Ortiz,965,965,965,965,TITULAR
Francisco,Sánchez,966,966,966,966,TITULAR
Manuel Pedro,Martínez,967,967,967,967,TITULAR
Jan,Navarro,968,968,968,968,TITULAR
Juan,Alonso,969,969,969,969,TITULAR
Marta,Martínez,970,970,970,970,TITULAR
Jan,Pereira,971,971,971,971,TITULAR
Pedro,Santos,972,972,972,972,TITULAR
Jan,Pereira,973,973,973,973,TITULAR
Pilar,Martín,974,974,974,974,TITULAR
Mónica Luis,Ramírez,975,975,975,975,TITULAR
Jan,López,976,976,976,976,TITULAR
Patricia,Lozano,977,977,977,977,TITULAR
Óscar,Iglesias,978,978,978,978,TITULAR
Miguel,Gómez,979,979,979,979,TITULAR
Jan,Pereira,980,980,980,980,TITULAR
Jan,Pereira,981,981,981,981,TITULAR
Juan José,Pereira,982,982,982,982,TITULAR
Diego,Gutiérrez,983,983,983,983,TITULAR
Pablo,Hernández,984,984,984,984,TITULAR
Carmen,Gil,985,985,985,985,TITULAR
Antonio,Méndez,986,986,986,986,TITULAR
Pilar,Rubio,987,987,987,987,TITULAR
Javier,Ramos,988,988,988,988,TITULAR
Jan,Gil,989,989,989,989,TITULAR
Alberto,Hernández,990,990,990,990,TITULAR
Daniel,Ruiz,991,991,991,991,TITULAR
Gloria,González,992,992,992,992,TITULAR
Beatriz,Cortés,993,993,993,993,TITULAR
José,Alonso,994,994,994,994,TITULAR
Luis,Vargas,995,995,995,995,TITULAR
Amparo,Suárez,996,996,996,996,TITULAR
Lucía Francisco,Álvarez,997,997,997,997,TITULAR
Nuria,Serrano,998,998,998,998,TITULAR
Juan José,Pereira,999,999,999,999,TITULAR
Rafael,Marín,1000,1000,1000,1000,TITULAR
