Nombre,Apellido,id,numero_poliza,aseguradora_id,clase_poliza,estado
María,Méndez,1,POL000001,2,TODO_RIESGO,EXPIRADA
Roberto,Gómez,2,POL000002,1,RC,CANCELADA
Amparo,Méndez,3,POL000003,1,TODO_RIESGO,VIGENTE
Sofía,Marín,4,POL000004,2,TERCEROS_AMPLIADO,CANCELADA
Antonio,Pereira,5,POL000005,1,RC,VIGENTE
Sergio,Sanz,6,POL000006,1,TODO_RIESGO,VIGENTE
Jorge Carmen,Medina,7,POL000007,1,RC,CANCELADA
Francisco,Moreno,8,POL000008,1,TERCEROS_AMPLIADO,VIGENTE
Isabel,García,9,POL000009,1,TERCEROS_AMPLIADO,EXPIRADA
Pedro,Castillo,10,POL000010,1,RC,CANCELADA
Jan,Pereira,11,POL000011,2,RC,VIGENTE
Víctor,Torres,12,POL000012,2,TERCEROS_AMPLIADO,EXPIRADA
Alejandro Antonio,Domínguez,13,POL000013,2,TERCEROS_AMPLIADO,VIGENTE
Óscar,Álvarez,14,POL000014,1,TERCEROS_AMPLIADO,VIGENTE
Rubén,Molina,15,POL000015,2,TODO_RIESGO,VIGENTE
Alejandro,Martínez,16,POL000016,2,TERCEROS_AMPLIADO,EXPIRADA
Raúl,Iglesias,17,POL000017,1,RC,CANCELADA
Teresa,Rubio,18,POL000018,1,RC,EXPIRADA
Luis,Rodríguez,19,POL000019,1,RC,CANCELADA
Marta,Alonso,20,POL000020,1,TODO_RIESGO,EXPIRADA
Roberto,Sánchez,21,POL000021,1,TERCEROS_AMPLIADO,CANCELADA
Beatriz,Nuñez,22,POL000022,1,TERCEROS_AMPLIADO,CANCELADA
Pedro,Vázquez,23,POL000023,2,TODO_RIESGO,VIGENTE
Jan,Pereira,24,POL000024,2,RC,VIGENTE
Amparo,Medina,25,POL000025,1,RC,CANCELADA
Jan,Pereira,26,POL000026,2,TERCEROS_AMPLIADO,VIGENTE
Pedro,Molina,27,POL000027,2,TERCEROS_AMPLIADO,CANCELADA
Raúl,Castillo,28,POL000028,2,TODO_RIESGO,VIGENTE
Amparo,Navarro,29,POL000029,2,TERCEROS_AMPLIADO,EXPIRADA
Marta,Fernández,30,POL000030,2,TERCEROS_AMPLIADO,CANCELADA
Carlos,Navarro,31,POL000031,1,TODO_RIESGO,CANCELADA
Luis,Díaz,32,POL000032,1,RC,VIGENTE
Antonio,Pereira,33,POL000033,2,RC,CANCELADA
Silvia,Suárez,34,POL000034,1,RC,CANCELADA
Silvia,Molina,35,POL000035,1,RC,EXPIRADA
Diego Francisco,Méndez,36,POL000036,2,RC,CANCELADA
Fernando,Méndez,37,POL000037,1,TERCEROS_AMPLIADO,CANCELADA
Jan,Pereira,38,POL000038,2,TERCEROS_AMPLIADO,CANCELADA
Diego,Ortega,39,POL000039,2,RC,CANCELADA
Víctor,Fernández,40,POL000040,1,TODO_RIESGO,VIGENTE
Valentina,Nuñez,41,POL000041,1,RC,CANCELADA
Amparo,Serrano,42,POL000042,1,TERCEROS_AMPLIADO,VIGENTE
Alejandro,Ramos,43,POL000043,2,TERCEROS_AMPLIADO,CANCELADA
Beatriz,Delgado,44,POL000044,2,TODO_RIESGO,CANCELADA
Gloria,García,45,POL000045,2,TODO_RIESGO,VIGENTE
Jan,Pereira,46,POL000046,1,RC,EXPIRADA
Víctor,Romero,47,POL000047,1,RC,CANCELADA
Rosa,Pérez,48,POL000048,1,RC,CANCELADA
Pedro,Molina,49,POL000049,2,RC,EXPIRADA
Rubén Carmen,Álvarez,50,POL000050,2,RC,EXPIRADA
Víctor,Ruiz,51,POL000051,1,TODO_RIESGO,VIGENTE
Miguel,Nuñez,52,POL000052,2,TERCEROS_AMPLIADO,EXPIRADA
Raúl,Ortega,53,POL000053,2,TODO_RIESGO,VIGENTE
Valentina,Vázquez,54,POL000054,2,TERCEROS_AMPLIADO,CANCELADA
Daniel,Silva,55,POL000055,1,RC,VIGENTE
Juan,Sanz,56,POL000056,2,TODO_RIESGO,VIGENTE
María,Pérez,57,POL000057,2,RC,EXPIRADA
José,Gutiérrez,58,POL000058,1,TERCEROS_AMPLIADO,CANCELADA
Patricia,Rubio,59,POL000059,2,RC,CANCELADA
Sofía,Lozano,60,POL000060,1,TODO_RIESGO,VIGENTE
Luis,Pereira,61,POL000061,2,RC,EXPIRADA
Diego,Gómez,62,POL000062,1,RC,VIGENTE
Gloria,Jiménez,63,POL000063,2,TODO_RIESGO,EXPIRADA
Óscar,Serrano,64,POL000064,1,RC,EXPIRADA
Daniel,Pereira,65,POL000065,2,RC,CANCELADA
Jorge,Cortés,66,POL000066,2,TERCEROS_AMPLIADO,EXPIRADA
Enrique,Medina,67,POL000067,1,TERCEROS_AMPLIADO,CANCELADA
Raquel,Blanco,68,POL000068,1,TERCEROS_AMPLIADO,VIGENTE
Jan,Pereira,69,POL000069,2,TODO_RIESGO,VIGENTE
Gloria Francisco,Marín,70,POL000070,2,RC,CANCELADA
Juan José,Pereira,71,POL000071,1,TODO_RIESGO,VIGENTE
Roberto,López,72,POL000072,1,RC,CANCELADA
Rosa,López,73,POL000073,2,RC,VIGENTE
Isabel,Garrido,74,POL000074,2,TODO_RIESGO,CANCELADA
Daniel,Gómez,75,POL000075,1,TERCEROS_AMPLIADO,EXPIRADA
Alberto,Rubio,76,POL000076,1,TERCEROS_AMPLIADO,VIGENTE
Jan,Morales,77,POL000077,1,RC,CANCELADA
Jorge,Sánchez,78,POL000078,1,TERCEROS_AMPLIADO,EXPIRADA
Mónica Carlos,Serrano,79,POL000079,2,TODO_RIESGO,EXPIRADA
Rubén,Fernández,80,POL000080,1,TERCEROS_AMPLIADO,VIGENTE
Silvia,Sánchez,81,POL000081,2,TERCEROS_AMPLIADO,CANCELADA
Rubén Carlos,Sánchez,82,POL000082,1,RC,CANCELADA
Jorge,Castro,83,POL000083,2,TODO_RIESGO,CANCELADA
Mónica,Ruiz,84,POL000084,2,TODO_RIESGO,CANCELADA
Patricia,López,85,POL000085,2,RC,EXPIRADA
Gloria,Sánchez,86,POL000086,1,TODO_RIESGO,CANCELADA
Daniel Rosa,García,87,POL000087,2,TERCEROS_AMPLIADO,VIGENTE
Jan,Pereira,88,POL000088,2,RC,VIGENTE
Pilar,Morales,89,POL000089,1,TERCEROS_AMPLIADO,CANCELADA
Cristina,Fernández,90,POL000090,2,RC,EXPIRADA
Juan,Ramos,91,POL000091,2,TODO_RIESGO,VIGENTE
Jan,Vargas,92,POL000092,2,RC,VIGENTE
Mónica,Castillo,93,POL000093,1,TODO_RIESGO,VIGENTE
Juan José,Pereira,94,POL000094,1,TODO_RIESGO,EXPIRADA
Pilar,Martín,95,POL000095,1,RC,EXPIRADA
Elena,Fernández,96,POL000096,1,RC,VIGENTE
Daniel,Fernández,97,POL000097,1,TERCEROS_AMPLIADO,EXPIRADA
Ana,Fernández,98,POL000098,2,TODO_RIESGO,CANCELADA
Sergio,Delgado,99,POL000099,2,RC,CANCELADA
Jan,Pereira,100,POL000100,2,TERCEROS_AMPLIADO,EXPIRADA
Jan,Pereira,101,POL000101,2,TERCEROS_AMPLIADO,EXPIRADA
Patricia Miguel,Pérez,102,POL000102,2,TERCEROS_AMPLIADO,EXPIRADA
Alberto,Muñoz,103,POL000103,2,TERCEROS_AMPLIADO,VIGENTE
Carlos,Iglesias,104,POL000104,2,TERCEROS_AMPLIADO,EXPIRADA
Enrique Javier,Rubio,105,POL000105,2,TERCEROS_AMPLIADO,VIGENTE
Fernando,Díaz,106,POL000106,1,RC,VIGENTE
Javier,Muñoz,107,POL000107,2,RC,VIGENTE
Jan,Pereira,108,POL000108,1,RC,VIGENTE
Jan,Pereira,109,POL000109,2,TERCEROS_AMPLIADO,VIGENTE
Luis,García,110,POL000110,2,TERCEROS_AMPLIADO,VIGENTE
Alberto,Sánchez,111,POL000111,1,TODO_RIESGO,CANCELADA
Jan,Pereira,112,POL000112,2,TERCEROS_AMPLIADO,EXPIRADA
Manuel Antonio,Muñoz,113,POL000113,2,RC,VIGENTE
Pedro,Blanco,114,POL000114,2,RC,EXPIRADA
Nuria,Gutiérrez,115,POL000115,2,RC,CANCELADA
José,Medina,116,POL000116,2,RC,EXPIRADA
Juan José,Pereira,117,POL000117,1,TODO_RIESGO,EXPIRADA
Jan,Pereira,118,POL000118,1,TODO_RIESGO,VIGENTE
Jan,Pereira,119,POL000119,1,RC,EXPIRADA
Miguel Carmen,Ortiz,120,POL000120,1,TODO_RIESGO,VIGENTE
Antonio,Sanz,121,POL000121,2,RC,EXPIRADA
Rosa,Díaz,122,POL000122,1,RC,CANCELADA
Fernando,Ortega,123,POL000123,2,TERCEROS_AMPLIADO,CANCELADA
Ana,Martínez,124,POL000124,1,TODO_RIESGO,CANCELADA
Isabel,Rodríguez,125,POL000125,2,TERCEROS_AMPLIADO,EXPIRADA
Marta Manuel,Nuñez,126,POL000126,2,TERCEROS_AMPLIADO,VIGENTE
Pedro,Méndez,127,POL000127,1,TERCEROS_AMPLIADO,EXPIRADA
Nuria,Serrano,128,POL000128,1,TERCEROS_AMPLIADO,CANCELADA
Laura,López,129,POL000129,1,RC,EXPIRADA
Pablo,Martín,130,POL000130,2,TODO_RIESGO,EXPIRADA
Juan José,Pereira,131,POL000131,1,RC,VIGENTE
Mónica,Gómez,132,POL000132,2,RC,VIGENTE
Teresa Ana,Rodríguez,133,POL000133,1,TODO_RIESGO,CANCELADA
Antonio,Pereira,134,POL000134,2,TODO_RIESGO,VIGENTE
Juan José,Pereira,135,POL000135,1,TERCEROS_AMPLIADO,EXPIRADA
Francisco,Iglesias,136,POL000136,1,TERCEROS_AMPLIADO,CANCELADA
Patricia,Jiménez,137,POL000137,1,RC,VIGENTE
José,Ruiz,138,POL000138,2,RC,EXPIRADA
María,Ruiz,139,POL000139,1,TERCEROS_AMPLIADO,CANCELADA
Rosa,Vargas,140,POL000140,2,TODO_RIESGO,CANCELADA
José,Garrido,141,POL000141,2,RC,VIGENTE
José,Muñoz,142,POL000142,1,TODO_RIESGO,VIGENTE
Jan,Castillo,143,POL000143,2,TERCEROS_AMPLIADO,CANCELADA
Carlos Rosa,Morales,144,POL000144,2,TERCEROS_AMPLIADO,CANCELADA
Beatriz,Domínguez,145,POL000145,2,TERCEROS_AMPLIADO,VIGENTE
Jan,Pereira,146,POL000146,1,RC,CANCELADA
Enrique,Hernández,147,POL000147,1,TERCEROS_AMPLIADO,VIGENTE
Isabel,López,148,POL000148,1,TERCEROS_AMPLIADO,EXPIRADA
Isabel,Domínguez,149,POL000149,2,TERCEROS_AMPLIADO,EXPIRADA
Cristina,Santos,150,POL000150,1,RC,VIGENTE
Daniel,Torres,151,POL000151,2,RC,CANCELADA
Laura,Álvarez,152,POL000152,2,TERCEROS_AMPLIADO,EXPIRADA
Juan José,Pereira,153,POL000153,2,TERCEROS_AMPLIADO,CANCELADA
Mónica Carlos,Lozano,154,POL000154,2,TERCEROS_AMPLIADO,EXPIRADA
Jan,Pereira,155,POL000155,1,RC,CANCELADA
Laura,Ramos,156,POL000156,1,TODO_RIESGO,EXPIRADA
Jorge,Álvarez,157,POL000157,2,TERCEROS_AMPLIADO,EXPIRADA
Juan José,Pereira,158,POL000158,1,TODO_RIESGO,CANCELADA
Daniel,Santos,159,POL000159,2,TODO_RIESGO,EXPIRADA
Eva,Méndez,160,POL000160,1,RC,EXPIRADA
Antonio,Pereira,161,POL000161,1,RC,CANCELADA
Enrique Carlos,Iglesias,162,POL000162,1,RC,EXPIRADA
Laura,Lozano,163,POL000163,2,TODO_RIESGO,CANCELADA
Sergio,Gutiérrez,164,POL000164,2,TODO_RIESGO,CANCELADA
Javier,Gil,165,POL000165,1,TERCEROS_AMPLIADO,VIGENTE
Gloria,Gómez,166,POL000166,1,TERCEROS_AMPLIADO,CANCELADA
Enrique,Ramos,167,POL000167,1,TODO_RIESGO,CANCELADA
Carmen,Iglesias,168,POL000168,2,TODO_RIESGO,CANCELADA
Cristina,Ortiz,169,POL000169,1,RC,VIGENTE
Lucía,Alonso,170,POL000170,2,TERCEROS_AMPLIADO,EXPIRADA
Jan,Pereira,171,POL000171,2,RC,CANCELADA
Javier,Molina,172,POL000172,2,TERCEROS_AMPLIADO,CANCELADA
Amparo,Díaz,173,POL000173,2,TODO_RIESGO,CANCELADA
Jan,Vargas,174,POL000174,2,TODO_RIESGO,CANCELADA
Enrique,Martínez,175,POL000175,1,RC,CANCELADA
Enrique,Nuñez,176,POL000176,2,TERCEROS_AMPLIADO,CANCELADA
Sofía,Pereira,177,POL000177,2,TODO_RIESGO,VIGENTE
Lucía,Moreno,178,POL000178,2,TODO_RIESGO,VIGENTE
Valentina,González,179,POL000179,2,TODO_RIESGO,VIGENTE
Rafael Javier,Silva,180,POL000180,1,TODO_RIESGO,VIGENTE
Juan José,Pereira,181,POL000181,1,TERCEROS_AMPLIADO,EXPIRADA
Pablo,Ramos,182,POL000182,1,TODO_RIESGO,VIGENTE
Patricia,Martín,183,POL000183,2,TODO_RIESGO,VIGENTE
Juan,Pereira,184,POL000184,1,TERCEROS_AMPLIADO,VIGENTE
Miguel,Silva,185,POL000185,1,RC,EXPIRADA
Juan José,Pereira,186,POL000186,2,TERCEROS_AMPLIADO,EXPIRADA
Ana,Ortiz,187,POL000187,2,TERCEROS_AMPLIADO,CANCELADA
Laura,Molina,188,POL000188,2,TERCEROS_AMPLIADO,EXPIRADA
Beatriz María,Delgado,189,POL000189,2,TODO_RIESGO,CANCELADA
Óscar,Navarro,190,POL000190,2,RC,CANCELADA
Andrés,Iglesias,191,POL000191,1,TODO_RIESGO,EXPIRADA
Sergio,Serrano,192,POL000192,2,TODO_RIESGO,CANCELADA
Gloria,Blanco,193,POL000193,2,TODO_RIESGO,VIGENTE
Antonio,Pereira,194,POL000194,1,TODO_RIESGO,EXPIRADA
Víctor,Muñoz,195,POL000195,2,TERCEROS_AMPLIADO,EXPIRADA
Juan José,Pereira,196,POL000196,1,RC,VIGENTE
Pilar,Nuñez,197,POL000197,1,RC,EXPIRADA
Andrés,López,198,POL000198,2,TERCEROS_AMPLIADO,CANCELADA
Patricia,Romero,199,POL000199,1,RC,CANCELADA
Daniel,Martínez,200,POL000200,1,TODO_RIESGO,CANCELADA
Roberto Miguel,Castillo,201,POL000201,2,RC,VIGENTE
Elena,López,202,POL000202,1,TODO_RIESGO,EXPIRADA
Rosa,Castro,203,POL000203,2,RC,VIGENTE
Ana,Díaz,204,POL000204,2,TERCEROS_AMPLIADO,VIGENTE
Juan José,Pereira,205,POL000205,2,TODO_RIESGO,CANCELADA
Antonio,Pereira,206,POL000206,1,TODO_RIESGO,EXPIRADA
Víctor,Rubio,207,POL000207,1,TERCEROS_AMPLIADO,VIGENTE
Juan José,Pereira,208,POL000208,1,RC,EXPIRADA
Antonio,Pereira,209,POL000209,1,TODO_RIESGO,VIGENTE
Eva,Castro,210,POL000210,2,TERCEROS_AMPLIADO,CANCELADA
Roberto,Suárez,211,POL000211,1,TERCEROS_AMPLIADO,EXPIRADA
Jan,Pereira,212,POL000212,2,TODO_RIESGO,EXPIRADA
Rosa María,Santos,213,POL000213,2,TERCEROS_AMPLIADO,CANCELADA
Rubén,Jiménez,214,POL000214,2,TODO_RIESGO,CANCELADA
Diego,Iglesias,215,POL000215,1,RC,EXPIRADA
Cristina,Marín,216,POL000216,1,RC,VIGENTE
María,Martínez,217,POL000217,2,RC,VIGENTE
Diego,Molina,218,POL000218,1,TODO_RIESGO,VIGENTE
Fernando,Ramos,219,POL000219,1,TERCEROS_AMPLIADO,CANCELADA
Juan José,Pereira,220,POL000220,2,TODO_RIESGO,EXPIRADA
Juan José,Pereira,221,POL000221,1,RC,EXPIRADA
Francisco,Álvarez,222,POL000222,2,TERCEROS_AMPLIADO,VIGENTE
Rafael,González,223,POL000223,2,TERCEROS_AMPLIADO,VIGENTE
Ana,Domínguez,224,POL000224,1,TODO_RIESGO,EXPIRADA
Luis,Silva,225,POL000225,1,TODO_RIESGO,CANCELADA
Carlos,Pereira,226,POL000226,2,TERCEROS_AMPLIADO,VIGENTE
Jan,Pereira,227,POL000227,1,TODO_RIESGO,CANCELADA
Jan,Pereira,228,POL000228,1,RC,VIGENTE
Laura,Rubio,229,POL000229,2,RC,VIGENTE
Beatriz,Castillo,230,POL000230,1,TODO_RIESGO,VIGENTE
Juan José,Pereira,231,POL000231,2,TODO_RIESGO,EXPIRADA
Eva,Cortés,232,POL000232,2,TERCEROS_AMPLIADO,EXPIRADA
Pedro Luis,Sánchez,233,POL000233,1,TODO_RIESGO,EXPIRADA
Lucía,Rubio,234,POL000234,2,TERCEROS_AMPLIADO,EXPIRADA
Alejandro,Gil,235,POL000235,2,RC,VIGENTE
Jorge,López,236,POL000236,2,TERCEROS_AMPLIADO,VIGENTE
Raúl,Muñoz,237,POL000237,1,TERCEROS_AMPLIADO,CANCELADA
Marta Luis,Santos,238,POL000238,1,TODO_RIESGO,EXPIRADA
Laura,Vargas,239,POL000239,1,TERCEROS_AMPLIADO,EXPIRADA
Antonio,Pereira,240,POL000240,2,RC,VIGENTE
Mónica,Garrido,241,POL000241,1,TERCEROS_AMPLIADO,VIGENTE
Sergio,Medina,242,POL000242,2,TODO_RIESGO,EXPIRADA
Francisco,Suárez,243,POL000243,1,TODO_RIESGO,VIGENTE
Teresa María,Molina,244,POL000244,1,RC,CANCELADA
Mónica,Ruiz,245,POL000245,2,TODO_RIESGO,CANCELADA
Silvia,Romero,246,POL000246,2,TERCEROS_AMPLIADO,VIGENTE
Daniel,Silva,247,POL000247,1,TODO_RIESGO,CANCELADA
Mónica,Lozano,248,POL000248,2,TODO_RIESGO,EXPIRADA
Javier,Muñoz,249,POL000249,1,TODO_RIESGO,VIGENTE
Sofía,Romero,250,POL000250,1,TODO_RIESGO,EXPIRADA
Patricia,Pereira,251,POL000251,1,TODO_RIESGO,EXPIRADA
Inés,Garrido,252,POL000252,1,TERCEROS_AMPLIADO,VIGENTE
María,Suárez,253,POL000253,2,TERCEROS_AMPLIADO,EXPIRADA
Carmen,Suárez,254,POL000254,1,RC,VIGENTE
Jan,Pereira,255,POL000255,1,RC,EXPIRADA
Óscar,Castillo,256,POL000256,2,TODO_RIESGO,CANCELADA
Gloria,García,257,POL000257,2,TERCEROS_AMPLIADO,EXPIRADA
Jorge,Martínez,258,POL000258,1,TODO_RIESGO,VIGENTE
Antonio,Pereira,259,POL000259,1,TERCEROS_AMPLIADO,EXPIRADA
Patricia,Castillo,260,POL000260,1,RC,CANCELADA
Nuria,Suárez,261,POL000261,2,TODO_RIESGO,VIGENTE
María,Martínez,262,POL000262,2,TODO_RIESGO,EXPIRADA
Cristina,Castillo,263,POL000263,2,RC,VIGENTE
Enrique,Marín,264,POL000264,1,TERCEROS_AMPLIADO,EXPIRADA
Jan,Pereira,265,POL000265,2,TERCEROS_AMPLIADO,CANCELADA
Eva,Ortiz,266,POL000266,2,RC,EXPIRADA
Antonio,Pereira,267,POL000267,1,TERCEROS_AMPLIADO,EXPIRADA
Fernando,Moreno,268,POL000268,1,TERCEROS_AMPLIADO,EXPIRADA
Jorge Carlos,Pérez,269,POL000269,1,RC,CANCELADA
Víctor,Castillo,270,POL000270,1,RC,VIGENTE
Elena,Méndez,271,POL000271,1,TERCEROS_AMPLIADO,EXPIRADA
Juan José,Pereira,272,POL000272,1,RC,EXPIRADA
Raquel,Sanz,273,POL000273,1,RC,EXPIRADA
Miguel,Hernández,274,POL000274,2,TODO_RIESGO,VIGENTE
Teresa,Ruiz,275,POL000275,1,TODO_RIESGO,VIGENTE
Nuria,Castro,276,POL000276,1,TERCEROS_AMPLIADO,VIGENTE
Carlos José,Ortiz,277,POL000277,1,TERCEROS_AMPLIADO,EXPIRADA
Diego,Nuñez,278,POL000278,2,TODO_RIESGO,CANCELADA
Pilar,Sánchez,279,POL000279,1,RC,EXPIRADA
Alberto,Alonso,280,POL000280,2,TERCEROS_AMPLIADO,EXPIRADA
Andrés,Torres,281,POL000281,1,TERCEROS_AMPLIADO,VIGENTE
Ana,Álvarez,282,POL000282,2,RC,EXPIRADA
Rafael,Pérez,283,POL000283,2,RC,VIGENTE
Cristina,Suárez,284,POL000284,2,TODO_RIESGO,VIGENTE
Raúl María,Fernández,285,POL000285,1,TODO_RIESGO,EXPIRADA
José,Rubio,286,POL000286,2,RC,EXPIRADA
Sofía,Muñoz,287,POL000287,2,TERCEROS_AMPLIADO,EXPIRADA
Víctor Miguel,Sanz,288,POL000288,1,TODO_RIESGO,EXPIRADA
Inés,Moreno,289,POL000289,1,TODO_RIESGO,CANCELADA
Alejandro,Blanco,290,POL000290,2,TODO_RIESGO,VIGENTE
Antonio,Pereira,291,POL000291,2,RC,CANCELADA
Lucía,Rubio,292,POL000292,1,TERCEROS_AMPLIADO,VIGENTE
Inés,Méndez,293,POL000293,2,TODO_RIESGO,VIGENTE
Víctor Francisco,Nuñez,294,POL000294,1,RC,VIGENTE
Enrique,Martínez,295,POL000295,1,TODO_RIESGO,CANCELADA
Carmen,Ortiz,296,POL000296,2,TODO_RIESGO,EXPIRADA
Juan Miguel,Blanco,297,POL000297,2,RC,CANCELADA
Rafael,Alonso,298,POL000298,2,RC,EXPIRADA
Antonio Carmen,Alonso,299,POL000299,2,TERCEROS_AMPLIADO,CANCELADA
Beatriz,López,300,POL000300,2,TODO_RIESGO,EXPIRADA
Fernando,Vargas,301,POL000301,1,RC,VIGENTE
Dolores,Garrido,302,POL000302,1,TODO_RIESGO,EXPIRADA
Jan,Pereira,303,POL000303,1,TODO_RIESGO,VIGENTE
Roberto María,Martín,304,POL000304,1,TODO_RIESGO,EXPIRADA
Valentina,López,305,POL000305,1,TODO_RIESGO,VIGENTE
Jan Luis,Sanz,306,POL000306,2,TERCEROS_AMPLIADO,CANCELADA
Alberto,Alonso,307,POL000307,2,TODO_RIESGO,VIGENTE
Jan,Pereira,308,POL000308,2,RC,CANCELADA
Cristina,Romero,309,POL000309,2,TERCEROS_AMPLIADO,VIGENTE
Antonio,Pereira,310,POL000310,1,TODO_RIESGO,EXPIRADA
Carlos Miguel,Méndez,311,POL000311,1,TERCEROS_AMPLIADO,EXPIRADA
Fernando,González,312,POL000312,2,TODO_RIESGO,VIGENTE
Amparo Rosa,Rubio,313,POL000313,1,RC,EXPIRADA
María,Pereira,314,POL000314,1,RC,EXPIRADA
Isabel,Rubio,315,POL000315,1,TODO_RIESGO,EXPIRADA
Víctor Manuel,Morales,316,POL000316,2,TERCEROS_AMPLIADO,EXPIRADA
Andrés,Romero,317,POL000317,1,RC,VIGENTE
Dolores,Serrano,318,POL000318,1,TERCEROS_AMPLIADO,VIGENTE
Pilar,Martínez,319,POL000319,2,TODO_RIESGO,VIGENTE
Jan,Pereira,320,POL000320,2,TERCEROS_AMPLIADO,VIGENTE
Miguel,Jiménez,321,POL000321,2,RC,CANCELADA
Pablo,Suárez,322,POL000322,2,TODO_RIESGO,VIGENTE
Cristina,Pereira,323,POL000323,2,RC,EXPIRADA
Beatriz,Martínez,324,POL000324,1,TODO_RIESGO,EXPIRADA
Javier,Pérez,325,POL000325,1,TODO_RIESGO,VIGENTE
Cristina,Ortega,326,POL000326,1,TODO_RIESGO,CANCELADA
Jan,Pereira,327,POL000327,1,RC,VIGENTE
Beatriz,Ramírez,328,POL000328,2,RC,CANCELADA
Raquel Carlos,Iglesias,329,POL000329,2,RC,CANCELADA
Raúl,Blanco,330,POL000330,2,TODO_RIESGO,EXPIRADA
Antonio,Pereira,331,POL000331,1,TERCEROS_AMPLIADO,CANCELADA
Antonio,Blanco,332,POL000332,2,TODO_RIESGO,VIGENTE
Pilar,Pérez,333,POL000333,1,RC,EXPIRADA
Raúl Javier,Muñoz,334,POL000334,2,TODO_RIESGO,CANCELADA
Lucía,Ortiz,335,POL000335,2,RC,CANCELADA
Francisco Antonio,Moreno,336,POL000336,2,TODO_RIESGO,CANCELADA
Laura,Molina,337,POL000337,2,TODO_RIESGO,EXPIRADA
Silvia,Martín,338,POL000338,2,TODO_RIESGO,VIGENTE
Juan José,Pereira,339,POL000339,2,TERCEROS_AMPLIADO,CANCELADA
Jan,Pereira,340,POL000340,2,TODO_RIESGO,VIGENTE
Rafael,Muñoz,341,POL000341,1,TERCEROS_AMPLIADO,EXPIRADA
Valentina,Ramos,342,POL000342,1,RC,CANCELADA
Óscar,Ortega,343,POL000343,2,TODO_RIESGO,EXPIRADA
Diego,López,344,POL000344,1,TODO_RIESGO,EXPIRADA
Jan,Ramírez,345,POL000345,1,RC,EXPIRADA
Jan,Ortega,346,POL000346,1,TERCEROS_AMPLIADO,CANCELADA
Juan,Alonso,347,POL000347,1,TERCEROS_AMPLIADO,CANCELADA
Juan José,Pereira,348,POL000348,2,TODO_RIESGO,VIGENTE
Pilar,Martín,349,POL000349,1,RC,CANCELADA
Rafael,Domínguez,350,POL000350,2,TODO_RIESGO,VIGENTE
Víctor,Castro,351,POL000351,1,TERCEROS_AMPLIADO,EXPIRADA
Jan,Pereira,352,POL000352,2,TERCEROS_AMPLIADO,VIGENTE
Patricia,Rubio,353,POL000353,2,TERCEROS_AMPLIADO,EXPIRADA
Jan,Pereira,354,POL000354,2,RC,VIGENTE
Eva Juan,Cortés,355,POL000355,1,TODO_RIESGO,CANCELADA
Alejandro,Ramos,356,POL000356,2,RC,CANCELADA
Jan,Pereira,357,POL000357,2,TODO_RIESGO,VIGENTE
Pilar,Rodríguez,358,POL000358,1,TERCEROS_AMPLIADO,CANCELADA
Dolores Carlos,Sánchez,359,POL000359,1,RC,EXPIRADA
Andrés,Sánchez,360,POL000360,2,TODO_RIESGO,EXPIRADA
Beatriz,García,361,POL000361,1,RC,VIGENTE
Francisco,Medina,362,POL000362,2,RC,VIGENTE
Luis,Morales,363,POL000363,2,TODO_RIESGO,CANCELADA
Jan,Pereira,364,POL000364,2,RC,EXPIRADA
Antonio,Pereira,365,POL000365,2,TERCEROS_AMPLIADO,VIGENTE
Rosa Rosa,Santos,366,POL000366,1,RC,EXPIRADA
Alejandro,Navarro,367,POL000367,2,TERCEROS_AMPLIADO,CANCELADA
Víctor,Suárez,368,POL000368,1,RC,EXPIRADA
Jan,Pereira,369,POL000369,1,RC,EXPIRADA
Raúl María,Alonso,370,POL000370,2,TODO_RIESGO,CANCELADA
Antonio,Pereira,371,POL000371,1,TODO_RIESGO,VIGENTE
Miguel,Pereira,372,POL000372,2,TODO_RIESGO,EXPIRADA
Miguel,Blanco,373,POL000373,1,TERCEROS_AMPLIADO,CANCELADA
Lucía,González,374,POL000374,2,RC,CANCELADA
Jan José,Alonso,375,POL000375,1,TERCEROS_AMPLIADO,VIGENTE
Mónica,Martín,376,POL000376,1,RC,EXPIRADA
Francisco,Rubio,377,POL000377,1,TODO_RIESGO,CANCELADA
Carmen,Jiménez,378,POL000378,1,TODO_RIESGO,EXPIRADA
Inés,Ramos,379,POL000379,2,RC,CANCELADA
Patricia,Suárez,380,POL000380,2,TERCEROS_AMPLIADO,CANCELADA
Valentina,Moreno,381,POL000381,2,TERCEROS_AMPLIADO,VIGENTE
Fernando,Molina,382,POL000382,2,TERCEROS_AMPLIADO,EXPIRADA
Juan,Molina,383,POL000383,1,TODO_RIESGO,VIGENTE
Jan,Pereira,384,POL000384,1,TERCEROS_AMPLIADO,VIGENTE
Andrés,Domínguez,385,POL000385,1,RC,VIGENTE
Lucía,Nuñez,386,POL000386,2,TODO_RIESGO,CANCELADA
Pablo,Álvarez,387,POL000387,1,RC,VIGENTE
Lucía,Hernández,388,POL000388,1,TERCEROS_AMPLIADO,CANCELADA
Rafael,Sánchez,389,POL000389,1,RC,VIGENTE
Antonio,Pereira,390,POL000390,1,TODO_RIESGO,CANCELADA
Pablo,Alonso,391,POL000391,1,TODO_RIESGO,CANCELADA
Enrique Miguel,Romero,392,POL000392,2,TODO_RIESGO,CANCELADA
Amparo Ana,Méndez,393,POL000393,1,TERCEROS_AMPLIADO,VIGENTE
Juan José,Pereira,394,POL000394,2,TERCEROS_AMPLIADO,VIGENTE
Antonio,Silva,395,POL000395,1,TERCEROS_AMPLIADO,CANCELADA
Óscar,Domínguez,396,POL000396,2,TERCEROS_AMPLIADO,EXPIRADA
Jorge,Iglesias,397,POL000397,1,RC,VIGENTE
Víctor,Lozano,398,POL000398,1,TODO_RIESGO,CANCELADA
Amparo,Gómez,399,POL000399,1,RC,EXPIRADA
Raúl,Medina,400,POL000400,2,RC,EXPIRADA
Jan,Pereira,401,POL000401,1,TODO_RIESGO,CANCELADA
Rubén,Gómez,402,POL000402,2,TODO_RIESGO,EXPIRADA
Antonio Carlos,Méndez,403,POL000403,2,TODO_RIESGO,VIGENTE
Jorge,Gómez,404,POL000404,1,TODO_RIESGO,CANCELADA
Teresa,Delgado,405,POL000405,1,TERCEROS_AMPLIADO,EXPIRADA
Isabel,Jiménez,406,POL000406,2,TERCEROS_AMPLIADO,EXPIRADA
Rafael,Alonso,407,POL000407,1,RC,EXPIRADA
Rosa,Pérez,408,POL000408,1,TODO_RIESGO,CANCELADA
Juan José,Pereira,409,POL000409,1,TODO_RIESGO,CANCELADA
Jan,Pereira,410,POL000410,2,RC,VIGENTE
Jan,Pereira,411,POL000411,1,TODO_RIESGO,VIGENTE
Jan,Gil,412,POL000412,1,TERCEROS_AMPLIADO,VIGENTE
Daniel Antonio,Molina,413,POL000413,2,TODO_RIESGO,CANCELADA
Eva,Santos,414,POL000414,1,TERCEROS_AMPLIADO,CANCELADA
Alejandro,Nuñez,415,POL000415,2,RC,CANCELADA
Miguel,Santos,416,POL000416,1,TERCEROS_AMPLIADO,CANCELADA
María,Iglesias,417,POL000417,2,RC,VIGENTE
Gloria,Navarro,418,POL000418,2,TODO_RIESGO,VIGENTE
Antonio,Pereira,419,POL000419,2,RC,EXPIRADA
Beatriz Carmen,Gutiérrez,420,POL000420,2,TODO_RIESGO,CANCELADA
Laura,Gómez,421,POL000421,1,TERCEROS_AMPLIADO,EXPIRADA
Carlos Luis,Suárez,422,POL000422,2,TERCEROS_AMPLIADO,VIGENTE
Patricia Pedro,Gómez,423,POL000423,1,RC,VIGENTE
Teresa,Garrido,424,POL000424,2,RC,EXPIRADA
Pablo,Castro,425,POL000425,1,TERCEROS_AMPLIADO,VIGENTE
Jan,Pereira,426,POL000426,1,RC,EXPIRADA
Francisco,Medina,427,POL000427,1,TERCEROS_AMPLIADO,VIGENTE
Pilar Javier,Ramírez,428,POL000428,1,RC,EXPIRADA
Jan,Pereira,429,POL000429,1,TODO_RIESGO,VIGENTE
Elena,Blanco,430,POL000430,2,TERCEROS_AMPLIADO,EXPIRADA
Juan José,Pereira,431,POL000431,1,RC,EXPIRADA
Amparo Carlos,Castro,432,POL000432,1,TERCEROS_AMPLIADO,VIGENTE
Silvia,Domínguez,433,POL000433,1,RC,CANCELADA
Isabel Francisco,Pérez,434,POL000434,2,RC,CANCELADA
Beatriz,Martínez,435,POL000435,2,RC,CANCELADA
Juan José,Pereira,436,POL000436,1,TODO_RIESGO,EXPIRADA
Juan José,Pereira,437,POL000437,1,RC,EXPIRADA
Patricia,Gómez,438,POL000438,2,TERCEROS_AMPLIADO,VIGENTE
Elena,López,439,POL000439,1,TERCEROS_AMPLIADO,VIGENTE
Juan José,Pereira,440,POL000440,1,TERCEROS_AMPLIADO,CANCELADA
Jan,Pereira,441,POL000441,1,TODO_RIESGO,VIGENTE
Jan,Sanz,442,POL000442,1,RC,VIGENTE
Valentina Manuel,Castro,443,POL000443,1,TERCEROS_AMPLIADO,EXPIRADA
Carmen,Pérez,444,POL000444,1,TERCEROS_AMPLIADO,EXPIRADA
Juan José,Pereira,445,POL000445,1,RC,EXPIRADA
Jan Ana,Muñoz,446,POL000446,1,RC,VIGENTE
María,Ruiz,447,POL000447,2,TODO_RIESGO,EXPIRADA
Diego,Méndez,448,POL000448,2,TODO_RIESGO,VIGENTE
Jan,Pereira,449,POL000449,2,RC,EXPIRADA
Andrés Ana,Vázquez,450,POL000450,2,TODO_RIESGO,CANCELADA
Miguel,Blanco,451,POL000451,2,TERCEROS_AMPLIADO,CANCELADA
Inés,Rodríguez,452,POL000452,2,TERCEROS_AMPLIADO,VIGENTE
Enrique,Delgado,453,POL000453,2,TODO_RIESGO,VIGENTE
Silvia,González,454,POL000454,1,RC,CANCELADA
Antonio,Pereira,455,POL000455,2,RC,CANCELADA
Miguel,Suárez,456,POL000456,2,TODO_RIESGO,EXPIRADA
Jan,Pereira,457,POL000457,2,RC,VIGENTE
Javier,Sanz,458,POL000458,1,RC,CANCELADA
Diego Luis,Iglesias,459,POL000459,1,TODO_RIESGO,CANCELADA
Gloria,Cortés,460,POL000460,2,TERCEROS_AMPLIADO,VIGENTE
Óscar,Delgado,461,POL000461,2,TODO_RIESGO,VIGENTE
Sergio,Sanz,462,POL000462,2,TODO_RIESGO,CANCELADA
Jan,Castillo,463,POL000463,1,TERCEROS_AMPLIADO,VIGENTE
Jan,Pereira,464,POL000464,1,RC,EXPIRADA
Elena,Serrano,465,POL000465,2,TERCEROS_AMPLIADO,CANCELADA
Roberto,Ramírez,466,POL000466,1,TERCEROS_AMPLIADO,EXPIRADA
Jan,Pereira,467,POL000467,1,RC,VIGENTE
Miguel,Navarro,468,POL000468,2,TODO_RIESGO,CANCELADA
Enrique,Álvarez,469,POL000469,2,RC,CANCELADA
Valentina,Santos,470,POL000470,2,TERCEROS_AMPLIADO,CANCELADA
Luis,Martínez,471,POL000471,1,TODO_RIESGO,VIGENTE
Juan José,Pereira,472,POL000472,1,TODO_RIESGO,CANCELADA
Eva Carlos,Gómez,473,POL000473,1,TERCEROS_AMPLIADO,EXPIRADA
Dolores,Ortiz,474,POL000474,1,RC,CANCELADA
Jan,Pereira,475,POL000475,1,TODO_RIESGO,CANCELADA
Enrique,Pereira,476,POL000476,2,TODO_RIESGO,EXPIRADA
Rubén,Fernández,477,POL000477,2,TODO_RIESGO,EXPIRADA
Antonio,Pereira,478,POL000478,2,RC,EXPIRADA
Alberto,Ortega,479,POL000479,1,TERCEROS_AMPLIADO,VIGENTE
Enrique,Morales,480,POL000480,2,TODO_RIESGO,VIGENTE
Antonio,Pereira,481,POL000481,1,TERCEROS_AMPLIADO,VIGENTE
Teresa,Pérez,482,POL000482,2,TODO_RIESGO,VIGENTE
Alberto,Moreno,483,POL000483,1,TERCEROS_AMPLIADO,CANCELADA
Antonio,Pereira,484,POL000484,1,TERCEROS_AMPLIADO,CANCELADA
Inés,Santos,485,POL000485,2,TERCEROS_AMPLIADO,CANCELADA
María,Sanz,486,POL000486,2,RC,CANCELADA
Antonio,Pereira,487,POL000487,2,TERCEROS_AMPLIADO,VIGENTE
Jan,Pereira,488,POL000488,1,RC,CANCELADA
Rosa,Domínguez,489,POL000489,1,TODO_RIESGO,VIGENTE
Valentina Javier,Garrido,490,POL000490,2,RC,CANCELADA
Valentina,Méndez,491,POL000491,2,TODO_RIESGO,EXPIRADA
María,Martínez,492,POL000492,1,TODO_RIESGO,CANCELADA
Elena,Ramos,493,POL000493,2,TERCEROS_AMPLIADO,EXPIRADA
Rosa,Jiménez,494,POL000494,1,TERCEROS_AMPLIADO,EXPIRADA
Jan,Pereira,495,POL000495,1,TODO_RIESGO,CANCELADA
Alberto,Sanz,496,POL000496,1,TERCEROS_AMPLIADO,EXPIRADA
Ana Manuel,Jiménez,497,POL000497,2,RC,VIGENTE
Ana,Santos,498,POL000498,1,RC,EXPIRADA
Andrés María,Serrano,499,POL000499,1,RC,VIGENTE
Andrés,Ramírez,500,POL000500,2,RC,CANCELADA
Víctor,Ortega,501,POL000501,1,TODO_RIESGO,CANCELADA
Mónica Antonio,Alonso,502,POL000502,2,TERCEROS_AMPLIADO,CANCELADA
Dolores,Suárez,503,POL000503,1,TERCEROS_AMPLIADO,CANCELADA
Lucía,Rodríguez,504,POL000504,2,RC,EXPIRADA
Óscar,Fernández,505,POL000505,2,RC,CANCELADA
Lucía Francisco,Silva,506,POL000506,1,RC,EXPIRADA
Antonio,Pereira,507,POL000507,1,RC,VIGENTE
Pilar Carmen,Serrano,508,POL000508,2,TODO_RIESGO,EXPIRADA
Alejandro,Castro,509,POL000509,1,TODO_RIESGO,CANCELADA
Sergio,Ortiz,510,POL000510,1,RC,EXPIRADA
José,Domínguez,511,POL000511,2,TERCEROS_AMPLIADO,EXPIRADA
Eva José,Serrano,512,POL000512,2,RC,CANCELADA
Jan,Pereira,513,POL000513,1,TERCEROS_AMPLIADO,VIGENTE
Alberto,Gil,514,POL000514,2,TODO_RIESGO,CANCELADA
Francisco,Alonso,515,POL000515,2,TODO_RIESGO,CANCELADA
Antonio,Pereira,516,POL000516,1,TERCEROS_AMPLIADO,CANCELADA
Inés,Molina,517,POL000517,1,TODO_RIESGO,EXPIRADA
Teresa,Martínez,518,POL000518,2,TERCEROS_AMPLIADO,CANCELADA
Jan,Pereira,519,POL000519,2,TODO_RIESGO,EXPIRADA
Cristina,Delgado,520,POL000520,1,RC,VIGENTE
Lucía Carmen,Torres,521,POL000521,1,RC,CANCELADA
Juan José,Pereira,522,POL000522,1,TODO_RIESGO,EXPIRADA
Jan,Pereira,523,POL000523,2,TERCEROS_AMPLIADO,CANCELADA
Marta,Domínguez,524,POL000524,1,TODO_RIESGO,VIGENTE
Silvia,Martín,525,POL000525,1,TODO_RIESGO,CANCELADA
Valentina,Álvarez,526,POL000526,1,TODO_RIESGO,EXPIRADA
Óscar,Martín,527,POL000527,2,TERCEROS_AMPLIADO,VIGENTE
Silvia,López,528,POL000528,2,TERCEROS_AMPLIADO,CANCELADA
Marta,Nuñez,529,POL000529,2,RC,CANCELADA
Víctor,Rubio,530,POL000530,2,TODO_RIESGO,EXPIRADA
Andrés,Santos,531,POL000531,1,RC,EXPIRADA
Jan,Pereira,532,POL000532,1,TODO_RIESGO,EXPIRADA
Inés,Navarro,533,POL000533,2,TERCEROS_AMPLIADO,CANCELADA
Jan,Pereira,534,POL000534,1,TERCEROS_AMPLIADO,VIGENTE
Luis,Morales,535,POL000535,2,RC,VIGENTE
Lucía,Vargas,536,POL000536,1,RC,EXPIRADA
Ana,Domínguez,537,POL000537,1,TODO_RIESGO,EXPIRADA
Lucía,Molina,538,POL000538,2,RC,CANCELADA
Ana,Vázquez,539,POL000539,1,TERCEROS_AMPLIADO,EXPIRADA
Luis,Medina,540,POL000540,2,TERCEROS_AMPLIADO,CANCELADA
Sofía,Iglesias,541,POL000541,2,TODO_RIESGO,VIGENTE
Alejandro,Molina,542,POL000542,1,TERCEROS_AMPLIADO,CANCELADA
Jan,Méndez,543,POL000543,2,RC,VIGENTE
Andrés,Rubio,544,POL000544,2,RC,CANCELADA
Javier,Sanz,545,POL000545,2,TODO_RIESGO,EXPIRADA
Valentina,Fernández,546,POL000546,1,TODO_RIESGO,EXPIRADA
José,Torres,547,POL000547,1,RC,CANCELADA
Jan,Pereira,548,POL000548,2,TERCEROS_AMPLIADO,CANCELADA
Carlos,Muñoz,549,POL000549,1,TODO_RIESGO,CANCELADA
Jan,Pereira,550,POL000550,2,TODO_RIESGO,CANCELADA
Pedro,Vázquez,551,POL000551,1,TODO_RIESGO,EXPIRADA
Antonio,Pereira,552,POL000552,1,TODO_RIESGO,CANCELADA
Rosa,Santos,553,POL000553,1,TERCEROS_AMPLIADO,CANCELADA
Jan,Nuñez,554,POL000554,2,RC,EXPIRADA
Antonio,Pereira,555,POL000555,2,RC,VIGENTE
Amparo Miguel,Alonso,556,POL000556,1,TODO_RIESGO,EXPIRADA
Jan,Pereira,557,POL000557,1,TERCEROS_AMPLIADO,EXPIRADA
Rosa,Martínez,558,POL000558,1,TODO_RIESGO,VIGENTE
Valentina,Domínguez,559,POL000559,1,TODO_RIESGO,CANCELADA
Silvia,Castillo,560,POL000560,2,RC,CANCELADA
Diego,Sanz,561,POL000561,1,RC,EXPIRADA
Sofía,Gutiérrez,562,POL000562,1,RC,EXPIRADA
Silvia,Vargas,563,POL000563,1,RC,VIGENTE
Diego,Garrido,564,POL000564,1,RC,VIGENTE
Eva,Santos,565,POL000565,2,TERCEROS_AMPLIADO,CANCELADA
Sofía,Medina,566,POL000566,2,RC,EXPIRADA
Sergio,Vázquez,567,POL000567,2,RC,CANCELADA
Lucía Manuel,Díaz,568,POL000568,1,RC,VIGENTE
Marta,Suárez,569,POL000569,2,TODO_RIESGO,VIGENTE
Diego,Martín,570,POL000570,1,TERCEROS_AMPLIADO,EXPIRADA
Jan Antonio,Ortega,571,POL000571,2,TODO_RIESGO,VIGENTE
Jan,Pereira,572,POL000572,1,TODO_RIESGO,VIGENTE
Rosa Ana,Iglesias,573,POL000573,1,TERCEROS_AMPLIADO,EXPIRADA
Alejandro Manuel,Jiménez,574,POL000574,1,TODO_RIESGO,VIGENTE
Pablo,Silva,575,POL000575,2,TERCEROS_AMPLIADO,VIGENTE
Pedro,Lozano,576,POL000576,2,TODO_RIESGO,VIGENTE
Jan,Pereira,577,POL000577,1,TERCEROS_AMPLIADO,CANCELADA
Patricia,Blanco,578,POL000578,2,TERCEROS_AMPLIADO,EXPIRADA
Víctor,Méndez,579,POL000579,2,RC,CANCELADA
Juan José,Pereira,580,POL000580,2,RC,EXPIRADA
José,Vargas,581,POL000581,2,TODO_RIESGO,CANCELADA
Jorge,Vázquez,582,POL000582,2,TERCEROS_AMPLIADO,VIGENTE
Alberto,Blanco,583,POL000583,2,RC,CANCELADA
Antonio,Silva,584,POL000584,1,TERCEROS_AMPLIADO,EXPIRADA
Antonio,Pereira,585,POL000585,1,TODO_RIESGO,EXPIRADA
Jorge,Sanz,586,POL000586,2,TODO_RIESGO,EXPIRADA
Fernando José,Medina,587,POL000587,1,TERCEROS_AMPLIADO,EXPIRADA
Teresa,Ortiz,588,POL000588,1,TODO_RIESGO,EXPIRADA
Nuria,Delgado,589,POL000589,1,RC,EXPIRADA
Jan,Pereira,590,POL000590,2,TODO_RIESGO,CANCELADA
Isabel,Blanco,591,POL000591,2,TERCEROS_AMPLIADO,VIGENTE
Valentina,Serrano,592,POL000592,1,TODO_RIESGO,VIGENTE
Roberto Rosa,Blanco,593,POL000593,1,RC,CANCELADA
María,Ramírez,594,POL000594,1,TERCEROS_AMPLIADO,EXPIRADA
Jan,Pereira,595,POL000595,2,TODO_RIESGO,EXPIRADA
Sofía,Vázquez,596,POL000596,2,TODO_RIESGO,EXPIRADA
Javier,Sánchez,597,POL000597,1,TERCEROS_AMPLIADO,VIGENTE
Silvia,Torres,598,POL000598,2,TERCEROS_AMPLIADO,EXPIRADA
Juan José,Pereira,599,POL000599,2,TERCEROS_AMPLIADO,EXPIRADA
Rafael,Castillo,600,POL000600,2,TODO_RIESGO,VIGENTE
Víctor,Cortés,601,POL000601,1,TERCEROS_AMPLIADO,CANCELADA
Inés,García,602,POL000602,1,TERCEROS_AMPLIADO,VIGENTE
Jan,Pereira,603,POL000603,1,TERCEROS_AMPLIADO,VIGENTE
Valentina,Ortiz,604,POL000604,2,TODO_RIESGO,VIGENTE
Óscar,Delgado,605,POL000605,2,RC,EXPIRADA
Marta,Alonso,606,POL000606,2,TODO_RIESGO,CANCELADA
Laura,Fernández,607,POL000607,1,TODO_RIESGO,CANCELADA
Raúl,Vargas,608,POL000608,2,RC,VIGENTE
Jan,Pereira,609,POL000609,2,RC,EXPIRADA
Juan José,Pereira,610,POL000610,2,TODO_RIESGO,CANCELADA
Antonio,Pereira,611,POL000611,1,RC,VIGENTE
Nuria,Martín,612,POL000612,2,RC,EXPIRADA
Juan,Iglesias,613,POL000613,2,RC,EXPIRADA
Alberto,Ramírez,614,POL000614,2,TERCEROS_AMPLIADO,EXPIRADA
Enrique,Martínez,615,POL000615,1,TODO_RIESGO,VIGENTE
Teresa,López,616,POL000616,2,TERCEROS_AMPLIADO,CANCELADA
Daniel,Ortega,617,POL000617,1,RC,CANCELADA
Sergio,Ortiz,618,POL000618,2,TERCEROS_AMPLIADO,VIGENTE
Rafael José,Nuñez,619,POL000619,1,TODO_RIESGO,EXPIRADA
Teresa,Álvarez,620,POL000620,2,TERCEROS_AMPLIADO,VIGENTE
Manuel,Vargas,621,POL000621,2,RC,EXPIRADA
Patricia Carmen,Garrido,622,POL000622,2,RC,CANCELADA
Marta,Marín,623,POL000623,2,RC,VIGENTE
Rosa,Gómez,624,POL000624,1,RC,EXPIRADA
Daniel Carlos,Medina,625,POL000625,2,RC,EXPIRADA
Antonio,Pereira,626,POL000626,1,TODO_RIESGO,VIGENTE
Pablo,Morales,627,POL000627,2,RC,CANCELADA
Jan,Pereira,628,POL000628,2,TERCEROS_AMPLIADO,CANCELADA
Marta Juan,Rodríguez,629,POL000629,2,RC,EXPIRADA
Carlos,Vargas,630,POL000630,2,TERCEROS_AMPLIADO,VIGENTE
Carlos,Navarro,631,POL000631,2,RC,CANCELADA
Sergio,Gil,632,POL000632,1,TERCEROS_AMPLIADO,VIGENTE
Daniel,Morales,633,POL000633,1,TODO_RIESGO,CANCELADA
Víctor,Medina,634,POL000634,2,TODO_RIESGO,VIGENTE
Juan José,Pereira,635,POL000635,1,RC,EXPIRADA
Silvia Carlos,Romero,636,POL000636,1,TODO_RIESGO,EXPIRADA
Teresa Miguel,Gil,637,POL000637,1,RC,EXPIRADA
Alejandro,Torres,638,POL000638,1,TODO_RIESGO,VIGENTE
Pilar,Castillo,639,POL000639,1,RC,EXPIRADA
José,Delgado,640,POL000640,2,RC,VIGENTE
Sofía,Lozano,641,POL000641,1,TODO_RIESGO,EXPIRADA
Mónica,Sanz,642,POL000642,1,TODO_RIESGO,CANCELADA
Carmen,Castro,643,POL000643,2,TERCEROS_AMPLIADO,VIGENTE
Miguel,Martínez,644,POL000644,1,RC,EXPIRADA
Antonio,Gutiérrez,645,POL000645,1,TERCEROS_AMPLIADO,EXPIRADA
Nuria,Serrano,646,POL000646,1,TERCEROS_AMPLIADO,EXPIRADA
Andrés,Domínguez,647,POL000647,1,TODO_RIESGO,CANCELADA
Rubén,Domínguez,648,POL000648,1,TODO_RIESGO,EXPIRADA
Mónica,Romero,649,POL000649,2,RC,VIGENTE
Antonio,Pereira,650,POL000650,1,RC,CANCELADA
Raúl Miguel,Vázquez,651,POL000651,2,RC,VIGENTE
Eva,Santos,652,POL000652,2,RC,CANCELADA
Antonio,Pereira,653,POL000653,2,RC,CANCELADA
Jan,Pereira,654,POL000654,2,TODO_RIESGO,EXPIRADA
Diego,López,655,POL000655,1,TODO_RIESGO,CANCELADA
Silvia,Vázquez,656,POL000656,2,RC,CANCELADA
Alberto,Rodríguez,657,POL000657,2,TERCEROS_AMPLIADO,CANCELADA
Amparo,Blanco,658,POL000658,2,TERCEROS_AMPLIADO,VIGENTE
Teresa,Blanco,659,POL000659,2,TODO_RIESGO,VIGENTE
Alberto,Gómez,660,POL000660,2,TODO_RIESGO,VIGENTE
Jan,Pereira,661,POL000661,1,RC,VIGENTE
Patricia,Pérez,662,POL000662,1,TODO_RIESGO,EXPIRADA
Jan,Pereira,663,POL000663,2,TERCEROS_AMPLIADO,CANCELADA
Jan,Pereira,664,POL000664,1,RC,EXPIRADA
Fernando,Cortés,665,POL000665,2,TERCEROS_AMPLIADO,VIGENTE
Inés,Alonso,666,POL000666,1,TODO_RIESGO,CANCELADA
Antonio,Pereira,667,POL000667,1,TODO_RIESGO,VIGENTE
Luis Juan,Ruiz,668,POL000668,2,RC,VIGENTE
Andrés,Martínez,669,POL000669,1,TERCEROS_AMPLIADO,EXPIRADA
Antonio,Pereira,670,POL000670,1,RC,EXPIRADA
Luis,Ortiz,671,POL000671,2,TODO_RIESGO,EXPIRADA
Juan José,Pereira,672,POL000672,1,TODO_RIESGO,VIGENTE
Pablo,Nuñez,673,POL000673,1,TODO_RIESGO,CANCELADA
Jan,Pereira,674,POL000674,1,TODO_RIESGO,EXPIRADA
Jorge,Vargas,675,POL000675,1,TODO_RIESGO,VIGENTE
Jan Juan,González,676,POL000676,2,RC,EXPIRADA
Antonio,Pereira,677,POL000677,1,TODO_RIESGO,VIGENTE
Antonio,Pereira,678,POL000678,2,TERCEROS_AMPLIADO,CANCELADA
Sofía,López,679,POL000679,1,RC,CANCELADA
Nuria,Lozano,680,POL000680,1,RC,VIGENTE
Jan,Pereira,681,POL000681,1,TERCEROS_AMPLIADO,CANCELADA
Alberto,López,682,POL000682,2,TERCEROS_AMPLIADO,EXPIRADA
Javier María,López,683,POL000683,1,TERCEROS_AMPLIADO,EXPIRADA
Amparo,Delgado,684,POL000684,1,TERCEROS_AMPLIADO,VIGENTE
Marta,Ortiz,685,POL000685,1,TERCEROS_AMPLIADO,EXPIRADA
Carmen,Silva,686,POL000686,2,RC,CANCELADA
Mónica,Ortega,687,POL000687,2,TODO_RIESGO,VIGENTE
Ana,Pérez,688,POL000688,1,RC,VIGENTE
Lucía,Jiménez,689,POL000689,2,TERCEROS_AMPLIADO,EXPIRADA
Nuria,Moreno,690,POL000690,1,TODO_RIESGO,EXPIRADA
Raquel,Alonso,691,POL000691,2,TODO_RIESGO,VIGENTE
Fernando,Hernández,692,POL000692,1,RC,VIGENTE
Antonio,Pereira,693,POL000693,1,TODO_RIESGO,VIGENTE
Jan,Pereira,694,POL000694,1,TODO_RIESGO,VIGENTE
Silvia Manuel,Marín,695,POL000695,1,RC,CANCELADA
Jan,Pereira,696,POL000696,1,TERCEROS_AMPLIADO,VIGENTE
Rubén,Sanz,697,POL000697,2,TODO_RIESGO,VIGENTE
Antonio,Pereira,698,POL000698,2,RC,VIGENTE
Juan José,Pereira,699,POL000699,2,TODO_RIESGO,CANCELADA
Silvia Ana,Rubio,700,POL000700,2,TERCEROS_AMPLIADO,CANCELADA
Elena,Silva,701,POL000701,2,TERCEROS_AMPLIADO,CANCELADA
Juan José,Pereira,702,POL000702,2,TERCEROS_AMPLIADO,CANCELADA
Raúl Pedro,Alonso,703,POL000703,1,TERCEROS_AMPLIADO,CANCELADA
Lucía,Morales,704,POL000704,1,TODO_RIESGO,VIGENTE
Jan,Pereira,705,POL000705,2,RC,VIGENTE
Beatriz,López,706,POL000706,2,RC,CANCELADA
Pedro,Blanco,707,POL000707,2,TERCEROS_AMPLIADO,VIGENTE
Jan,Pereira,708,POL000708,1,TODO_RIESGO,VIGENTE
Jan,Pereira,709,POL000709,1,RC,CANCELADA
Javier,Lozano,710,POL000710,1,TODO_RIESGO,VIGENTE
Manuel,Gil,711,POL000711,2,RC,VIGENTE
Teresa Pedro,Ortiz,712,POL000712,1,RC,CANCELADA
Patricia Juan,Pérez,713,POL000713,1,TODO_RIESGO,VIGENTE
Jan,Pereira,714,POL000714,2,TERCEROS_AMPLIADO,EXPIRADA
Antonio Miguel,Iglesias,715,POL000715,1,RC,EXPIRADA
Pedro,Navarro,716,POL000716,1,TERCEROS_AMPLIADO,VIGENTE
Rubén,Navarro,717,POL000717,2,TERCEROS_AMPLIADO,VIGENTE
Juan José,Pereira,718,POL000718,1,TODO_RIESGO,EXPIRADA
Jan,Pereira,719,POL000719,2,RC,VIGENTE
Pilar,González,720,POL000720,1,TERCEROS_AMPLIADO,EXPIRADA
Cristina Pedro,Molina,721,POL000721,1,TODO_RIESGO,EXPIRADA
Elena,Marín,722,POL000722,1,TODO_RIESGO,CANCELADA
Ana,Alonso,723,POL000723,1,TERCEROS_AMPLIADO,EXPIRADA
Silvia,Santos,724,POL000724,1,RC,EXPIRADA
Juan José,Pereira,725,POL000725,1,TODO_RIESGO,VIGENTE
Mónica,Gómez,726,POL000726,1,TODO_RIESGO,VIGENTE
Rubén,Vázquez,727,POL000727,2,RC,VIGENTE
Jan,Pereira,728,POL000728,2,RC,EXPIRADA
Alberto,Ortiz,729,POL000729,1,TERCEROS_AMPLIADO,VIGENTE
Antonio,Pereira,730,POL000730,1,TERCEROS_AMPLIADO,VIGENTE
Antonio,Pereira,731,POL000731,1,TERCEROS_AMPLIADO,EXPIRADA
Inés,Santos,732,POL000732,2,RC,CANCELADA
Diego,Sánchez,733,POL000733,1,TODO_RIESGO,EXPIRADA
Jan,Torres,734,POL000734,1,RC,EXPIRADA
Teresa,Pereira,735,POL000735,1,RC,CANCELADA
Antonio,Pereira,736,POL000736,2,TERCEROS_AMPLIADO,VIGENTE
Carlos,Rodríguez,737,POL000737,1,RC,EXPIRADA
Rosa Ana,Morales,738,POL000738,2,RC,EXPIRADA
Valentina,Sanz,739,POL000739,2,TODO_RIESGO,EXPIRADA
Jan,Pereira,740,POL000740,1,TODO_RIESGO,CANCELADA
Javier,Jiménez,741,POL000741,2,TODO_RIESGO,CANCELADA
Inés,Méndez,742,POL000742,1,TODO_RIESGO,EXPIRADA
Dolores,Torres,743,POL000743,1,RC,VIGENTE
Sergio,Castro,744,POL000744,2,TERCEROS_AMPLIADO,VIGENTE
Alberto,Gutiérrez,745,POL000745,1,TERCEROS_AMPLIADO,EXPIRADA
María,Vázquez,746,POL000746,2,TODO_RIESGO,CANCELADA
Laura,Ramírez,747,POL000747,1,TERCEROS_AMPLIADO,VIGENTE
Jan,Pereira,748,POL000748,2,TODO_RIESGO,VIGENTE
Raúl,González,749,POL000749,2,RC,EXPIRADA
Fernando,Medina,750,POL000750,2,RC,CANCELADA
Juan José,Pereira,751,POL000751,2,TERCEROS_AMPLIADO,EXPIRADA
Rubén,Fernández,752,POL000752,1,TODO_RIESGO,EXPIRADA
Pedro,Delgado,753,POL000753,2,RC,CANCELADA
Inés,Silva,754,POL000754,2,RC,EXPIRADA
Valentina,Santos,755,POL000755,1,TERCEROS_AMPLIADO,VIGENTE
Alberto,Castillo,756,POL000756,1,TODO_RIESGO,VIGENTE
María Juan,Navarro,757,POL000757,1,TERCEROS_AMPLIADO,VIGENTE
Francisco,Castillo,758,POL000758,2,TERCEROS_AMPLIADO,CANCELADA
Sergio,Silva,759,POL000759,2,RC,EXPIRADA
Rafael,Méndez,760,POL000760,2,RC,VIGENTE
Nuria,Gómez,761,POL000761,1,TERCEROS_AMPLIADO,CANCELADA
Gloria,Navarro,762,POL000762,1,TERCEROS_AMPLIADO,VIGENTE
Rafael,Delgado,763,POL000763,1,TODO_RIESGO,EXPIRADA
Juan José,Pereira,764,POL000764,1,RC,CANCELADA
Jan,Pereira,765,POL000765,1,RC,CANCELADA
Marta,Lozano,766,POL000766,2,TERCEROS_AMPLIADO,EXPIRADA
Antonio,Pereira,767,POL000767,1,TERCEROS_AMPLIADO,CANCELADA
Juan José,Pereira,768,POL000768,1,RC,EXPIRADA
Isabel,Ortiz,769,POL000769,1,RC,VIGENTE
Lucía,Silva,770,POL000770,1,TERCEROS_AMPLIADO,EXPIRADA
Jan,Pereira,771,POL000771,2,TODO_RIESGO,VIGENTE
Javier,Morales,772,POL000772,2,RC,VIGENTE
Juan José,Pereira,773,POL000773,1,TERCEROS_AMPLIADO,EXPIRADA
Laura,Rubio,774,POL000774,1,TODO_RIESGO,VIGENTE
Alejandro,Gil,775,POL000775,1,TERCEROS_AMPLIADO,VIGENTE
Marta,Martín,776,POL000776,1,TODO_RIESGO,EXPIRADA
Antonio,Cortés,777,POL000777,2,TODO_RIESGO,VIGENTE
Andrés María,Álvarez,778,POL000778,2,RC,VIGENTE
Elena,Hernández,779,POL000779,1,RC,EXPIRADA
Isabel,Ortiz,780,POL000780,1,RC,VIGENTE
Diego,Sánchez,781,POL000781,2,TODO_RIESGO,EXPIRADA
Dolores,Muñoz,782,POL000782,2,RC,EXPIRADA
Enrique,Delgado,783,POL000783,2,TERCEROS_AMPLIADO,VIGENTE
Roberto,Fernández,784,POL000784,1,TERCEROS_AMPLIADO,EXPIRADA
Rosa Carmen,Morales,785,POL000785,2,RC,EXPIRADA
Marta Manuel,García,786,POL000786,2,TODO_RIESGO,CANCELADA
Pedro,Ramírez,787,POL000787,2,RC,VIGENTE
Jan,Pereira,788,POL000788,2,TODO_RIESGO,VIGENTE
Víctor,Alonso,789,POL000789,2,TODO_RIESGO,CANCELADA
Silvia,Fernández,790,POL000790,1,TODO_RIESGO,EXPIRADA
Jan,Pereira,791,POL000791,2,TERCEROS_AMPLIADO,VIGENTE
Juan José,Pereira,792,POL000792,1,TODO_RIESGO,VIGENTE
Carlos,Ruiz,793,POL000793,2,TERCEROS_AMPLIADO,CANCELADA
Carmen,Rodríguez,794,POL000794,2,TODO_RIESGO,CANCELADA
Cristina,Vargas,795,POL000795,2,TODO_RIESGO,VIGENTE
Eva,Alonso,796,POL000796,1,TERCEROS_AMPLIADO,EXPIRADA
Juan,Gutiérrez,797,POL000797,1,RC,EXPIRADA
Miguel,Torres,798,POL000798,2,RC,EXPIRADA
Silvia,Castro,799,POL000799,2,TERCEROS_AMPLIADO,CANCELADA
Diego,Ortega,800,POL000800,2,TERCEROS_AMPLIADO,CANCELADA
Jorge,Pérez,801,POL000801,1,RC,EXPIRADA
Antonio,Pereira,802,POL000802,1,TODO_RIESGO,EXPIRADA
Juan José,Pereira,803,POL000803,1,TERCEROS_AMPLIADO,VIGENTE
Jan,Pereira,804,POL000804,2,TODO_RIESGO,CANCELADA
Antonio,Pereira,805,POL000805,1,RC,CANCELADA
Raúl,Gil,806,POL000806,2,TERCEROS_AMPLIADO,CANCELADA
Sergio,Navarro,807,POL000807,2,RC,VIGENTE
Enrique Antonio,Ruiz,808,POL000808,1,RC,EXPIRADA
Rafael,Navarro,809,POL000809,1,RC,CANCELADA
Jan,Pereira,810,POL000810,2,TODO_RIESGO,CANCELADA
Andrés,Pereira,811,POL000811,1,TODO_RIESGO,CANCELADA
Rosa,Gutiérrez,812,POL000812,1,TERCEROS_AMPLIADO,EXPIRADA
Alberto,García,813,POL000813,2,TERCEROS_AMPLIADO,CANCELADA
Teresa,Castillo,814,POL000814,1,RC,VIGENTE
Enrique,Pérez,815,POL000815,2,TERCEROS_AMPLIADO,VIGENTE
Jan,Pereira,816,POL000816,2,TODO_RIESGO,EXPIRADA
Nuria,Silva,817,POL000817,1,RC,EXPIRADA
Laura,Nuñez,818,POL000818,2,TERCEROS_AMPLIADO,VIGENTE
Antonio,Vázquez,819,POL000819,1,RC,CANCELADA
Roberto,Gómez,820,POL000820,1,RC,CANCELADA
Beatriz,Méndez,821,POL000821,2,RC,VIGENTE
Teresa,Ramírez,822,POL000822,1,TODO_RIESGO,EXPIRADA
Rafael,Pereira,823,POL000823,1,RC,VIGENTE
Enrique,Díaz,824,POL000824,1,TERCEROS_AMPLIADO,EXPIRADA
Amparo,Pereira,825,POL000825,1,TERCEROS_AMPLIADO,CANCELADA
Jan,Martínez,826,POL000826,1,TERCEROS_AMPLIADO,VIGENTE
Raquel,Cortés,827,POL000827,1,TERCEROS_AMPLIADO,EXPIRADA
Alberto,Pérez,828,POL000828,2,TERCEROS_AMPLIADO,CANCELADA
Gloria Pedro,Hernández,829,POL000829,2,RC,EXPIRADA
Jan,Pereira,830,POL000830,1,RC,CANCELADA
Raquel,Blanco,831,POL000831,2,TODO_RIESGO,EXPIRADA
Jan,Pereira,832,POL000832,2,TERCEROS_AMPLIADO,CANCELADA
Sergio,Blanco,833,POL000833,2,TERCEROS_AMPLIADO,VIGENTE
Beatriz,Gómez,834,POL000834,1,TODO_RIESGO,VIGENTE
Beatriz,Rubio,835,POL000835,2,TODO_RIESGO,VIGENTE
Beatriz María,Gutiérrez,836,POL000836,1,TERCEROS_AMPLIADO,VIGENTE
Cristina,Álvarez,837,POL000837,2,TODO_RIESGO,EXPIRADA
Eva,Díaz,838,POL000838,1,TERCEROS_AMPLIADO,CANCELADA
Carlos,Serrano,839,POL000839,1,TODO_RIESGO,CANCELADA
Luis,Castro,840,POL000840,2,TODO_RIESGO,CANCELADA
Luis,Morales,841,POL000841,1,RC,CANCELADA
Juan José,Pereira,842,POL000842,1,RC,CANCELADA
Silvia Carmen,Medina,843,POL000843,2,RC,CANCELADA
Teresa,Ramos,844,POL000844,2,RC,EXPIRADA
Antonio,Pereira,845,POL000845,2,TODO_RIESGO,CANCELADA
Enrique Rosa,Castro,846,POL000846,1,TERCEROS_AMPLIADO,CANCELADA
Manuel Antonio,Ruiz,847,POL000847,1,TODO_RIESGO,CANCELADA
Cristina,Delgado,848,POL000848,2,TODO_RIESGO,EXPIRADA
Roberto Rosa,García,849,POL000849,2,TERCEROS_AMPLIADO,EXPIRADA
Lucía,Molina,850,POL000850,1,RC,CANCELADA
Daniel,Serrano,851,POL000851,2,TERCEROS_AMPLIADO,EXPIRADA
Jan,Pereira,852,POL000852,2,RC,VIGENTE
Valentina,Romero,853,POL000853,2,RC,CANCELADA
Rubén,Pereira,854,POL000854,1,TERCEROS_AMPLIADO,VIGENTE
José María,Ramírez,855,POL000855,1,TERCEROS_AMPLIADO,EXPIRADA
María,Muñoz,856,POL000856,1,RC,VIGENTE
Miguel,Sanz,857,POL000857,2,RC,CANCELADA
Juan José,Pereira,858,POL000858,1,RC,EXPIRADA
Patricia,Méndez,859,POL000859,1,TERCEROS_AMPLIADO,EXPIRADA
Andrés Francisco,Castro,860,POL000860,2,TODO_RIESGO,EXPIRADA
Marta,Fernández,861,POL000861,1,RC,CANCELADA
Antonio Francisco,Lozano,862,POL000862,2,RC,VIGENTE
Alberto,Sanz,863,POL000863,1,TODO_RIESGO,CANCELADA
Javier,Muñoz,864,POL000864,1,RC,EXPIRADA
Valentina,Garrido,865,POL000865,1,TODO_RIESGO,VIGENTE
Francisco,Gutiérrez,866,POL000866,1,TODO_RIESGO,EXPIRADA
Gloria,Marín,867,POL000867,2,RC,CANCELADA
Carmen,Nuñez,868,POL000868,2,TODO_RIESGO,EXPIRADA
Gloria,Suárez,869,POL000869,2,TODO_RIESGO,CANCELADA
Jan,Pereira,870,POL000870,2,TODO_RIESGO,VIGENTE
Raquel,Navarro,871,POL000871,2,TERCEROS_AMPLIADO,CANCELADA
Francisco,Martín,872,POL000872,1,RC,EXPIRADA
Carmen,Pereira,873,POL000873,2,TERCEROS_AMPLIADO,EXPIRADA
Patricia,Moreno,874,POL000874,2,TODO_RIESGO,VIGENTE
Nuria,Martín,875,POL000875,2,RC,VIGENTE
Ana,Ortiz,876,POL000876,2,RC,VIGENTE
Francisco,Ortiz,877,POL000877,2,RC,CANCELADA
Alejandro,Muñoz,878,POL000878,2,TODO_RIESGO,CANCELADA
Rosa,Medina,879,POL000879,2,TODO_RIESGO,EXPIRADA
Andrés Rosa,Vázquez,880,POL000880,1,RC,CANCELADA
Rubén Rosa,Hernández,881,POL000881,2,TERCEROS_AMPLIADO,CANCELADA
Alejandro María,Sanz,882,POL000882,2,TERCEROS_AMPLIADO,EXPIRADA
Luis,Hernández,883,POL000883,1,RC,CANCELADA
Dolores,Lozano,884,POL000884,2,TODO_RIESGO,VIGENTE
Elena,Morales,885,POL000885,1,RC,EXPIRADA
Rosa,Gutiérrez,886,POL000886,2,TODO_RIESGO,EXPIRADA
Juan,Díaz,887,POL000887,2,TERCEROS_AMPLIADO,VIGENTE
Eva,Pérez,888,POL000888,2,RC,VIGENTE
Víctor,Morales,889,POL000889,1,TERCEROS_AMPLIADO,VIGENTE
Pablo,Sanz,890,POL000890,1,RC,VIGENTE
Jan,Pereira,891,POL000891,1,TODO_RIESGO,VIGENTE
Marta,Alonso,892,POL000892,2,TODO_RIESGO,VIGENTE
Daniel,Medina,893,POL000893,2,RC,CANCELADA
Fernando,Vázquez,894,POL000894,1,RC,EXPIRADA
Pilar,Molina,895,POL000895,2,RC,CANCELADA
Rubén Juan,Pereira,896,POL000896,2,RC,CANCELADA
Elena,Vázquez,897,POL000897,2,RC,VIGENTE
Carlos,Rubio,898,POL000898,2,TODO_RIESGO,VIGENTE
Eva,Martín,899,POL000899,2,TODO_RIESGO,EXPIRADA
Gloria Javier,Marín,900,POL000900,1,RC,EXPIRADA
Antonio,Martín,901,POL000901,2,TERCEROS_AMPLIADO,EXPIRADA
Roberto,Ramos,902,POL000902,1,TERCEROS_AMPLIADO,EXPIRADA
Patricia,Suárez,903,POL000903,1,TERCEROS_AMPLIADO,CANCELADA
Amparo,Torres,904,POL000904,1,RC,EXPIRADA
Antonio,Pereira,905,POL000905,2,TODO_RIESGO,VIGENTE
Juan José,Pereira,906,POL000906,2,TERCEROS_AMPLIADO,CANCELADA
Jan,Domínguez,907,POL000907,2,TERCEROS_AMPLIADO,VIGENTE
Antonio,Pereira,908,POL000908,1,TERCEROS_AMPLIADO,CANCELADA
Antonio,Pereira,909,POL000909,2,TODO_RIESGO,VIGENTE
Raquel,Rodríguez,910,POL000910,2,TERCEROS_AMPLIADO,EXPIRADA
Luis,Garrido,911,POL000911,1,RC,EXPIRADA
Juan Miguel,Gómez,912,POL000912,2,TODO_RIESGO,VIGENTE
Roberto,López,913,POL000913,1,TERCEROS_AMPLIADO,EXPIRADA
Juan,Díaz,914,POL000914,2,TERCEROS_AMPLIADO,VIGENTE
Teresa,Fernández,915,POL000915,1,TODO_RIESGO,VIGENTE
Enrique,Iglesias,916,POL000916,1,TERCEROS_AMPLIADO,VIGENTE
Jan,Pereira,917,POL000917,2,RC,CANCELADA
Daniel Pedro,Ramírez,918,POL000918,1,TODO_RIESGO,VIGENTE
Juan José,Pereira,919,POL000919,2,TODO_RIESGO,EXPIRADA
Antonio,González,920,POL000920,2,RC,VIGENTE
Pablo,Santos,921,POL000921,2,TODO_RIESGO,VIGENTE
Carmen,Sánchez,922,POL000922,2,TODO_RIESGO,CANCELADA
Raquel,Martín,923,POL000923,2,RC,CANCELADA
Inés,Delgado,924,POL000924,1,TERCEROS_AMPLIADO,CANCELADA
Jan,Pereira,925,POL000925,1,TERCEROS_AMPLIADO,CANCELADA
Sofía,Vázquez,926,POL000926,1,TERCEROS_AMPLIADO,CANCELADA
Jan,Pereira,927,POL000927,1,TERCEROS_AMPLIADO,CANCELADA
Pablo,Moreno,928,POL000928,1,TODO_RIESGO,VIGENTE
Sofía,Medina,929,POL000929,2,RC,EXPIRADA
Silvia,Pereira,930,POL000930,1,TODO_RIESGO,VIGENTE
Cristina Miguel,Ramos,931,POL000931,1,TERCEROS_AMPLIADO,CANCELADA
Ana,Nuñez,932,POL000932,2,TODO_RIESGO,VIGENTE
Pedro Antonio,Suárez,933,POL000933,2,TERCEROS_AMPLIADO,VIGENTE
Antonio,Pereira,934,POL000934,2,TERCEROS_AMPLIADO,EXPIRADA
Miguel,Delgado,935,POL000935,2,TODO_RIESGO,EXPIRADA
Jan,Pereira,936,POL000936,1,TERCEROS_AMPLIADO,EXPIRADA
Jan,Pereira,937,POL000937,2,RC,VIGENTE
Antonio,Pereira,938,POL000938,1,RC,VIGENTE
Isabel,Castro,939,POL000939,1,TODO_RIESGO,VIGENTE
Carlos,Ruiz,940,POL000940,2,TERCEROS_AMPLIADO,EXPIRADA
Javier,González,941,POL000941,1,RC,VIGENTE
Dolores,Martín,942,POL000942,1,TERCEROS_AMPLIADO,EXPIRADA
Jan,Pereira,943,POL000943,2,TODO_RIESGO,VIGENTE
Lucía,Jiménez,944,POL000944,2,TODO_RIESGO,CANCELADA
Juan José,Pereira,945,POL000945,2,TODO_RIESGO,EXPIRADA
Jan,Pereira,946,POL000946,1,RC,CANCELADA
Antonio,Pereira,947,POL000947,2,RC,VIGENTE
Pablo,Lozano,948,POL000948,2,RC,EXPIRADA
Eva Carlos,Fernández,949,POL000949,2,TODO_RIESGO,EXPIRADA
Roberto Rosa,López,950,POL000950,2,TODO_RIESGO,VIGENTE
Marta,Iglesias,951,POL000951,2,RC,VIGENTE
Cristina,Silva,952,POL000952,1,TERCEROS_AMPLIADO,EXPIRADA
Raúl,Romero,953,POL000953,1,TERCEROS_AMPLIADO,VIGENTE
Andrés,Suárez,954,POL000954,1,TODO_RIESGO,EXPIRADA
Gloria,Ramos,955,POL000955,1,TERCEROS_AMPLIADO,EXPIRADA
Amparo,Marín,956,POL000956,2,RC,EXPIRADA
Juan José,Pereira,957,POL000957,1,RC,CANCELADA
José,Muñoz,958,POL000958,2,TODO_RIESGO,CANCELADA
Sofía,Romero,959,POL000959,1,RC,CANCELADA
Nuria,Vargas,960,POL000960,1,TODO_RIESGO,VIGENTE
Eva,Ramos,961,POL000961,2,TODO_RIESGO,CANCELADA
Miguel,Martínez,962,POL000962,1,TERCEROS_AMPLIADO,CANCELADA
Lucía Juan,Vázquez,963,POL000963,2,RC,CANCELADA
Miguel,Gómez,964,POL000964,2,RC,CANCELADA
Mónica Juan,Ortiz,965,POL000965,2,TERCEROS_AMPLIADO,CANCELADA
Francisco,Sánchez,966,POL000966,2,TODO_RIESGO,EXPIRADA
Manuel Pedro,Martínez,967,POL000967,1,TERCEROS_AMPLIADO,VIGENTE
Jan,Navarro,968,POL000968,2,TERCEROS_AMPLIADO,EXPIRADA
Juan,Alonso,969,POL000969,2,RC,CANCELADA
Marta,Martínez,970,POL000970,1,RC,EXPIRADA
Jan,Pereira,971,POL000971,1,RC,VIGENTE
Pedro,Santos,972,POL000972,1,RC,VIGENTE
Jan,Pereira,973,POL000973,1,TERCEROS_AMPLIADO,VIGENTE
Pilar,Martín,974,POL000974,2,TERCEROS_AMPLIADO,EXPIRADA
Mónica Luis,Ramírez,975,POL000975,2,TERCEROS_AMPLIADO,EXPIRADA
Jan,López,976,POL000976,2,TODO_RIESGO,CANCELADA
Patricia,Lozano,977,POL000977,2,TERCEROS_AMPLIADO,CANCELADA
Óscar,Iglesias,978,POL000978,1,TODO_RIESGO,CANCELADA
Miguel,Gómez,979,POL000979,1,RC,VIGENTE
Jan,Pereira,980,POL000980,1,TERCEROS_AMPLIADO,VIGENTE
Jan,Pereira,981,POL000981,2,RC,CANCELADA
Juan José,Pereira,982,POL000982,2,TERCEROS_AMPLIADO,EXPIRADA
Diego,Gutiérrez,983,POL000983,1,RC,CANCELADA
Pablo,Hernández,984,POL000984,1,TODO_RIESGO,CANCELADA
Carmen,Gil,985,POL000985,1,RC,EXPIRADA
Antonio,Méndez,986,POL000986,2,TODO_RIESGO,VIGENTE
Pilar,Rubio,987,POL000987,2,TODO_RIESGO,CANCELADA
Javier,Ramos,988,POL000988,2,TERCEROS_AMPLIADO,EXPIRADA
Jan,Gil,989,POL000989,2,RC,CANCELADA
Alberto,Hernández,990,POL000990,2,TERCEROS_AMPLIADO,VIGENTE
Daniel,Ruiz,991,POL000991,2,RC,EXPIRADA
Gloria,González,992,POL000992,1,TODO_RIESGO,CANCELADA
Beatriz,Cortés,993,POL000993,2,TODO_RIESGO,VIGENTE
José,Alonso,994,POL000994,1,RC,VIGENTE
Luis,Vargas,995,POL000995,2,TERCEROS_AMPLIADO,CANCELADA
Amparo,Suárez,996,POL000996,1,RC,EXPIRADA
Lucía Francisco,Álvarez,997,POL000997,2,TERCEROS_AMPLIADO,VIGENTE
Nuria,Serrano,998,POL000998,1,TODO_RIESGO,CANCELADA
Juan José,Pereira,999,POL000999,2,TODO_RIESGO,CANCELADA
Rafael,Marín,1000,POL001000,2,TERCEROS_AMPLIADO,CANCELADA
