Nombre,Apellido,id,matricula,marca,modelo,anio_small
María,Méndez,1,2435RRB,Kia,Modelo,2015
Roberto,Gómez,2,2959FMD,Honda,Modelo,2022
Amparo,Méndez,3,5617TJP,Volkswagen,Golf,2024
Sofía,Marín,4,8910ZKS,Fiat,Modelo,2012
Antonio,Pereira,5,4948TWR,Citroen,Modelo,2010
Sergio,Sanz,6,5585TBW,Peugeot,Modelo,2014
Jorge Carmen,Medina,7,5131ZDW,Seat,Ibiza,2016
Francisco,Moreno,8,6867KXM,Kia,Modelo,2014
Isabel,García,9,8521WWD,Fiat,Modelo,2018
Pedro,Castillo,10,6773GGX,Audi,Modelo,2022
Jan,Pereira,11,9070KWP,Peugeot,Modelo,2016
Víctor,Torres,12,9588GJN,Kia,Modelo,2013
Alejandro Antonio,Domínguez,13,3979KPL,Hyundai,Modelo,2013
Óscar,Álvarez,14,4498NVX,Nissan,Modelo,2012
Rubén,Molina,15,8997WDY,Peugeot,Modelo,2021
Alejandro,Martínez,16,8414TNY,Peugeot,Modelo,2016
Raúl,Iglesias,17,3075DPK,Nissan,Modelo,2014
Teresa,Rubio,18,1704MTP,Ford,Focus,2018
Luis,Rodríguez,19,6977GYL,Kia,Modelo,2012
Marta,Alonso,20,1143PCN,Hyundai,Modelo,2010
Roberto,Sánchez,21,7905LFL,Toyota,Corolla,2015
Beatriz,Nuñez,22,9871GMY,Peugeot,Modelo,2016
Pedro,Vázquez,23,3617VWT,Honda,Modelo,2017
Jan,Pereira,24,7277LHP,BMW,Modelo,2012
Amparo,Medina,25,5045PCP,Nissan,Modelo,2020
Jan,Pereira,26,1975SWF,Fiat,Modelo,2011
Pedro,Molina,27,7785JBH,Audi,Modelo,2017
Raúl,Castillo,28,6287KTB,Peugeot,Modelo,2010
Amparo,Navarro,29,2036GSM,Kia,Modelo,2019
Marta,Fernández,30,8184MDS,Opel,Modelo,2013
Carlos,Navarro,31,3401PZS,Peugeot,Modelo,2018
Luis,Díaz,32,7411TBH,BMW,Modelo,2022
Antonio,Pereira,33,2793TGR,Opel,Modelo,2014
Silvia,Suárez,34,3593RJT,BMW,Modelo,2011
Silvia,Molina,35,3672LYM,Peugeot,Modelo,2017
Diego Francisco,Méndez,36,4791VDD,Kia,Modelo,2017
Fernando,Méndez,37,5813PDG,Honda,Modelo,2021
Jan,Pereira,38,1071CZK,Honda,Modelo,2021
Diego,Ortega,39,6742XZL,Fiat,Modelo,2011
Víctor,Fernández,40,6633VSZ,Citroen,Modelo,2011
Valentina,Nuñez,41,4467SBT,Fiat,Modelo,2018
Amparo,Serrano,42,8574VNZ,Opel,Modelo,2012
Alejandro,Ramos,43,9182HSH,Seat,Leon,2015
Beatriz,Delgado,44,9685VFC,Toyota,C-HR,2021
Gloria,García,45,6285HVD,Kia,Modelo,2012
Jan,Pereira,46,3152RTP,Opel,Modelo,2023
Víctor,Romero,47,2509FHZ,Ford,Kuga,2015
Rosa,Pérez,48,8482JHF,Fiat,Modelo,2019
Pedro,Molina,49,8958NPY,Audi,Modelo,2015
Rubén Carmen,Álvarez,50,4910JGD,Hyundai,Modelo,2019
Víctor,Ruiz,51,4727JGJ,Kia,Modelo,2013
Miguel,Nuñez,52,7415VBZ,BMW,Modelo,2013
Raúl,Ortega,53,6007ZPL,Seat,Arona,2015
Valentina,Vázquez,54,6067KKZ,Audi,Modelo,2019
Daniel,Silva,55,7740BGL,Peugeot,Modelo,2014
Juan,Sanz,56,7040NKG,Volkswagen,Polo,2014
María,Pérez,57,6233RMW,Seat,Arona,2018
José,Gutiérrez,58,2976GTR,Opel,Modelo,2017
Patricia,Rubio,59,1015DWM,Seat,Ibiza,2012
Sofía,Lozano,60,2188GDY,Volkswagen,Golf,2021
Luis,Pereira,61,8728KLZ,Toyota,Yaris,2016
Diego,Gómez,62,2869MJX,Fiat,Modelo,2016
Gloria,Jiménez,63,2321MDF,Ford,Fiesta,2014
Óscar,Serrano,64,6852PWN,Renault,Megane,2011
Daniel,Pereira,65,1140MJM,Citroen,Modelo,2014
Jorge,Cortés,66,1258VLY,Toyota,RAV4,2016
Enrique,Medina,67,8995YBK,Hyundai,Modelo,2023
Raquel,Blanco,68,3854JSV,Peugeot,Modelo,2022
Jan,Pereira,69,3276CKR,Citroen,Modelo,2012
Gloria Francisco,Marín,70,1042WFZ,Hyundai,Modelo,2023
Juan José,Pereira,71,6318YHW,Honda,Modelo,2020
Roberto,López,72,5924GJG,Opel,Modelo,2022
Rosa,López,73,6265CTY,Toyota,C-HR,2016
Isabel,Garrido,74,9532HKD,Honda,Modelo,2011
Daniel,Gómez,75,9460BCM,Opel,Modelo,2022
Alberto,Rubio,76,8202XJB,Hyundai,Modelo,2013
Jan,Morales,77,1842RWS,Renault,Scenic,2016
Jorge,Sánchez,78,5464FFB,Toyota,RAV4,2015
Mónica Carlos,Serrano,79,8028PKB,Ford,Kuga,2022
Rubén,Fernández,80,6375RGG,Citroen,Modelo,2017
Silvia,Sánchez,81,2970WHN,Kia,Modelo,2016
Rubén Carlos,Sánchez,82,7546JZW,Kia,Modelo,2024
Jorge,Castro,83,2734KNN,Volkswagen,Golf,2022
Mónica,Ruiz,84,4530BTK,Honda,Modelo,2021
Patricia,López,85,2920RPH,Ford,Kuga,2017
Gloria,Sánchez,86,2679RXD,Toyota,RAV4,2018
Daniel Rosa,García,87,7736PBT,Hyundai,Modelo,2016
Jan,Pereira,88,1745FVP,Honda,Modelo,2021
Pilar,Morales,89,2338CGG,Peugeot,Modelo,2017
Cristina,Fernández,90,5445MHT,Ford,Kuga,2013
Juan,Ramos,91,5442GDZ,Mazda,Modelo,2016
Jan,Vargas,92,7758NHY,Volkswagen,Tiguan,2023
Mónica,Castillo,93,4555KTW,BMW,Modelo,2021
Juan José,Pereira,94,6457CRC,Seat,Arona,2023
Pilar,Martín,95,7240VXD,Volkswagen,Polo,2013
Elena,Fernández,96,6508CMK,Audi,Modelo,2019
Daniel,Fernández,97,9869DRF,Hyundai,Modelo,2024
Ana,Fernández,98,5148CXY,Opel,Modelo,2010
Sergio,Delgado,99,4979KXK,Audi,Modelo,2010
Jan,Pereira,100,5692NPC,Audi,Modelo,2011
Jan,Pereira,101,4819GNW,Citroen,Modelo,2019
Patricia Miguel,Pérez,102,4995ZPN,Fiat,Modelo,2020
Alberto,Muñoz,103,7364YJT,Hyundai,Modelo,2015
Carlos,Iglesias,104,8564LLG,Ford,Mondeo,2015
Enrique Javier,Rubio,105,8868XXS,Toyota,Yaris,2020
Fernando,Díaz,106,5690YVG,Kia,Modelo,2012
Javier,Muñoz,107,4889XLJ,Audi,Modelo,2016
Jan,Pereira,108,5504LFM,Audi,Modelo,2013
Jan,Pereira,109,1052TLX,Honda,Modelo,2022
Luis,García,110,9947NTZ,Citroen,Modelo,2020
Alberto,Sánchez,111,9475HCC,Toyota,RAV4,2022
Jan,Pereira,112,7405JDX,Peugeot,Modelo,2023
Manuel Antonio,Muñoz,113,4279HJP,Nissan,Modelo,2017
Pedro,Blanco,114,3528BHX,Nissan,Modelo,2018
Nuria,Gutiérrez,115,7901PJW,Seat,Ibiza,2019
José,Medina,116,7326RBD,Volkswagen,Golf,2021
Juan José,Pereira,117,6082WTX,Audi,Modelo,2021
Jan,Pereira,118,1139FTX,Hyundai,Modelo,2022
Jan,Pereira,119,2819FTH,Volkswagen,Passat,2017
Miguel Carmen,Ortiz,120,2711PPT,Audi,Modelo,2012
Antonio,Sanz,121,9008FVT,BMW,Modelo,2017
Rosa,Díaz,122,4474WDH,Renault,Megane,2021
Fernando,Ortega,123,1480XPC,Seat,Arona,2022
Ana,Martínez,124,3615NWP,BMW,Modelo,2016
Isabel,Rodríguez,125,1172VFJ,Honda,Modelo,2022
Marta Manuel,Nuñez,126,3512FXG,Opel,Modelo,2010
Pedro,Méndez,127,4564MDL,Kia,Modelo,2023
Nuria,Serrano,128,5438JVR,BMW,Modelo,2017
Laura,López,129,6853NPR,Mazda,Modelo,2017
Pablo,Martín,130,9709BMH,Peugeot,Modelo,2022
Juan José,Pereira,131,3188KNT,Peugeot,Modelo,2013
Mónica,Gómez,132,3470PBS,Honda,Modelo,2019
Teresa Ana,Rodríguez,133,1957FTL,Opel,Modelo,2013
Antonio,Pereira,134,7844FPL,Honda,Modelo,2011
Juan José,Pereira,135,5656WGD,Ford,Mondeo,2015
Francisco,Iglesias,136,6950DRW,Hyundai,Modelo,2017
Patricia,Jiménez,137,4825PTS,Nissan,Modelo,2017
José,Ruiz,138,5891VRB,Volkswagen,Passat,2019
María,Ruiz,139,6092TMM,Hyundai,Modelo,2012
Rosa,Vargas,140,9413DFK,Toyota,RAV4,2024
José,Garrido,141,4985BLV,Opel,Modelo,2015
José,Muñoz,142,7101CZT,Fiat,Modelo,2010
Jan,Castillo,143,2179YNV,Opel,Modelo,2019
Carlos Rosa,Morales,144,7319PHW,Renault,Scenic,2017
Beatriz,Domínguez,145,8260JXJ,Mazda,Modelo,2023
Jan,Pereira,146,5814NGX,Mazda,Modelo,2013
Enrique,Hernández,147,3736HDK,Kia,Modelo,2023
Isabel,López,148,5204LMJ,BMW,Modelo,2023
Isabel,Domínguez,149,2869KKX,Ford,Focus,2023
Cristina,Santos,150,6322PMW,Volkswagen,Polo,2016
Daniel,Torres,151,6598JSG,Citroen,Modelo,2014
Laura,Álvarez,152,8994TLV,Toyota,C-HR,2021
Juan José,Pereira,153,1128LSC,Kia,Modelo,2010
Mónica Carlos,Lozano,154,3626XYN,Peugeot,Modelo,2015
Jan,Pereira,155,9364LBF,Ford,Mondeo,2022
Laura,Ramos,156,1111FGH,Honda,Modelo,2017
Jorge,Álvarez,157,2593DMJ,Mazda,Modelo,2015
Juan José,Pereira,158,4250NCH,Seat,Ibiza,2022
Daniel,Santos,159,5051LRH,Peugeot,Modelo,2016
Eva,Méndez,160,2006CFJ,Ford,Focus,2016
Antonio,Pereira,161,9609SXF,Toyota,Corolla,2023
Enrique Carlos,Iglesias,162,7124BRB,Volkswagen,Golf,2012
Laura,Lozano,163,3106WYH,Toyota,RAV4,2022
Sergio,Gutiérrez,164,1705PZT,Mazda,Modelo,2024
Javier,Gil,165,5254LNY,Volkswagen,Tiguan,2014
Gloria,Gómez,166,9799LXY,Audi,Modelo,2019
Enrique,Ramos,167,3183NNP,Fiat,Modelo,2014
Carmen,Iglesias,168,2969KBS,Peugeot,Modelo,2013
Cristina,Ortiz,169,7475JYT,Peugeot,Modelo,2020
Lucía,Alonso,170,8408LSN,Hyundai,Modelo,2013
Jan,Pereira,171,7870YGW,Fiat,Modelo,2023
Javier,Molina,172,1036SZK,Honda,Modelo,2020
Amparo,Díaz,173,2593JRF,Nissan,Modelo,2014
Jan,Vargas,174,5010RZG,Nissan,Modelo,2014
Enrique,Martínez,175,5768PBG,Audi,Modelo,2017
Enrique,Nuñez,176,2131PCH,Opel,Modelo,2022
Sofía,Pereira,177,9494JJH,Volkswagen,Polo,2021
Lucía,Moreno,178,6353FZD,Opel,Modelo,2011
Valentina,González,179,4718VZG,Toyota,RAV4,2016
Rafael Javier,Silva,180,9962CJJ,Ford,Mondeo,2017
Juan José,Pereira,181,7674NKT,Renault,Megane,2011
Pablo,Ramos,182,4016JFW,Citroen,Modelo,2018
Patricia,Martín,183,3088SRX,Toyota,RAV4,2010
Juan,Pereira,184,6014KMR,BMW,Modelo,2022
Miguel,Silva,185,7714CST,Peugeot,Modelo,2022
Juan José,Pereira,186,9028HSJ,Opel,Modelo,2018
Ana,Ortiz,187,3234HCP,Audi,Modelo,2018
Laura,Molina,188,7901CGN,BMW,Modelo,2012
Beatriz María,Delgado,189,5961BYR,Kia,Modelo,2020
Óscar,Navarro,190,4050RPP,Renault,Captur,2019
Andrés,Iglesias,191,5950XDD,Honda,Modelo,2022
Sergio,Serrano,192,5839ZZG,Fiat,Modelo,2022
Gloria,Blanco,193,6636KZP,Ford,Kuga,2011
Antonio,Pereira,194,2985YPP,Honda,Modelo,2024
Víctor,Muñoz,195,8378KFS,Mazda,Modelo,2014
Juan José,Pereira,196,8938CGV,Toyota,RAV4,2010
Pilar,Nuñez,197,7035LDY,Opel,Modelo,2010
Andrés,López,198,5279ZCX,Peugeot,Modelo,2022
Patricia,Romero,199,4203NGV,BMW,Modelo,2016
Daniel,Martínez,200,3633TCW,Kia,Modelo,2018
Roberto Miguel,Castillo,201,1828JPL,Peugeot,Modelo,2021
Elena,López,202,2208FBN,Fiat,Modelo,2017
Rosa,Castro,203,1018RLG,Audi,Modelo,2010
Ana,Díaz,204,3834HBH,Ford,Kuga,2016
Juan José,Pereira,205,7649ZHL,Ford,Kuga,2021
Antonio,Pereira,206,2771PTB,Opel,Modelo,2011
Víctor,Rubio,207,5749CPF,Audi,Modelo,2017
Juan José,Pereira,208,5909HWS,Ford,Fiesta,2014
Antonio,Pereira,209,9981PBR,Citroen,Modelo,2024
Eva,Castro,210,2351KHF,Seat,Ibiza,2015
Roberto,Suárez,211,3094YGK,Fiat,Modelo,2021
Jan,Pereira,212,6194DFS,Ford,Mondeo,2020
Rosa María,Santos,213,8941NBT,Kia,Modelo,2021
Rubén,Jiménez,214,6606WVT,Honda,Modelo,2022
Diego,Iglesias,215,2861VYR,Citroen,Modelo,2022
Cristina,Marín,216,8088JWB,BMW,Modelo,2010
María,Martínez,217,1581WXL,BMW,Modelo,2020
Diego,Molina,218,5419FVY,Renault,Clio,2021
Fernando,Ramos,219,3096VJP,Honda,Modelo,2017
Juan José,Pereira,220,8762SSC,Renault,Scenic,2019
Juan José,Pereira,221,1069YZM,Volkswagen,Tiguan,2016
Francisco,Álvarez,222,8138DYP,BMW,Modelo,2017
Rafael,González,223,6129BNB,Toyota,Yaris,2024
Ana,Domínguez,224,4586YDT,Hyundai,Modelo,2020
Luis,Silva,225,1553VPP,Volkswagen,Polo,2011
Carlos,Pereira,226,9823KMR,Mazda,Modelo,2013
Jan,Pereira,227,1034RZH,Honda,Modelo,2017
Jan,Pereira,228,2904NTG,Opel,Modelo,2023
Laura,Rubio,229,8319BXK,Volkswagen,Passat,2013
Beatriz,Castillo,230,6057CZK,Honda,Modelo,2013
Juan José,Pereira,231,7805KKD,Seat,Ateca,2017
Eva,Cortés,232,2758BZP,Kia,Modelo,2022
Pedro Luis,Sánchez,233,3400SVH,Renault,Megane,2018
Lucía,Rubio,234,6681NMR,Mazda,Modelo,2021
Alejandro,Gil,235,2978LVW,Audi,Modelo,2021
Jorge,López,236,5604RHG,Honda,Modelo,2012
Raúl,Muñoz,237,6844TZS,Renault,Captur,2013
Marta Luis,Santos,238,8951GZS,BMW,Modelo,2018
Laura,Vargas,239,8473LFB,BMW,Modelo,2024
Antonio,Pereira,240,9778NPN,Nissan,Modelo,2018
Mónica,Garrido,241,4362NCN,Nissan,Modelo,2014
Sergio,Medina,242,3638RCJ,Renault,Megane,2018
Francisco,Suárez,243,3884HBP,Peugeot,Modelo,2018
Teresa María,Molina,244,8423PYJ,Kia,Modelo,2014
Mónica,Ruiz,245,6125PWM,Volkswagen,Passat,2014
Silvia,Romero,246,3655YHM,Citroen,Modelo,2012
Daniel,Silva,247,2252KFS,Citroen,Modelo,2011
Mónica,Lozano,248,2703DKL,Fiat,Modelo,2024
Javier,Muñoz,249,6385VRD,Peugeot,Modelo,2023
Sofía,Romero,250,5109FTC,Peugeot,Modelo,2023
Patricia,Pereira,251,7545HKV,Hyundai,Modelo,2023
Inés,Garrido,252,5358WYJ,Toyota,RAV4,2010
María,Suárez,253,9692TBP,Opel,Modelo,2018
Carmen,Suárez,254,7795MWT,Toyota,Yaris,2011
Jan,Pereira,255,9444KLH,Ford,Fiesta,2012
Óscar,Castillo,256,6750XDL,Hyundai,Modelo,2024
Gloria,García,257,6607BWC,Honda,Modelo,2012
Jorge,Martínez,258,8245LGY,Peugeot,Modelo,2010
Antonio,Pereira,259,5297NCP,Ford,Kuga,2013
Patricia,Castillo,260,6245KBK,Audi,Modelo,2010
Nuria,Suárez,261,3073RYC,Toyota,Yaris,2023
María,Martínez,262,6121YPY,Ford,Fiesta,2014
Cristina,Castillo,263,9634CJJ,Citroen,Modelo,2020
Enrique,Marín,264,3794MMV,Audi,Modelo,2012
Jan,Pereira,265,6741BCV,Toyota,C-HR,2017
Eva,Ortiz,266,6331BDL,Hyundai,Modelo,2024
Antonio,Pereira,267,2297GHB,Peugeot,Modelo,2023
Fernando,Moreno,268,5164LVR,Fiat,Modelo,2019
Jorge Carlos,Pérez,269,9270FNN,Toyota,Yaris,2013
Víctor,Castillo,270,7980FLV,Volkswagen,Tiguan,2019
Elena,Méndez,271,3362TGC,Nissan,Modelo,2024
Juan José,Pereira,272,9990ZPM,Mazda,Modelo,2011
Raquel,Sanz,273,4823FGY,Honda,Modelo,2015
Miguel,Hernández,274,3353SGC,Nissan,Modelo,2023
Teresa,Ruiz,275,5139FCG,Volkswagen,Polo,2021
Nuria,Castro,276,6926CNJ,Hyundai,Modelo,2023
Carlos José,Ortiz,277,2943GGJ,Toyota,C-HR,2012
Diego,Nuñez,278,9322KZH,Nissan,Modelo,2011
Pilar,Sánchez,279,3250HYC,Mazda,Modelo,2020
Alberto,Alonso,280,9711JJJ,Honda,Modelo,2016
Andrés,Torres,281,9141BYD,BMW,Modelo,2022
Ana,Álvarez,282,9360DRR,Fiat,Modelo,2010
Rafael,Pérez,283,8146TDC,Citroen,Modelo,2012
Cristina,Suárez,284,8073RXJ,BMW,Modelo,2024
Raúl María,Fernández,285,1495RFH,Hyundai,Modelo,2021
José,Rubio,286,5980BWN,Audi,Modelo,2020
Sofía,Muñoz,287,5161VST,Citroen,Modelo,2013
Víctor Miguel,Sanz,288,1686DJZ,Volkswagen,Passat,2018
Inés,Moreno,289,9589CFP,Peugeot,Modelo,2010
Alejandro,Blanco,290,5569VNM,Seat,Ateca,2022
Antonio,Pereira,291,9954SGK,Toyota,Yaris,2018
Lucía,Rubio,292,6884LCC,Toyota,Yaris,2019
Inés,Méndez,293,7448KBD,Seat,Leon,2022
Víctor Francisco,Nuñez,294,3591FYH,Fiat,Modelo,2022
Enrique,Martínez,295,3526SPY,Honda,Modelo,2013
Carmen,Ortiz,296,3489HCP,Honda,Modelo,2013
Juan Miguel,Blanco,297,1964KTF,Kia,Modelo,2012
Rafael,Alonso,298,4158DLW,Citroen,Modelo,2013
Antonio Carmen,Alonso,299,8465YRP,Toyota,C-HR,2022
Beatriz,López,300,5040ZRN,Citroen,Modelo,2021
Fernando,Vargas,301,7686HXY,Citroen,Modelo,2014
Dolores,Garrido,302,5673GMC,Peugeot,Modelo,2020
Jan,Pereira,303,6082NCH,Citroen,Modelo,2014
Roberto María,Martín,304,2353JJW,Opel,Modelo,2016
Valentina,López,305,1974HHB,Ford,Focus,2013
Jan Luis,Sanz,306,7017RVV,Peugeot,Modelo,2012
Alberto,Alonso,307,8463SRG,Toyota,Yaris,2023
Jan,Pereira,308,2458NZH,Opel,Modelo,2019
Cristina,Romero,309,1401VZN,BMW,Modelo,2010
Antonio,Pereira,310,4697DNX,Honda,Modelo,2013
Carlos Miguel,Méndez,311,3457XZB,Fiat,Modelo,2017
Fernando,González,312,4486WGG,Citroen,Modelo,2014
Amparo Rosa,Rubio,313,5331DKD,Honda,Modelo,2012
María,Pereira,314,9321RJS,Audi,Modelo,2024
Isabel,Rubio,315,6179YDK,Renault,Captur,2023
Víctor Manuel,Morales,316,7682XFK,Kia,Modelo,2013
Andrés,Romero,317,8490YYP,BMW,Modelo,2023
Dolores,Serrano,318,9404NDM,Ford,Fiesta,2022
Pilar,Martínez,319,4358BVM,Peugeot,Modelo,2020
Jan,Pereira,320,7397TRS,Toyota,RAV4,2019
Miguel,Jiménez,321,1811BPC,Volkswagen,Polo,2022
Pablo,Suárez,322,8949GMN,Honda,Modelo,2011
Cristina,Pereira,323,5493WBT,Seat,Leon,2015
Beatriz,Martínez,324,1403BFX,Honda,Modelo,2019
Javier,Pérez,325,1409ZDL,Mazda,Modelo,2011
Cristina,Ortega,326,6552HSH,Nissan,Modelo,2015
Jan,Pereira,327,9088TMD,Ford,Fiesta,2016
Beatriz,Ramírez,328,4748SRF,Seat,Leon,2010
Raquel Carlos,Iglesias,329,6430FHZ,Fiat,Modelo,2012
Raúl,Blanco,330,1073PXJ,BMW,Modelo,2023
Antonio,Pereira,331,2697SJV,Citroen,Modelo,2014
Antonio,Blanco,332,4836LTR,Fiat,Modelo,2011
Pilar,Pérez,333,6384GTS,Kia,Modelo,2023
Raúl Javier,Muñoz,334,5749MDG,Ford,Focus,2024
Lucía,Ortiz,335,8183PFN,Ford,Mondeo,2012
Francisco Antonio,Moreno,336,8831GHS,Nissan,Modelo,2011
Laura,Molina,337,7647VPT,Honda,Modelo,2014
Silvia,Martín,338,4101KPZ,Fiat,Modelo,2012
Juan José,Pereira,339,5445LXM,Nissan,Modelo,2014
Jan,Pereira,340,9510LRX,Seat,Arona,2020
Rafael,Muñoz,341,7659SHG,Kia,Modelo,2015
Valentina,Ramos,342,7010ZXW,Volkswagen,Golf,2022
Óscar,Ortega,343,3102SGZ,Audi,Modelo,2022
Diego,López,344,8877VHD,Hyundai,Modelo,2017
Jan,Ramírez,345,7320YTW,Honda,Modelo,2010
Jan,Ortega,346,8405YVF,Citroen,Modelo,2023
Juan,Alonso,347,6990KCN,Mazda,Modelo,2022
Juan José,Pereira,348,3706CVZ,Hyundai,Modelo,2023
Pilar,Martín,349,4199FHD,Seat,Arona,2011
Rafael,Domínguez,350,2275YHT,Kia,Modelo,2012
Víctor,Castro,351,3445KZZ,Toyota,C-HR,2016
Jan,Pereira,352,3881TNR,Kia,Modelo,2017
Patricia,Rubio,353,7934JLR,Opel,Modelo,2018
Jan,Pereira,354,2572DPF,Honda,Modelo,2020
Eva Juan,Cortés,355,3918JGG,Kia,Modelo,2015
Alejandro,Ramos,356,1414MGK,Honda,Modelo,2011
Jan,Pereira,357,7327GJH,Toyota,Corolla,2016
Pilar,Rodríguez,358,7708NXM,Citroen,Modelo,2024
Dolores Carlos,Sánchez,359,7414KFT,Opel,Modelo,2019
Andrés,Sánchez,360,2717JHW,Fiat,Modelo,2019
Beatriz,García,361,8515GZT,Renault,Megane,2020
Francisco,Medina,362,2707SNX,Volkswagen,Polo,2012
Luis,Morales,363,8557BMX,Renault,Megane,2017
Jan,Pereira,364,7027LMZ,Honda,Modelo,2010
Antonio,Pereira,365,1867MWD,Seat,Ateca,2013
Rosa Rosa,Santos,366,6684PJL,Kia,Modelo,2015
Alejandro,Navarro,367,5645FZV,Opel,Modelo,2022
Víctor,Suárez,368,6196BCC,Toyota,C-HR,2010
Jan,Pereira,369,1449MVJ,BMW,Modelo,2019
Raúl María,Alonso,370,2426XVD,Fiat,Modelo,2019
Antonio,Pereira,371,8225NDG,BMW,Modelo,2011
Miguel,Pereira,372,9072NMC,Nissan,Modelo,2013
Miguel,Blanco,373,4621VKS,Renault,Scenic,2015
Lucía,González,374,1310XRT,Hyundai,Modelo,2016
Jan José,Alonso,375,6767VNS,Volkswagen,Polo,2011
Mónica,Martín,376,7348NJL,Citroen,Modelo,2021
Francisco,Rubio,377,6821JHN,Citroen,Modelo,2020
Carmen,Jiménez,378,2121MCW,Ford,Mondeo,2021
Inés,Ramos,379,6239ZCW,Toyota,C-HR,2021
Patricia,Suárez,380,9155XNB,Seat,Arona,2024
Valentina,Moreno,381,6079RYY,Toyota,Yaris,2017
Fernando,Molina,382,7525LVB,Citroen,Modelo,2014
Juan,Molina,383,8780DFH,BMW,Modelo,2014
Jan,Pereira,384,4287GXW,Mazda,Modelo,2024
Andrés,Domínguez,385,1360KSY,Mazda,Modelo,2017
Lucía,Nuñez,386,7824GLN,Hyundai,Modelo,2019
Pablo,Álvarez,387,3659CRN,Nissan,Modelo,2010
Lucía,Hernández,388,2488DBJ,BMW,Modelo,2022
Rafael,Sánchez,389,2153MRF,Citroen,Modelo,2018
Antonio,Pereira,390,6060LBV,Nissan,Modelo,2010
Pablo,Alonso,391,6455GSR,Hyundai,Modelo,2018
Enrique Miguel,Romero,392,9495MCF,Seat,Ateca,2010
Amparo Ana,Méndez,393,1433GSG,Citroen,Modelo,2015
Juan José,Pereira,394,1216RWV,Volkswagen,Golf,2022
Antonio,Silva,395,9177KRC,Hyundai,Modelo,2010
Óscar,Domínguez,396,8837MWS,Renault,Captur,2019
Jorge,Iglesias,397,9608XKS,BMW,Modelo,2014
Víctor,Lozano,398,6872DRD,Opel,Modelo,2021
Amparo,Gómez,399,2750YBW,Toyota,C-HR,2016
Raúl,Medina,400,6736KDT,Toyota,RAV4,2016
Jan,Pereira,401,3567FMZ,Seat,Arona,2013
Rubén,Gómez,402,9053VNW,Audi,Modelo,2017
Antonio Carlos,Méndez,403,2024WGF,Opel,Modelo,2020
Jorge,Gómez,404,3527CXS,Seat,Ibiza,2012
Teresa,Delgado,405,4246SWL,Mazda,Modelo,2019
Isabel,Jiménez,406,2122DRL,BMW,Modelo,2011
Rafael,Alonso,407,6908ZDX,Ford,Mondeo,2012
Rosa,Pérez,408,2703FZT,BMW,Modelo,2015
Juan José,Pereira,409,5713GTW,Citroen,Modelo,2016
Jan,Pereira,410,8761BGV,Kia,Modelo,2022
Jan,Pereira,411,3376PPS,Honda,Modelo,2013
Jan,Gil,412,3496CXG,Mazda,Modelo,2024
Daniel Antonio,Molina,413,8323DKZ,Mazda,Modelo,2018
Eva,Santos,414,9777JXR,Renault,Scenic,2012
Alejandro,Nuñez,415,5512WNN,Hyundai,Modelo,2017
Miguel,Santos,416,2625LJV,Citroen,Modelo,2018
María,Iglesias,417,1727LWJ,BMW,Modelo,2021
Gloria,Navarro,418,1238VBT,Honda,Modelo,2017
Antonio,Pereira,419,2182JXD,Hyundai,Modelo,2018
Beatriz Carmen,Gutiérrez,420,2629YDD,Honda,Modelo,2022
Laura,Gómez,421,2112GJY,Citroen,Modelo,2011
Carlos Luis,Suárez,422,7690ZNL,Citroen,Modelo,2023
Patricia Pedro,Gómez,423,8984XBF,Citroen,Modelo,2013
Teresa,Garrido,424,6398WLY,Nissan,Modelo,2021
Pablo,Castro,425,5833DVS,Renault,Scenic,2014
Jan,Pereira,426,4638ZVZ,Nissan,Modelo,2019
Francisco,Medina,427,2178RBK,Nissan,Modelo,2018
Pilar Javier,Ramírez,428,3647PTH,Kia,Modelo,2024
Jan,Pereira,429,2030YLX,Renault,Megane,2024
Elena,Blanco,430,5296NDS,Nissan,Modelo,2014
Juan José,Pereira,431,5956DZB,Peugeot,Modelo,2018
Amparo Carlos,Castro,432,2883PLR,Seat,Ateca,2022
Silvia,Domínguez,433,5094YFP,Seat,Ateca,2017
Isabel Francisco,Pérez,434,4523LHF,Peugeot,Modelo,2021
Beatriz,Martínez,435,9354ZNX,Hyundai,Modelo,2011
Juan José,Pereira,436,8035VFL,Hyundai,Modelo,2013
Juan José,Pereira,437,1637ZBY,Fiat,Modelo,2013
Patricia,Gómez,438,4173LJY,Kia,Modelo,2017
Elena,López,439,9056BJS,Ford,Mondeo,2020
Juan José,Pereira,440,4398LHC,BMW,Modelo,2011
Jan,Pereira,441,8806TFT,Fiat,Modelo,2022
Jan,Sanz,442,6075JGN,Nissan,Modelo,2011
Valentina Manuel,Castro,443,1918ZZZ,Nissan,Modelo,2016
Carmen,Pérez,444,4982MVF,Volkswagen,Tiguan,2020
Juan José,Pereira,445,9537WNZ,Honda,Modelo,2012
Jan Ana,Muñoz,446,8381KVK,BMW,Modelo,2019
María,Ruiz,447,4536GNY,Honda,Modelo,2012
Diego,Méndez,448,6627MRX,Nissan,Modelo,2024
Jan,Pereira,449,8813HPG,Peugeot,Modelo,2020
Andrés Ana,Vázquez,450,1922NDT,Seat,Ibiza,2015
Miguel,Blanco,451,7400ZZL,BMW,Modelo,2024
Inés,Rodríguez,452,4704CGD,Toyota,Corolla,2015
Enrique,Delgado,453,8957DBK,Ford,Focus,2017
Silvia,González,454,1729LFG,Nissan,Modelo,2010
Antonio,Pereira,455,6724LSP,Audi,Modelo,2020
Miguel,Suárez,456,6342JTJ,Peugeot,Modelo,2016
Jan,Pereira,457,1240JYY,Kia,Modelo,2013
Javier,Sanz,458,7744DBT,Volkswagen,Golf,2019
Diego Luis,Iglesias,459,3176XJT,Volkswagen,Passat,2010
Gloria,Cortés,460,3200KGB,Volkswagen,Passat,2021
Óscar,Delgado,461,3965SZX,Renault,Scenic,2014
Sergio,Sanz,462,5519TKK,Peugeot,Modelo,2022
Jan,Castillo,463,7416LYS,Toyota,Corolla,2022
Jan,Pereira,464,3375CDS,Renault,Megane,2012
Elena,Serrano,465,9868KTH,Mazda,Modelo,2010
Roberto,Ramírez,466,4273GPD,Seat,Arona,2020
Jan,Pereira,467,4190BPT,Kia,Modelo,2023
Miguel,Navarro,468,8669MCY,BMW,Modelo,2013
Enrique,Álvarez,469,8990VRD,BMW,Modelo,2018
Valentina,Santos,470,7705KVS,Volkswagen,Polo,2016
Luis,Martínez,471,2437HRV,BMW,Modelo,2020
Juan José,Pereira,472,1752ZDM,Fiat,Modelo,2016
Eva Carlos,Gómez,473,6458LCX,Citroen,Modelo,2015
Dolores,Ortiz,474,1159YNP,Ford,Focus,2018
Jan,Pereira,475,7691MFW,Volkswagen,Passat,2011
Enrique,Pereira,476,7065BFG,Renault,Clio,2019
Rubén,Fernández,477,4192MYX,Renault,Clio,2011
Antonio,Pereira,478,3345LZW,Mazda,Modelo,2010
Alberto,Ortega,479,4584JJY,Nissan,Modelo,2019
Enrique,Morales,480,6558ZDV,BMW,Modelo,2013
Antonio,Pereira,481,6730HLN,Seat,Arona,2022
Teresa,Pérez,482,3084GDN,Hyundai,Modelo,2018
Alberto,Moreno,483,6258BCZ,Kia,Modelo,2023
Antonio,Pereira,484,1461HPR,Fiat,Modelo,2023
Inés,Santos,485,5927CHY,Hyundai,Modelo,2017
María,Sanz,486,8713LGJ,Opel,Modelo,2015
Antonio,Pereira,487,2253VMM,Ford,Focus,2019
Jan,Pereira,488,2205VRT,Seat,Leon,2017
Rosa,Domínguez,489,5360BGF,Fiat,Modelo,2014
Valentina Javier,Garrido,490,3900CZL,Hyundai,Modelo,2010
Valentina,Méndez,491,9964RPG,Toyota,Yaris,2011
María,Martínez,492,4305KBD,Toyota,RAV4,2014
Elena,Ramos,493,6561NFX,Toyota,C-HR,2017
Rosa,Jiménez,494,2420SRJ,Mazda,Modelo,2018
Jan,Pereira,495,2089BZF,Honda,Modelo,2024
Alberto,Sanz,496,4229ZGC,Kia,Modelo,2017
Ana Manuel,Jiménez,497,9767LRV,Ford,Mondeo,2013
Ana,Santos,498,9777HKB,Seat,Ateca,2018
Andrés María,Serrano,499,6200SZZ,Ford,Fiesta,2017
Andrés,Ramírez,500,7878XXW,Renault,Scenic,2013
Víctor,Ortega,501,6511NYG,Hyundai,Modelo,2011
Mónica Antonio,Alonso,502,8927SHM,Peugeot,Modelo,2016
Dolores,Suárez,503,5968KPP,Peugeot,Modelo,2013
Lucía,Rodríguez,504,1710WJN,Citroen,Modelo,2019
Óscar,Fernández,505,7337WMB,Fiat,Modelo,2022
Lucía Francisco,Silva,506,5736PYS,Fiat,Modelo,2018
Antonio,Pereira,507,2841KGN,Peugeot,Modelo,2017
Pilar Carmen,Serrano,508,7868XDJ,Seat,Ibiza,2017
Alejandro,Castro,509,8136BXR,Honda,Modelo,2024
Sergio,Ortiz,510,9097PWV,Fiat,Modelo,2013
José,Domínguez,511,3617RRD,Nissan,Modelo,2017
Eva José,Serrano,512,5419FTW,BMW,Modelo,2012
Jan,Pereira,513,3969GLV,Citroen,Modelo,2010
Alberto,Gil,514,2921SYZ,Renault,Scenic,2023
Francisco,Alonso,515,6499PBY,Mazda,Modelo,2020
Antonio,Pereira,516,9211PKY,Kia,Modelo,2020
Inés,Molina,517,8963JND,Nissan,Modelo,2017
Teresa,Martínez,518,3452RFB,Opel,Modelo,2010
Jan,Pereira,519,8588SGT,Renault,Captur,2010
Cristina,Delgado,520,7602JYC,Volkswagen,Tiguan,2015
Lucía Carmen,Torres,521,6619DYR,Mazda,Modelo,2011
Juan José,Pereira,522,5853HPN,Peugeot,Modelo,2013
Jan,Pereira,523,8334WFZ,Ford,Focus,2024
Marta,Domínguez,524,4386FZD,Citroen,Modelo,2016
Silvia,Martín,525,8288YML,Honda,Modelo,2024
Valentina,Álvarez,526,7671MJT,Citroen,Modelo,2022
Óscar,Martín,527,6590KPV,BMW,Modelo,2019
Silvia,López,528,8543BWX,Audi,Modelo,2021
Marta,Nuñez,529,5163HJP,Ford,Focus,2017
Víctor,Rubio,530,8321ZVZ,BMW,Modelo,2016
Andrés,Santos,531,4211HNW,Toyota,Yaris,2021
Jan,Pereira,532,6486XVL,Renault,Megane,2011
Inés,Navarro,533,5539LVL,Kia,Modelo,2020
Jan,Pereira,534,7516ZGC,Renault,Captur,2014
Luis,Morales,535,4077HCN,Mazda,Modelo,2019
Lucía,Vargas,536,4748PZN,Volkswagen,Polo,2012
Ana,Domínguez,537,1327FYZ,Hyundai,Modelo,2018
Lucía,Molina,538,4306GTT,BMW,Modelo,2014
Ana,Vázquez,539,6833ZNJ,Hyundai,Modelo,2010
Luis,Medina,540,9200LBR,Citroen,Modelo,2019
Sofía,Iglesias,541,2153VRT,BMW,Modelo,2016
Alejandro,Molina,542,3003CHN,Hyundai,Modelo,2017
Jan,Méndez,543,7433PPZ,Citroen,Modelo,2014
Andrés,Rubio,544,6264CXC,Nissan,Modelo,2019
Javier,Sanz,545,8209YCJ,Opel,Modelo,2018
Valentina,Fernández,546,3218KCC,Renault,Clio,2011
José,Torres,547,9121NDK,Renault,Captur,2010
Jan,Pereira,548,3436JCT,Volkswagen,Golf,2023
Carlos,Muñoz,549,1273PFJ,Audi,Modelo,2023
Jan,Pereira,550,7955FFW,Seat,Leon,2015
Pedro,Vázquez,551,3849DHN,Fiat,Modelo,2011
Antonio,Pereira,552,6879MTR,Citroen,Modelo,2011
Rosa,Santos,553,9653ZZB,Citroen,Modelo,2019
Jan,Nuñez,554,7544DLT,Seat,Leon,2017
Antonio,Pereira,555,6861VTJ,Opel,Modelo,2012
Amparo Miguel,Alonso,556,5478MVN,BMW,Modelo,2023
Jan,Pereira,557,7026TGC,Opel,Modelo,2017
Rosa,Martínez,558,1453XHW,Toyota,Corolla,2020
Valentina,Domínguez,559,7133ZML,Opel,Modelo,2024
Silvia,Castillo,560,8239BBR,Volkswagen,Tiguan,2015
Diego,Sanz,561,7069GDH,Toyota,Yaris,2017
Sofía,Gutiérrez,562,7395NJR,Volkswagen,Golf,2010
Silvia,Vargas,563,2456FDJ,Ford,Fiesta,2010
Diego,Garrido,564,3500ZRZ,Mazda,Modelo,2013
Eva,Santos,565,9773FDH,Renault,Scenic,2017
Sofía,Medina,566,9153KZM,Honda,Modelo,2023
Sergio,Vázquez,567,2103PPD,Mazda,Modelo,2018
Lucía Manuel,Díaz,568,5497PHC,Toyota,Yaris,2020
Marta,Suárez,569,1716ZFZ,Ford,Fiesta,2020
Diego,Martín,570,2836XLT,Renault,Scenic,2014
Jan Antonio,Ortega,571,9848RCZ,Peugeot,Modelo,2023
Jan,Pereira,572,8327YGY,Opel,Modelo,2010
Rosa Ana,Iglesias,573,2913HSK,Honda,Modelo,2021
Alejandro Manuel,Jiménez,574,3284FNR,Seat,Ibiza,2014
Pablo,Silva,575,3783KHN,Ford,Kuga,2013
Pedro,Lozano,576,4078RCL,Renault,Clio,2016
Jan,Pereira,577,6389HNT,Audi,Modelo,2013
Patricia,Blanco,578,7413NTL,Opel,Modelo,2021
Víctor,Méndez,579,1683HZD,Peugeot,Modelo,2023
Juan José,Pereira,580,6277TPV,Kia,Modelo,2014
José,Vargas,581,1271WCS,Seat,Leon,2022
Jorge,Vázquez,582,2503PFC,Mazda,Modelo,2018
Alberto,Blanco,583,7532PZZ,Renault,Scenic,2019
Antonio,Silva,584,5108KSL,Citroen,Modelo,2011
Antonio,Pereira,585,7048CDG,Volkswagen,Passat,2011
Jorge,Sanz,586,7301ZFS,Citroen,Modelo,2016
Fernando José,Medina,587,6116CMH,Kia,Modelo,2014
Teresa,Ortiz,588,8927LWV,BMW,Modelo,2014
Nuria,Delgado,589,4003DKG,Ford,Kuga,2021
Jan,Pereira,590,5870CFK,Volkswagen,Tiguan,2019
Isabel,Blanco,591,4459RLM,Renault,Captur,2018
Valentina,Serrano,592,6015NLG,Opel,Modelo,2016
Roberto Rosa,Blanco,593,3207KJH,Nissan,Modelo,2021
María,Ramírez,594,8584MKX,Ford,Focus,2015
Jan,Pereira,595,1932NRM,Fiat,Modelo,2021
Sofía,Vázquez,596,8256TFK,Volkswagen,Tiguan,2023
Javier,Sánchez,597,7468JJD,Citroen,Modelo,2014
Silvia,Torres,598,1242SYT,Peugeot,Modelo,2017
Juan José,Pereira,599,4200XSP,Ford,Mondeo,2021
Rafael,Castillo,600,9199GWS,Audi,Modelo,2019
Víctor,Cortés,601,3334RKK,Kia,Modelo,2021
Inés,García,602,1798XNW,Volkswagen,Golf,2012
Jan,Pereira,603,2594SLJ,Nissan,Modelo,2017
Valentina,Ortiz,604,7874CTK,Mazda,Modelo,2019
Óscar,Delgado,605,1044SDW,Toyota,C-HR,2017
Marta,Alonso,606,6658TKF,Volkswagen,Passat,2018
Laura,Fernández,607,9567CDR,Peugeot,Modelo,2014
Raúl,Vargas,608,3258ZHX,Opel,Modelo,2019
Jan,Pereira,609,9748RRS,Ford,Mondeo,2018
Juan José,Pereira,610,4811LSN,Kia,Modelo,2018
Antonio,Pereira,611,3753HFC,Citroen,Modelo,2018
Nuria,Martín,612,2240CWW,Volkswagen,Golf,2024
Juan,Iglesias,613,1390DBV,Ford,Mondeo,2012
Alberto,Ramírez,614,8100FMD,Volkswagen,Tiguan,2021
Enrique,Martínez,615,8060LLT,Mazda,Modelo,2014
Teresa,López,616,2454GGH,Hyundai,Modelo,2018
Daniel,Ortega,617,8146LRJ,Nissan,Modelo,2014
Sergio,Ortiz,618,6458BLL,Renault,Megane,2013
Rafael José,Nuñez,619,7806NGN,Hyundai,Modelo,2014
Teresa,Álvarez,620,6567GBN,Nissan,Modelo,2017
Manuel,Vargas,621,5407DCB,Honda,Modelo,2018
Patricia Carmen,Garrido,622,7663MTP,Opel,Modelo,2020
Marta,Marín,623,9249WDR,Honda,Modelo,2010
Rosa,Gómez,624,8757GKS,Volkswagen,Passat,2011
Daniel Carlos,Medina,625,8890YMJ,Toyota,Corolla,2016
Antonio,Pereira,626,8771TRP,Kia,Modelo,2015
Pablo,Morales,627,2059CZW,Citroen,Modelo,2018
Jan,Pereira,628,3717SCJ,Toyota,C-HR,2019
Marta Juan,Rodríguez,629,1317SYV,Mazda,Modelo,2011
Carlos,Vargas,630,9123KHN,Citroen,Modelo,2017
Carlos,Navarro,631,9655NMM,Nissan,Modelo,2011
Sergio,Gil,632,6219KBR,Opel,Modelo,2023
Daniel,Morales,633,4553WBX,Kia,Modelo,2022
Víctor,Medina,634,5437VFZ,Fiat,Modelo,2017
Juan José,Pereira,635,4490JKW,Opel,Modelo,2019
Silvia Carlos,Romero,636,6634FRL,BMW,Modelo,2012
Teresa Miguel,Gil,637,1481NBD,Peugeot,Modelo,2012
Alejandro,Torres,638,4781NBH,BMW,Modelo,2010
Pilar,Castillo,639,6146TTX,Kia,Modelo,2022
José,Delgado,640,7819CDD,Citroen,Modelo,2020
Sofía,Lozano,641,9819HHV,Audi,Modelo,2021
Mónica,Sanz,642,7166TMT,Renault,Megane,2019
Carmen,Castro,643,3788LDZ,Seat,Ibiza,2018
Miguel,Martínez,644,4439RRV,Volkswagen,Passat,2019
Antonio,Gutiérrez,645,1693KTT,Opel,Modelo,2017
Nuria,Serrano,646,5869VPZ,Peugeot,Modelo,2012
Andrés,Domínguez,647,7553VKP,Toyota,Yaris,2019
Rubén,Domínguez,648,2696WJS,Audi,Modelo,2014
Mónica,Romero,649,8140GPP,Honda,Modelo,2012
Antonio,Pereira,650,1588BWN,Fiat,Modelo,2018
Raúl Miguel,Vázquez,651,1451YJS,Citroen,Modelo,2015
Eva,Santos,652,4246NZP,Opel,Modelo,2015
Antonio,Pereira,653,6296RGX,Honda,Modelo,2019
Jan,Pereira,654,7525BMK,Audi,Modelo,2010
Diego,López,655,3229FTK,Audi,Modelo,2016
Silvia,Vázquez,656,5732CMY,Mazda,Modelo,2015
Alberto,Rodríguez,657,7361BRK,BMW,Modelo,2017
Amparo,Blanco,658,7546YHD,Toyota,RAV4,2022
Teresa,Blanco,659,4628KYL,Renault,Clio,2019
Alberto,Gómez,660,1772GVM,Fiat,Modelo,2023
Jan,Pereira,661,6877SHM,Mazda,Modelo,2015
Patricia,Pérez,662,3483FTR,Audi,Modelo,2016
Jan,Pereira,663,4430ZXW,Volkswagen,Passat,2014
Jan,Pereira,664,7344YKH,Seat,Ibiza,2023
Fernando,Cortés,665,3956MMZ,Fiat,Modelo,2015
Inés,Alonso,666,4298BFZ,Mazda,Modelo,2024
Antonio,Pereira,667,5767HFK,Opel,Modelo,2023
Luis Juan,Ruiz,668,8554VWF,Fiat,Modelo,2024
Andrés,Martínez,669,6110SCL,Peugeot,Modelo,2011
Antonio,Pereira,670,5953PFM,Ford,Focus,2010
Luis,Ortiz,671,3941BFM,Nissan,Modelo,2018
Juan José,Pereira,672,6730PNW,Audi,Modelo,2015
Pablo,Nuñez,673,8262YKM,BMW,Modelo,2016
Jan,Pereira,674,6435KCF,Renault,Megane,2011
Jorge,Vargas,675,9732ZPW,Opel,Modelo,2015
Jan Juan,González,676,6025RFC,Fiat,Modelo,2019
Antonio,Pereira,677,1371MFB,Renault,Scenic,2012
Antonio,Pereira,678,7068ZDH,Kia,Modelo,2017
Sofía,López,679,4702DXD,Honda,Modelo,2024
Nuria,Lozano,680,7175JCJ,Honda,Modelo,2015
Jan,Pereira,681,5689GDM,Nissan,Modelo,2011
Alberto,López,682,9789HJB,Honda,Modelo,2023
Javier María,López,683,9590WYX,Peugeot,Modelo,2013
Amparo,Delgado,684,2275TCB,Honda,Modelo,2015
Marta,Ortiz,685,2940VSG,BMW,Modelo,2021
Carmen,Silva,686,4466NZK,Kia,Modelo,2018
Mónica,Ortega,687,6940RPX,Fiat,Modelo,2010
Ana,Pérez,688,8201LCG,Nissan,Modelo,2015
Lucía,Jiménez,689,6317HBP,Ford,Fiesta,2014
Nuria,Moreno,690,2421VRD,Peugeot,Modelo,2024
Raquel,Alonso,691,5926YGK,Seat,Ibiza,2015
Fernando,Hernández,692,9226LJM,Peugeot,Modelo,2019
Antonio,Pereira,693,6782TXW,Audi,Modelo,2024
Jan,Pereira,694,7998TZZ,Audi,Modelo,2024
Silvia Manuel,Marín,695,8034LLJ,Toyota,C-HR,2018
Jan,Pereira,696,7394RBJ,Ford,Mondeo,2021
Rubén,Sanz,697,9539DXL,Honda,Modelo,2019
Antonio,Pereira,698,5491PCG,Volkswagen,Tiguan,2012
Juan José,Pereira,699,2577NFP,BMW,Modelo,2013
Silvia Ana,Rubio,700,1838MXM,Fiat,Modelo,2013
Elena,Silva,701,4464JSF,Fiat,Modelo,2016
Juan José,Pereira,702,1100ZWM,Audi,Modelo,2011
Raúl Pedro,Alonso,703,5585FZK,Hyundai,Modelo,2016
Lucía,Morales,704,7267WNW,BMW,Modelo,2010
Jan,Pereira,705,6718XXR,Volkswagen,Passat,2021
Beatriz,López,706,3145YVT,Mazda,Modelo,2011
Pedro,Blanco,707,9565FRH,Fiat,Modelo,2022
Jan,Pereira,708,6471ZNG,Renault,Scenic,2018
Jan,Pereira,709,1985XWV,Audi,Modelo,2018
Javier,Lozano,710,6422GNJ,Toyota,C-HR,2018
Manuel,Gil,711,2353LVN,Seat,Arona,2023
Teresa Pedro,Ortiz,712,4737BBM,Volkswagen,Polo,2019
Patricia Juan,Pérez,713,7990HBY,Honda,Modelo,2020
Jan,Pereira,714,9049NNJ,Honda,Modelo,2017
Antonio Miguel,Iglesias,715,6159SGN,BMW,Modelo,2014
Pedro,Navarro,716,8985WXZ,Ford,Kuga,2023
Rubén,Navarro,717,8683TGD,Peugeot,Modelo,2019
Juan José,Pereira,718,5792SLS,Volkswagen,Golf,2023
Jan,Pereira,719,2664DRJ,Ford,Mondeo,2017
Pilar,González,720,2380LGX,Honda,Modelo,2019
Cristina Pedro,Molina,721,6686HLK,Nissan,Modelo,2024
Elena,Marín,722,3630SKW,Opel,Modelo,2015
Ana,Alonso,723,3259DLG,Hyundai,Modelo,2019
Silvia,Santos,724,7751GHP,Peugeot,Modelo,2012
Juan José,Pereira,725,9467HDK,Toyota,C-HR,2018
Mónica,Gómez,726,9506FWC,Fiat,Modelo,2017
Rubén,Vázquez,727,5806FGL,BMW,Modelo,2023
Jan,Pereira,728,3932YWS,Hyundai,Modelo,2012
Alberto,Ortiz,729,9115SPK,Opel,Modelo,2016
Antonio,Pereira,730,1490BFP,Audi,Modelo,2019
Antonio,Pereira,731,6123WCV,Kia,Modelo,2020
Inés,Santos,732,5454MJN,Peugeot,Modelo,2016
Diego,Sánchez,733,7833NWL,Volkswagen,Polo,2015
Jan,Torres,734,4589VLB,Ford,Kuga,2020
Teresa,Pereira,735,5101YLD,Kia,Modelo,2014
Antonio,Pereira,736,5899VSV,Nissan,Modelo,2021
Carlos,Rodríguez,737,4946JCD,Toyota,Yaris,2018
Rosa Ana,Morales,738,8797KPJ,BMW,Modelo,2014
Valentina,Sanz,739,8605WBJ,Toyota,C-HR,2018
Jan,Pereira,740,1721NGX,Toyota,Yaris,2010
Javier,Jiménez,741,9037HKF,BMW,Modelo,2012
Inés,Méndez,742,5709JMD,Seat,Arona,2013
Dolores,Torres,743,8973MYW,Volkswagen,Tiguan,2020
Sergio,Castro,744,9930GVN,Opel,Modelo,2012
Alberto,Gutiérrez,745,2365SJY,Kia,Modelo,2011
María,Vázquez,746,2819FWY,BMW,Modelo,2024
Laura,Ramírez,747,2355WDL,Nissan,Modelo,2017
Jan,Pereira,748,8902ZYK,Volkswagen,Golf,2015
Raúl,González,749,7744VNL,Fiat,Modelo,2016
Fernando,Medina,750,3233XCW,Kia,Modelo,2021
Juan José,Pereira,751,1886CTN,Mazda,Modelo,2022
Rubén,Fernández,752,1474PYG,Kia,Modelo,2012
Pedro,Delgado,753,4340JZC,Nissan,Modelo,2014
Inés,Silva,754,4485WVZ,Nissan,Modelo,2012
Valentina,Santos,755,9610YTC,Kia,Modelo,2010
Alberto,Castillo,756,5593KZC,Citroen,Modelo,2024
María Juan,Navarro,757,5613ZPN,Seat,Ateca,2013
Francisco,Castillo,758,3285XBK,Ford,Focus,2011
Sergio,Silva,759,4605KRJ,Opel,Modelo,2021
Rafael,Méndez,760,2361SVG,Opel,Modelo,2020
Nuria,Gómez,761,2547MWK,Citroen,Modelo,2014
Gloria,Navarro,762,2798PNC,BMW,Modelo,2011
Rafael,Delgado,763,2891VMT,Ford,Kuga,2013
Juan José,Pereira,764,5755YKX,Mazda,Modelo,2017
Jan,Pereira,765,5813VPY,Kia,Modelo,2023
Marta,Lozano,766,9750MLJ,Fiat,Modelo,2024
Antonio,Pereira,767,7588TFB,Kia,Modelo,2015
Juan José,Pereira,768,9444FWN,Ford,Kuga,2021
Isabel,Ortiz,769,2949DXH,BMW,Modelo,2024
Lucía,Silva,770,8152HCL,Audi,Modelo,2013
Jan,Pereira,771,3826VZT,Renault,Captur,2010
Javier,Morales,772,5102PXS,Toyota,C-HR,2021
Juan José,Pereira,773,8317NSR,Peugeot,Modelo,2010
Laura,Rubio,774,7227WDB,Fiat,Modelo,2019
Alejandro,Gil,775,4326NXW,Toyota,C-HR,2015
Marta,Martín,776,3087GBD,Volkswagen,Passat,2017
Antonio,Cortés,777,5912BWZ,Mazda,Modelo,2020
Andrés María,Álvarez,778,2796RXW,Renault,Clio,2010
Elena,Hernández,779,3220XLL,Renault,Clio,2020
Isabel,Ortiz,780,4901YLG,Ford,Kuga,2018
Diego,Sánchez,781,7884FHX,Audi,Modelo,2023
Dolores,Muñoz,782,1671KNC,Ford,Focus,2012
Enrique,Delgado,783,3663XVM,Toyota,C-HR,2017
Roberto,Fernández,784,1501YRN,Seat,Ibiza,2024
Rosa Carmen,Morales,785,2478CKP,Audi,Modelo,2021
Marta Manuel,García,786,7030VRD,Fiat,Modelo,2016
Pedro,Ramírez,787,5362ZSX,Renault,Scenic,2019
Jan,Pereira,788,4272DGL,Honda,Modelo,2020
Víctor,Alonso,789,7225DSD,Seat,Leon,2024
Silvia,Fernández,790,6544ZPY,Renault,Captur,2016
Jan,Pereira,791,8862TML,Volkswagen,Tiguan,2020
Juan José,Pereira,792,8684VKB,Seat,Arona,2023
Carlos,Ruiz,793,4951FJK,Mazda,Modelo,2011
Carmen,Rodríguez,794,3448WLZ,BMW,Modelo,2023
Cristina,Vargas,795,4914ZVS,Mazda,Modelo,2011
Eva,Alonso,796,6683SZY,Opel,Modelo,2019
Juan,Gutiérrez,797,8534DZZ,Audi,Modelo,2020
Miguel,Torres,798,7059JTD,Citroen,Modelo,2017
Silvia,Castro,799,5307YLM,Mazda,Modelo,2015
Diego,Ortega,800,9658BWN,Seat,Arona,2020
Jorge,Pérez,801,5685VRC,Volkswagen,Golf,2013
Antonio,Pereira,802,8371HLC,Kia,Modelo,2019
Juan José,Pereira,803,8865YMX,Ford,Fiesta,2013
Jan,Pereira,804,7051MPJ,Peugeot,Modelo,2023
Antonio,Pereira,805,8085YKK,Honda,Modelo,2015
Raúl,Gil,806,8683SMZ,Renault,Clio,2022
Sergio,Navarro,807,2037JDF,Ford,Kuga,2021
Enrique Antonio,Ruiz,808,2638KDG,Audi,Modelo,2023
Rafael,Navarro,809,3105CFG,Toyota,C-HR,2014
Jan,Pereira,810,6241TFW,Seat,Leon,2010
Andrés,Pereira,811,3114DVR,Citroen,Modelo,2012
Rosa,Gutiérrez,812,6808MWP,Fiat,Modelo,2022
Alberto,García,813,2410PZK,Peugeot,Modelo,2017
Teresa,Castillo,814,4749TTV,Fiat,Modelo,2018
Enrique,Pérez,815,9189CWZ,Mazda,Modelo,2011
Jan,Pereira,816,9503SYX,Ford,Kuga,2022
Nuria,Silva,817,5915GWM,Honda,Modelo,2011
Laura,Nuñez,818,4656KJC,Fiat,Modelo,2020
Antonio,Vázquez,819,4753LJB,Seat,Ateca,2018
Roberto,Gómez,820,5039HTH,Audi,Modelo,2011
Beatriz,Méndez,821,8975CXK,Fiat,Modelo,2019
Teresa,Ramírez,822,4215SKS,Mazda,Modelo,2022
Rafael,Pereira,823,7891CVM,Volkswagen,Tiguan,2024
Enrique,Díaz,824,9318DRB,Seat,Arona,2019
Amparo,Pereira,825,7696HGL,Opel,Modelo,2016
Jan,Martínez,826,4235WCP,Fiat,Modelo,2018
Raquel,Cortés,827,9914KMV,Kia,Modelo,2019
Alberto,Pérez,828,8935RPF,Renault,Captur,2024
Gloria Pedro,Hernández,829,3507GRV,Volkswagen,Golf,2019
Jan,Pereira,830,5273LBP,Nissan,Modelo,2016
Raquel,Blanco,831,2810GPM,Peugeot,Modelo,2011
Jan,Pereira,832,5182CMJ,Honda,Modelo,2020
Sergio,Blanco,833,9128NCM,Kia,Modelo,2021
Beatriz,Gómez,834,8964HVD,Citroen,Modelo,2022
Beatriz,Rubio,835,3925PZF,BMW,Modelo,2023
Beatriz María,Gutiérrez,836,3461XJT,Renault,Megane,2015
Cristina,Álvarez,837,7330GJD,Opel,Modelo,2017
Eva,Díaz,838,7233DNR,Peugeot,Modelo,2023
Carlos,Serrano,839,2092CXC,Nissan,Modelo,2018
Luis,Castro,840,6685LKH,BMW,Modelo,2024
Luis,Morales,841,7394FWR,Audi,Modelo,2023
Juan José,Pereira,842,2501WKW,Volkswagen,Golf,2022
Silvia Carmen,Medina,843,1116PFR,BMW,Modelo,2023
Teresa,Ramos,844,5841HPP,Seat,Ateca,2024
Antonio,Pereira,845,9603MFG,Kia,Modelo,2015
Enrique Rosa,Castro,846,8764ZJV,Mazda,Modelo,2014
Manuel Antonio,Ruiz,847,2963NPM,Kia,Modelo,2012
Cristina,Delgado,848,7972ZCX,Mazda,Modelo,2020
Roberto Rosa,García,849,6424TJK,Seat,Ateca,2014
Lucía,Molina,850,2861XGF,Volkswagen,Golf,2016
Daniel,Serrano,851,9129KLG,Citroen,Modelo,2020
Jan,Pereira,852,6697SZB,Fiat,Modelo,2010
Valentina,Romero,853,4092NTN,BMW,Modelo,2020
Rubén,Pereira,854,7790BGL,Ford,Kuga,2023
José María,Ramírez,855,7913KFN,Toyota,Corolla,2014
María,Muñoz,856,8331HNH,Seat,Leon,2010
Miguel,Sanz,857,2686NPG,Citroen,Modelo,2010
Juan José,Pereira,858,6270VLH,Fiat,Modelo,2021
Patricia,Méndez,859,8784CYK,Peugeot,Modelo,2018
Andrés Francisco,Castro,860,5475JGF,Volkswagen,Polo,2013
Marta,Fernández,861,4238BYW,Volkswagen,Polo,2016
Antonio Francisco,Lozano,862,8428FHV,Citroen,Modelo,2012
Alberto,Sanz,863,8782KDH,BMW,Modelo,2021
Javier,Muñoz,864,8296CYD,BMW,Modelo,2014
Valentina,Garrido,865,4500DNN,Seat,Leon,2016
Francisco,Gutiérrez,866,1398XXV,Toyota,RAV4,2022
Gloria,Marín,867,9460XZF,Nissan,Modelo,2021
Carmen,Nuñez,868,7058XRD,Mazda,Modelo,2013
Gloria,Suárez,869,4708RPX,Citroen,Modelo,2011
Jan,Pereira,870,7785TTR,Toyota,RAV4,2012
Raquel,Navarro,871,5448TGL,Hyundai,Modelo,2012
Francisco,Martín,872,1619KTB,Peugeot,Modelo,2015
Carmen,Pereira,873,3071ZXD,Mazda,Modelo,2018
Patricia,Moreno,874,6767BJT,Nissan,Modelo,2024
Nuria,Martín,875,4426STB,Nissan,Modelo,2017
Ana,Ortiz,876,7661LJM,Audi,Modelo,2012
Francisco,Ortiz,877,8388SYK,Nissan,Modelo,2014
Alejandro,Muñoz,878,8176VMY,Toyota,Yaris,2012
Rosa,Medina,879,6784HHY,Renault,Captur,2016
Andrés Rosa,Vázquez,880,6319PRC,Audi,Modelo,2013
Rubén Rosa,Hernández,881,1343BWZ,Renault,Clio,2024
Alejandro María,Sanz,882,2659DYC,Renault,Scenic,2011
Luis,Hernández,883,1277GPM,Mazda,Modelo,2020
Dolores,Lozano,884,2683BCB,Kia,Modelo,2022
Elena,Morales,885,2597RKH,Hyundai,Modelo,2016
Rosa,Gutiérrez,886,4903FNM,Volkswagen,Passat,2016
Juan,Díaz,887,3181YRW,Fiat,Modelo,2022
Eva,Pérez,888,1711NVD,Ford,Focus,2021
Víctor,Morales,889,1251HFZ,Renault,Clio,2021
Pablo,Sanz,890,6314PKV,Seat,Ateca,2013
Jan,Pereira,891,6185XWV,BMW,Modelo,2017
Marta,Alonso,892,5705WSR,Ford,Focus,2020
Daniel,Medina,893,7625NYP,Citroen,Modelo,2017
Fernando,Vázquez,894,9629TFK,Renault,Megane,2020
Pilar,Molina,895,9845FTR,Renault,Megane,2023
Rubén Juan,Pereira,896,2758GPT,Hyundai,Modelo,2023
Elena,Vázquez,897,2030WCG,Hyundai,Modelo,2021
Carlos,Rubio,898,8058CPH,BMW,Modelo,2024
Eva,Martín,899,8145MGD,Peugeot,Modelo,2015
Gloria Javier,Marín,900,3192FFR,Honda,Modelo,2018
Antonio,Martín,901,3690RJZ,Citroen,Modelo,2017
Roberto,Ramos,902,7640ZLS,Mazda,Modelo,2021
Patricia,Suárez,903,1595CHZ,Kia,Modelo,2015
Amparo,Torres,904,9303FTR,Mazda,Modelo,2015
Antonio,Pereira,905,1022LWR,Hyundai,Modelo,2012
Juan José,Pereira,906,6388PMG,Fiat,Modelo,2020
Jan,Domínguez,907,7020ZRS,Kia,Modelo,2012
Antonio,Pereira,908,7537VZH,Citroen,Modelo,2015
Antonio,Pereira,909,9763NLP,Opel,Modelo,2014
Raquel,Rodríguez,910,3125RND,Ford,Focus,2018
Luis,Garrido,911,5139ZPH,Opel,Modelo,2011
Juan Miguel,Gómez,912,3707HCT,Nissan,Modelo,2012
Roberto,López,913,5772MHR,Kia,Modelo,2022
Juan,Díaz,914,7011CDB,Mazda,Modelo,2012
Teresa,Fernández,915,4894VLC,Citroen,Modelo,2022
Enrique,Iglesias,916,4852BXV,Audi,Modelo,2018
Jan,Pereira,917,6778NKL,Citroen,Modelo,2014
Daniel Pedro,Ramírez,918,7931TWS,Opel,Modelo,2024
Juan José,Pereira,919,5754MMM,Renault,Captur,2011
Antonio,González,920,9661YHZ,Audi,Modelo,2018
Pablo,Santos,921,5315BHL,Fiat,Modelo,2018
Carmen,Sánchez,922,3969XMZ,Citroen,Modelo,2017
Raquel,Martín,923,3119VHY,Hyundai,Modelo,2018
Inés,Delgado,924,2464TML,Volkswagen,Passat,2010
Jan,Pereira,925,7386WCF,Opel,Modelo,2012
Sofía,Vázquez,926,2637YZP,Peugeot,Modelo,2017
Jan,Pereira,927,7983MFG,Renault,Captur,2022
Pablo,Moreno,928,8462FVN,Seat,Leon,2010
Sofía,Medina,929,2006PHS,Hyundai,Modelo,2011
Silvia,Pereira,930,7825YML,Kia,Modelo,2011
Cristina Miguel,Ramos,931,9486VWP,Honda,Modelo,2013
Ana,Nuñez,932,8490FGP,Mazda,Modelo,2022
Pedro Antonio,Suárez,933,9819WKP,Hyundai,Modelo,2020
Antonio,Pereira,934,2079DGT,Volkswagen,Golf,2020
Miguel,Delgado,935,2678DHZ,Kia,Modelo,2021
Jan,Pereira,936,4000FDC,Peugeot,Modelo,2010
Jan,Pereira,937,9814VYM,Mazda,Modelo,2019
Antonio,Pereira,938,4563KMN,Peugeot,Modelo,2023
Isabel,Castro,939,8910NJN,Honda,Modelo,2010
Carlos,Ruiz,940,8990XGY,Renault,Clio,2022
Javier,González,941,5447BZK,Peugeot,Modelo,2022
Dolores,Martín,942,9018XLR,Honda,Modelo,2015
Jan,Pereira,943,2733DSN,Volkswagen,Passat,2013
Lucía,Jiménez,944,4139WBH,Honda,Modelo,2018
Juan José,Pereira,945,9162XMJ,Kia,Modelo,2011
Jan,Pereira,946,5215GPC,Nissan,Modelo,2024
Antonio,Pereira,947,3364NDG,Citroen,Modelo,2016
Pablo,Lozano,948,9993DTV,Audi,Modelo,2023
Eva Carlos,Fernández,949,4745JFK,Hyundai,Modelo,2015
Roberto Rosa,López,950,9193FFT,Seat,Ibiza,2022
Marta,Iglesias,951,5222WLZ,Toyota,Yaris,2022
Cristina,Silva,952,7530SZX,Seat,Ateca,2010
Raúl,Romero,953,5072XMZ,Audi,Modelo,2010
Andrés,Suárez,954,3773SBX,Mazda,Modelo,2019
Gloria,Ramos,955,7567MLV,Citroen,Modelo,2017
Amparo,Marín,956,4570RBX,Mazda,Modelo,2011
Juan José,Pereira,957,9591NCR,Volkswagen,Tiguan,2016
José,Muñoz,958,3370VWP,Audi,Modelo,2016
Sofía,Romero,959,8038ZNZ,Seat,Arona,2012
Nuria,Vargas,960,9956PZS,Kia,Modelo,2012
Eva,Ramos,961,8714WXW,Ford,Mondeo,2023
Miguel,Martínez,962,5787FDL,Hyundai,Modelo,2024
Lucía Juan,Vázquez,963,9622RGT,Peugeot,Modelo,2013
Miguel,Gómez,964,2060NLV,BMW,Modelo,2020
Mónica Juan,Ortiz,965,6058MSW,Citroen,Modelo,2017
Francisco,Sánchez,966,3397HTR,Volkswagen,Golf,2021
Manuel Pedro,Martínez,967,7390LLV,Nissan,Modelo,2017
Jan,Navarro,968,8950NVK,Mazda,Modelo,2019
Juan,Alonso,969,6221RVD,Volkswagen,Polo,2014
Marta,Martínez,970,6919CKZ,Opel,Modelo,2012
Jan,Pereira,971,3836CFR,Seat,Ateca,2013
Pedro,Santos,972,8118XDW,Kia,Modelo,2014
Jan,Pereira,973,3426HGC,Fiat,Modelo,2014
Pilar,Martín,974,4507LST,Seat,Ateca,2012
Mónica Luis,Ramírez,975,7362LGS,Audi,Modelo,2014
Jan,López,976,3800BDN,Audi,Modelo,2011
Patricia,Lozano,977,1700NPR,Mazda,Modelo,2024
Óscar,Iglesias,978,9734YCN,Volkswagen,Passat,2011
Miguel,Gómez,979,2792MRD,Opel,Modelo,2024
Jan,Pereira,980,1841MDC,Nissan,Modelo,2022
Jan,Pereira,981,5642RFH,Honda,Modelo,2012
Juan José,Pereira,982,4965RBD,Seat,Ateca,2023
Diego,Gutiérrez,983,8735MLP,Renault,Megane,2022
Pablo,Hernández,984,8974KHR,Audi,Modelo,2023
Carmen,Gil,985,3155PXY,Fiat,Modelo,2019
Antonio,Méndez,986,4013YVW,Toyota,C-HR,2016
Pilar,Rubio,987,9188PLV,BMW,Modelo,2020
Javier,Ramos,988,8287DLB,Mazda,Modelo,2010
Jan,Gil,989,5823SMC,Kia,Modelo,2018
Alberto,Hernández,990,9356FNP,Renault,Scenic,2021
Daniel,Ruiz,991,5407ZHP,Mazda,Modelo,2021
Gloria,González,992,5578FNV,Peugeot,Modelo,2021
Beatriz,Cortés,993,1059GFG,Peugeot,Modelo,2021
José,Alonso,994,5108YHC,BMW,Modelo,2014
Luis,Vargas,995,6210TPF,BMW,Modelo,2021
Amparo,Suárez,996,2539ZSF,Volkswagen,Polo,2018
Lucía Francisco,Álvarez,997,2744CGF,Citroen,Modelo,2022
Nuria,Serrano,998,3309NMG,BMW,Modelo,2023
Juan José,Pereira,999,5206XNG,Hyundai,Modelo,2023
Rafael,Marín,1000,9868RRB,Ford,Fiesta,2011
