id,nif,nombre,tipo_persona,Nombre,Apellido
1,28697788K,Jan Pereira (perfil alto riesgo),FISICA,Jan,Pereira
2,62241700C,Jan Pereira (perfil alto riesgo),FISICA,Jan,Pereira
3,70915083B,Jan Pereira (perfil alto riesgo),FISICA,Jan,Pereira
4,70495877A,Jan Pereira (perfil alto riesgo),FISICA,Jan,Pereira
5,17758178Q,Jan Pereira (perfil alto riesgo),FISICA,Jan,Pereira
6,49569254E,Jan Pereira (perfil alto riesgo),FISICA,Jan,Pereira
7,75318634M,Jan Pereira (perfil alto riesgo),FISICA,Jan,Pereira
8,15846236H,Jan Pereira (perfil alto riesgo),FISICA,Jan,Pereira
9,64409190J,Jan Pereira (perfil alto riesgo),FISICA,Jan,Pereira
10,72585223Y,Jan Pereira (perfil alto riesgo),FISICA,Jan,Pereira
11,29281624W,Jan Pereira (perfil alto riesgo),FISICA,Jan,Pereira
12,18022082H,Jan Pereira (perfil alto riesgo),FISICA,Jan,Pereira
13,11333678Z,Jan Pereira (perfil alto riesgo),FISICA,Jan,Pereira
14,32293373Q,Jan Pereira (perfil alto riesgo),FISICA,Jan,Pereira
15,32566790D,Jan Pereira (perfil alto riesgo),FISICA,Jan,Pereira
16,45630429Q,Jan Pereira (perfil alto riesgo),FISICA,Jan,Pereira
17,35605188S,Jan Pereira (perfil alto riesgo),FISICA,Jan,Pereira
18,75590883A,Jan Pereira (perfil alto riesgo),FISICA,Jan,Pereira
19,71969744F,Jan Pereira (perfil alto riesgo),FISICA,Jan,Pereira
20,81137154P,Jan Pereira (perfil alto riesgo),FISICA,Jan,Pereira
21,76992517V,Jan Pereira (perfil alto riesgo),FISICA,Jan,Pereira
22,76831350B,Jan Pereira (perfil alto riesgo),FISICA,Jan,Pereira
23,20845554X,Jan Pereira (perfil alto riesgo),FISICA,Jan,Pereira
24,94840551M,Jan Pereira (perfil alto riesgo),FISICA,Jan,Pereira
25,29290106C,Jan Pereira (perfil alto riesgo),FISICA,Jan,Pereira
26,11428336G,Jan Pereira (perfil alto riesgo),FISICA,Jan,Pereira
27,48521607W,Jan Pereira (perfil alto riesgo),FISICA,Jan,Pereira
28,27112988J,Jan Pereira (perfil alto riesgo),FISICA,Jan,Pereira
29,72389790G,Jan Pereira (perfil alto riesgo),FISICA,Jan,Pereira
30,10655294S,Jan Pereira (perfil alto riesgo),FISICA,Jan,Pereira
31,14460210H,Jan Pereira (perfil alto riesgo),FISICA,Jan,Pereira
32,72938717J,Jan Pereira (perfil alto riesgo),FISICA,Jan,Pereira
33,71868752P,Jan Pereira (perfil alto riesgo),FISICA,Jan,Pereira
34,70764576Q,Jan Pereira (perfil alto riesgo),FISICA,Jan,Pereira
35,68564363Y,Jan Pereira (perfil alto riesgo),FISICA,Jan,Pereira
36,58184568L,Jan Pereira (perfil alto riesgo),FISICA,Jan,Pereira
37,21837577C,Jan Pereira (perfil alto riesgo),FISICA,Jan,Pereira
38,84504861D,Jan Pereira (perfil alto riesgo),FISICA,Jan,Pereira
39,17205194K,Jan Pereira (perfil alto riesgo),FISICA,Jan,Pereira
40,84671346C,Jan Pereira (perfil alto riesgo),FISICA,Jan,Pereira
41,87556299Z,Jan Pereira (perfil alto riesgo),FISICA,Jan,Pereira
42,90915053D,Jan Pereira (perfil alto riesgo),FISICA,Jan,Pereira
43,37683342G,Jan Pereira (perfil alto riesgo),FISICA,Jan,Pereira
44,52927859Y,Jan Pereira (perfil alto riesgo),FISICA,Jan,Pereira
45,44449252G,Jan Pereira (perfil alto riesgo),FISICA,Jan,Pereira
46,84473502E,Jan Pereira (perfil alto riesgo),FISICA,Jan,Pereira
47,50439058N,Jan Pereira (perfil alto riesgo),FISICA,Jan,Pereira
48,62929563E,Jan Pereira (perfil alto riesgo),FISICA,Jan,Pereira
49,59738642Y,Jan Pereira (perfil alto riesgo),FISICA,Jan,Pereira
50,39241122V,Jan Pereira (perfil alto riesgo),FISICA,Jan,Pereira
51,31706820D,Jan Pereira (perfil alto riesgo),FISICA,Jan,Pereira
52,20995209G,Jan Pereira (perfil alto riesgo),FISICA,Jan,Pereira
53,43332413E,Jan Pereira (perfil alto riesgo),FISICA,Jan,Pereira
54,84469418D,Jan Pereira (perfil alto riesgo),FISICA,Jan,Pereira
55,84562311M,Jan Pereira (perfil alto riesgo),FISICA,Jan,Pereira
56,60580860X,Jan Pereira (perfil alto riesgo),FISICA,Jan,Pereira
57,53795746B,Jan Pereira (perfil alto riesgo),FISICA,Jan,Pereira
58,91599644M,Jan Pereira (perfil alto riesgo),FISICA,Jan,Pereira
59,12764356T,Jan Pereira (perfil alto riesgo),FISICA,Jan,Pereira
60,78133209R,Jan Pereira (perfil alto riesgo),FISICA,Jan,Pereira
61,93822116X,Jan Pereira (perfil alto riesgo),FISICA,Jan,Pereira
62,60701053M,Jan Pereira (perfil alto riesgo),FISICA,Jan,Pereira
63,52437802X,Jan Pereira (perfil alto riesgo),FISICA,Jan,Pereira
64,76730846V,Jan Pereira (perfil alto riesgo),FISICA,Jan,Pereira
65,47360398V,Jan Pereira (perfil alto riesgo),FISICA,Jan,Pereira
66,32579603B,Jan Pereira (perfil alto riesgo),FISICA,Jan,Pereira
67,46207842Z,Jan Pereira (perfil alto riesgo),FISICA,Jan,Pereira
68,35563871Y,Jan Pereira (perfil alto riesgo),FISICA,Jan,Pereira
69,44022857Y,Jan Pereira (perfil alto riesgo),FISICA,Jan,Pereira
70,78317196B,Jan Pereira (perfil alto riesgo),FISICA,Jan,Pereira
71,90482326G,Jan Pereira (perfil alto riesgo),FISICA,Jan,Pereira
72,42496717P,Jan Pereira (perfil alto riesgo),FISICA,Jan,Pereira
73,15633400R,Jan Pereira (perfil alto riesgo),FISICA,Jan,Pereira
74,22522135Y,Jan Pereira (perfil alto riesgo),FISICA,Jan,Pereira
75,29372359W,Jan Pereira (perfil alto riesgo),FISICA,Jan,Pereira
76,81370473S,Jan Pereira (perfil alto riesgo),FISICA,Jan,Pereira
77,91853476D,Jan Pereira (perfil alto riesgo),FISICA,Jan,Pereira
78,28683333X,Jan Pereira (perfil alto riesgo),FISICA,Jan,Pereira
79,78397112W,Jan Pereira (perfil alto riesgo),FISICA,Jan,Pereira
80,46014881T,Jan Pereira (perfil alto riesgo),FISICA,Jan,Pereira
81,51449473Z,Jan Pereira (perfil alto riesgo),FISICA,Jan,Pereira
82,54947555A,Jan Pereira (perfil alto riesgo),FISICA,Jan,Pereira
83,13085751Q,Jan Pereira (perfil alto riesgo),FISICA,Jan,Pereira
84,23202618B,Jan Pereira (perfil alto riesgo),FISICA,Jan,Pereira
85,53278902T,Jan Pereira (perfil alto riesgo),FISICA,Jan,Pereira
86,90627869A,Jan Pereira (perfil alto riesgo),FISICA,Jan,Pereira
87,91807148A,Jan Pereira (perfil alto riesgo),FISICA,Jan,Pereira
88,12113338C,Jan Pereira (perfil alto riesgo),FISICA,Jan,Pereira
89,44373869S,Jan Pereira (perfil alto riesgo),FISICA,Jan,Pereira
90,69314844C,Jan Pereira (perfil alto riesgo),FISICA,Jan,Pereira
91,40796094M,Jan Pereira (perfil alto riesgo),FISICA,Jan,Pereira
92,99449873N,Jan Pereira (perfil alto riesgo),FISICA,Jan,Pereira
93,98689625Y,Jan Pereira (perfil alto riesgo),FISICA,Jan,Pereira
94,43412468Z,Jan Pereira (perfil alto riesgo),FISICA,Jan,Pereira
95,98843838G,Jan Pereira (perfil alto riesgo),FISICA,Jan,Pereira
96,40708451S,Jan Pereira (perfil alto riesgo),FISICA,Jan,Pereira
97,54173644L,Jan Pereira (perfil alto riesgo),FISICA,Jan,Pereira
98,64202096B,Jan Pereira (perfil alto riesgo),FISICA,Jan,Pereira
99,32508872M,Jan Pereira (perfil alto riesgo),FISICA,Jan,Pereira
100,35731685N,Jan Pereira (perfil alto riesgo),FISICA,Jan,Pereira
101,44944791P,Juan José Pereira (perfil bajo riesgo),FISICA,Juan José,Pereira
102,80637871D,Juan José Pereira (perfil bajo riesgo),FISICA,Juan José,Pereira
103,51225620C,Juan José Pereira (perfil bajo riesgo),FISICA,Juan José,Pereira
104,70871393K,Juan José Pereira (perfil bajo riesgo),FISICA,Juan José,Pereira
105,77923995H,Juan José Pereira (perfil bajo riesgo),FISICA,Juan José,Pereira
106,88199420D,Juan José Pereira (perfil bajo riesgo),FISICA,Juan José,Pereira
107,72390760P,Juan José Pereira (perfil bajo riesgo),FISICA,Juan José,Pereira
108,12628626Q,Juan José Pereira (perfil bajo riesgo),FISICA,Juan José,Pereira
109,89188662K,Juan José Pereira (perfil bajo riesgo),FISICA,Juan José,Pereira
110,74144851G,Juan José Pereira (perfil bajo riesgo),FISICA,Juan José,Pereira
111,30426018P,Juan José Pereira (perfil bajo riesgo),FISICA,Juan José,Pereira
112,49799921E,Juan José Pereira (perfil bajo riesgo),FISICA,Juan José,Pereira
113,32605258K,Juan José Pereira (perfil bajo riesgo),FISICA,Juan José,Pereira
114,95250850F,Juan José Pereira (perfil bajo riesgo),FISICA,Juan José,Pereira
115,65933631Z,Juan José Pereira (perfil bajo riesgo),FISICA,Juan José,Pereira
116,48122642H,Juan José Pereira (perfil bajo riesgo),FISICA,Juan José,Pereira
117,69900295Y,Juan José Pereira (perfil bajo riesgo),FISICA,Juan José,Pereira
118,51749020D,Juan José Pereira (perfil bajo riesgo),FISICA,Juan José,Pereira
119,94287145W,Juan José Pereira (perfil bajo riesgo),FISICA,Juan José,Pereira
120,71765594M,Juan José Pereira (perfil bajo riesgo),FISICA,Juan José,Pereira
121,10309203M,Juan José Pereira (perfil bajo riesgo),FISICA,Juan José,Pereira
122,97964171H,Juan José Pereira (perfil bajo riesgo),FISICA,Juan José,Pereira
123,97525456M,Juan José Pereira (perfil bajo riesgo),FISICA,Juan José,Pereira
124,30182382B,Juan José Pereira (perfil bajo riesgo),FISICA,Juan José,Pereira
125,67856114L,Juan José Pereira (perfil bajo riesgo),FISICA,Juan José,Pereira
126,42897578W,Juan José Pereira (perfil bajo riesgo),FISICA,Juan José,Pereira
127,47644402V,Juan José Pereira (perfil bajo riesgo),FISICA,Juan José,Pereira
128,96880531T,Juan José Pereira (perfil bajo riesgo),FISICA,Juan José,Pereira
129,94136030C,Juan José Pereira (perfil bajo riesgo),FISICA,Juan José,Pereira
130,85327572X,Juan José Pereira (perfil bajo riesgo),FISICA,Juan José,Pereira
131,94704323Y,Juan José Pereira (perfil bajo riesgo),FISICA,Juan José,Pereira
132,96714611W,Juan José Pereira (perfil bajo riesgo),FISICA,Juan José,Pereira
133,23442380K,Juan José Pereira (perfil bajo riesgo),FISICA,Juan José,Pereira
134,42242837W,Juan José Pereira (perfil bajo riesgo),FISICA,Juan José,Pereira
135,12513001N,Juan José Pereira (perfil bajo riesgo),FISICA,Juan José,Pereira
136,57305634F,Juan José Pereira (perfil bajo riesgo),FISICA,Juan José,Pereira
137,83086148M,Juan José Pereira (perfil bajo riesgo),FISICA,Juan José,Pereira
138,34767009W,Juan José Pereira (perfil bajo riesgo),FISICA,Juan José,Pereira
139,73120895P,Juan José Pereira (perfil bajo riesgo),FISICA,Juan José,Pereira
140,60009673M,Juan José Pereira (perfil bajo riesgo),FISICA,Juan José,Pereira
141,76152846F,Juan José Pereira (perfil bajo riesgo),FISICA,Juan José,Pereira
142,96342319B,Juan José Pereira (perfil bajo riesgo),FISICA,Juan José,Pereira
143,12144965E,Juan José Pereira (perfil bajo riesgo),FISICA,Juan José,Pereira
144,17250828T,Juan José Pereira (perfil bajo riesgo),FISICA,Juan José,Pereira
145,65204568M,Juan José Pereira (perfil bajo riesgo),FISICA,Juan José,Pereira
146,80184072T,Juan José Pereira (perfil bajo riesgo),FISICA,Juan José,Pereira
147,66414982K,Juan José Pereira (perfil bajo riesgo),FISICA,Juan José,Pereira
148,32636508Z,Juan José Pereira (perfil bajo riesgo),FISICA,Juan José,Pereira
149,12036575P,Juan José Pereira (perfil bajo riesgo),FISICA,Juan José,Pereira
150,63512085T,Juan José Pereira (perfil bajo riesgo),FISICA,Juan José,Pereira
151,83655602W,Antonio Pereira (perfil bajo riesgo),FISICA,Antonio,Pereira
152,12254818G,Antonio Pereira (perfil bajo riesgo),FISICA,Antonio,Pereira
153,91706726E,Antonio Pereira (perfil bajo riesgo),FISICA,Antonio,Pereira
154,32125507G,Antonio Pereira (perfil bajo riesgo),FISICA,Antonio,Pereira
155,49874637B,Antonio Pereira (perfil bajo riesgo),FISICA,Antonio,Pereira
156,79769327Z,Antonio Pereira (perfil bajo riesgo),FISICA,Antonio,Pereira
157,41760291L,Antonio Pereira (perfil bajo riesgo),FISICA,Antonio,Pereira
158,75088265G,Antonio Pereira (perfil bajo riesgo),FISICA,Antonio,Pereira
159,13506649Z,Antonio Pereira (perfil bajo riesgo),FISICA,Antonio,Pereira
160,58217760E,Antonio Pereira (perfil bajo riesgo),FISICA,Antonio,Pereira
161,53068730W,Antonio Pereira (perfil bajo riesgo),FISICA,Antonio,Pereira
162,12300883T,Antonio Pereira (perfil bajo riesgo),FISICA,Antonio,Pereira
163,77526683P,Antonio Pereira (perfil bajo riesgo),FISICA,Antonio,Pereira
164,65136450J,Antonio Pereira (perfil bajo riesgo),FISICA,Antonio,Pereira
165,79639349D,Antonio Pereira (perfil bajo riesgo),FISICA,Antonio,Pereira
166,32097994E,Antonio Pereira (perfil bajo riesgo),FISICA,Antonio,Pereira
167,17648448L,Antonio Pereira (perfil bajo riesgo),FISICA,Antonio,Pereira
168,92188620C,Antonio Pereira (perfil bajo riesgo),FISICA,Antonio,Pereira
169,66896630A,Antonio Pereira (perfil bajo riesgo),FISICA,Antonio,Pereira
170,94606098Z,Antonio Pereira (perfil bajo riesgo),FISICA,Antonio,Pereira
171,60464531S,Antonio Pereira (perfil bajo riesgo),FISICA,Antonio,Pereira
172,44428990M,Antonio Pereira (perfil bajo riesgo),FISICA,Antonio,Pereira
173,30853792M,Antonio Pereira (perfil bajo riesgo),FISICA,Antonio,Pereira
174,48001233A,Antonio Pereira (perfil bajo riesgo),FISICA,Antonio,Pereira
175,12656429N,Antonio Pereira (perfil bajo riesgo),FISICA,Antonio,Pereira
176,83939899L,Antonio Pereira (perfil bajo riesgo),FISICA,Antonio,Pereira
177,56261709Y,Antonio Pereira (perfil bajo riesgo),FISICA,Antonio,Pereira
178,26311250D,Antonio Pereira (perfil bajo riesgo),FISICA,Antonio,Pereira
179,37875807M,Antonio Pereira (perfil bajo riesgo),FISICA,Antonio,Pereira
180,56630319H,Antonio Pereira (perfil bajo riesgo),FISICA,Antonio,Pereira
181,65092189G,Antonio Pereira (perfil bajo riesgo),FISICA,Antonio,Pereira
182,83494736K,Antonio Pereira (perfil bajo riesgo),FISICA,Antonio,Pereira
183,83286170L,Antonio Pereira (perfil bajo riesgo),FISICA,Antonio,Pereira
184,83011591Z,Antonio Pereira (perfil bajo riesgo),FISICA,Antonio,Pereira
185,15065236Y,Antonio Pereira (perfil bajo riesgo),FISICA,Antonio,Pereira
186,45026738Y,Antonio Pereira (perfil bajo riesgo),FISICA,Antonio,Pereira
187,55072298V,Antonio Pereira (perfil bajo riesgo),FISICA,Antonio,Pereira
188,36111073S,Antonio Pereira (perfil bajo riesgo),FISICA,Antonio,Pereira
189,45805723G,Antonio Pereira (perfil bajo riesgo),FISICA,Antonio,Pereira
190,28162504Q,Antonio Pereira (perfil bajo riesgo),FISICA,Antonio,Pereira
191,55519146K,Antonio Pereira (perfil bajo riesgo),FISICA,Antonio,Pereira
192,89745116J,Antonio Pereira (perfil bajo riesgo),FISICA,Antonio,Pereira
193,22872650R,Antonio Pereira (perfil bajo riesgo),FISICA,Antonio,Pereira
194,98730984B,Antonio Pereira (perfil bajo riesgo),FISICA,Antonio,Pereira
195,68207918S,Antonio Pereira (perfil bajo riesgo),FISICA,Antonio,Pereira
196,76167187L,Antonio Pereira (perfil bajo riesgo),FISICA,Antonio,Pereira
197,36688781D,Antonio Pereira (perfil bajo riesgo),FISICA,Antonio,Pereira
198,96075686V,Antonio Pereira (perfil bajo riesgo),FISICA,Antonio,Pereira
199,92593972C,Antonio Pereira (perfil bajo riesgo),FISICA,Antonio,Pereira
200,40535678H,Antonio Pereira (perfil bajo riesgo),FISICA,Antonio,Pereira
201,94371548H,Laura Martínez,FISICA,Laura,Martínez
202,35176259J,Miguel Martínez,FISICA,Miguel,Martínez
203,99298748C,Sofía García,FISICA,Sofía,García
204,31725775N,Carlos Sánchez,FISICA,Carlos,Sánchez
205,12269061X,Ana Sánchez,FISICA,Ana,Sánchez
206,10376141J,María López,FISICA,María,López
207,41194179Y,Sofía Rodríguez,FISICA,Sofía,Rodríguez
208,30126422X,Juan González,FISICA,Juan,González
209,65934696K,Ana Martínez,FISICA,Ana,Martínez
210,44471370L,Laura García,FISICA,Laura,García
211,53964963V,Juan González,FISICA,Juan,González
212,32923691L,María Sánchez,FISICA,María,Sánchez
213,38466630G,Sofía Martínez,FISICA,Sofía,Martínez
214,36233839F,María García,FISICA,María,García
215,16636161P,Sofía García,FISICA,Sofía,García
216,66669529G,Sofía Rodríguez,FISICA,Sofía,Rodríguez
217,74461759H,Carlos Rodríguez,FISICA,Carlos,Rodríguez
218,93819792D,María García,FISICA,María,García
219,31335360E,Juan Martínez,FISICA,Juan,Martínez
220,48771439P,Sofía Sánchez,FISICA,Sofía,Sánchez
221,23090377X,Luis Sánchez,FISICA,Luis,Sánchez
222,17210439E,Ana López,FISICA,Ana,López
223,91138954M,Miguel Sánchez,FISICA,Miguel,Sánchez
224,88341527E,Juan Rodríguez,FISICA,Juan,Rodríguez
225,66279582E,María López,FISICA,María,López
226,75958994E,Luis Rodríguez,FISICA,Luis,Rodríguez
227,34556243P,Juan Rodríguez,FISICA,Juan,Rodríguez
228,11231852D,María Martínez,FISICA,María,Martínez
229,17362986X,Ana García,FISICA,Ana,García
230,76311482N,Carlos López,FISICA,Carlos,López
231,74888404J,María González,FISICA,María,González
232,75857522A,Laura Martínez,FISICA,Laura,Martínez
233,65595918X,Luis Rodríguez,FISICA,Luis,Rodríguez
234,84039630E,Juan Martínez,FISICA,Juan,Martínez
235,60796385W,Ana Rodríguez,FISICA,Ana,Rodríguez
236,46925085W,Miguel Rodríguez,FISICA,Miguel,Rodríguez
237,84638039V,Laura Martínez,FISICA,Laura,Martínez
238,40355531F,Juan Sánchez,FISICA,Juan,Sánchez
239,70369317N,Laura Sánchez,FISICA,Laura,Sánchez
240,21980396D,Juan Rodríguez,FISICA,Juan,Rodríguez
241,34423218S,Ana López,FISICA,Ana,López
242,49113054G,Luis Sánchez,FISICA,Luis,Sánchez
243,16146621T,Miguel Rodríguez,FISICA,Miguel,Rodríguez
244,58652797Z,Miguel Sánchez,FISICA,Miguel,Sánchez
245,94904738E,Ana López,FISICA,Ana,López
246,20980762R,Ana Rodríguez,FISICA,Ana,Rodríguez
247,69192631Y,Laura Sánchez,FISICA,Laura,Sánchez
248,80808705E,Miguel García,FISICA,Miguel,García
249,78183463T,Miguel Sánchez,FISICA,Miguel,Sánchez
250,43512708C,Sofía González,FISICA,Sofía,González
251,75217673Z,Juan Martínez,FISICA,Juan,Martínez
252,89287635W,Ana Martínez,FISICA,Ana,Martínez
253,87102795R,Luis García,FISICA,Luis,García
254,73270909Q,Carlos Rodríguez,FISICA,Carlos,Rodríguez
255,69314177C,Luis López,FISICA,Luis,López
256,66607104R,Laura Sánchez,FISICA,Laura,Sánchez
257,56851745T,María Sánchez,FISICA,María,Sánchez
258,28840930B,Miguel González,FISICA,Miguel,González
259,34953530Q,Luis Sánchez,FISICA,Luis,Sánchez
260,41007204K,María Sánchez,FISICA,María,Sánchez
261,61418153B,Miguel López,FISICA,Miguel,López
262,71960739H,María López,FISICA,María,López
263,42847317L,Luis Rodríguez,FISICA,Luis,Rodríguez
264,88621111H,Laura González,FISICA,Laura,González
265,59047450X,Sofía García,FISICA,Sofía,García
266,62026810L,Ana Sánchez,FISICA,Ana,Sánchez
267,31696729S,Juan García,FISICA,Juan,García
268,73219064J,Luis López,FISICA,Luis,López
269,97478479V,María López,FISICA,María,López
270,20600845K,Sofía Martínez,FISICA,Sofía,Martínez
271,27694635J,Luis López,FISICA,Luis,López
272,34621197X,Laura González,FISICA,Laura,González
273,48777792J,Ana Sánchez,FISICA,Ana,Sánchez
274,77705240Q,Juan García,FISICA,Juan,García
275,45909020P,Juan López,FISICA,Juan,López
276,94554455Y,Sofía García,FISICA,Sofía,García
277,17176815R,Laura Sánchez,FISICA,Laura,Sánchez
278,94038852V,Laura Sánchez,FISICA,Laura,Sánchez
279,18101755L,Juan García,FISICA,Juan,García
280,98337704P,Miguel Martínez,FISICA,Miguel,Martínez
281,70514903P,Luis Sánchez,FISICA,Luis,Sánchez
282,68885351Y,Sofía González,FISICA,Sofía,González
283,91800354V,Laura Martínez,FISICA,Laura,Martínez
284,39779286G,Carlos García,FISICA,Carlos,García
285,70488182J,Luis Rodríguez,FISICA,Luis,Rodríguez
286,70374366R,Miguel Rodríguez,FISICA,Miguel,Rodríguez
287,27094905P,Juan Rodríguez,FISICA,Juan,Rodríguez
288,39221336B,Miguel López,FISICA,Miguel,López
289,16184720B,Carlos Martínez,FISICA,Carlos,Martínez
290,74887217E,Laura López,FISICA,Laura,López
291,78318204F,María Sánchez,FISICA,María,Sánchez
292,31549396C,Carlos Martínez,FISICA,Carlos,Martínez
293,27562477J,Ana López,FISICA,Ana,López
294,28914453A,María García,FISICA,María,García
295,33561552K,Laura López,FISICA,Laura,López
296,33269624D,Miguel González,FISICA,Miguel,González
297,38924318S,Carlos Martínez,FISICA,Carlos,Martínez
298,75615469W,Sofía Sánchez,FISICA,Sofía,Sánchez
299,77377792L,Sofía García,FISICA,Sofía,García
300,67248047A,Carlos Rodríguez,FISICA,Carlos,Rodríguez
301,91427434L,Carlos Martínez,FISICA,Carlos,Martínez
302,67356955Y,Laura García,FISICA,Laura,García
303,52172086J,Ana García,FISICA,Ana,García
304,96218003X,Ana Rodríguez,FISICA,Ana,Rodríguez
305,85439315L,Laura González,FISICA,Laura,González
306,22065758H,Juan González,FISICA,Juan,González
307,16385727K,María Martínez,FISICA,María,Martínez
308,50963366N,Miguel López,FISICA,Miguel,López
309,35829185S,Miguel González,FISICA,Miguel,González
310,74779021H,María García,FISICA,María,García
311,87090917Z,María Sánchez,FISICA,María,Sánchez
312,84827984M,Luis López,FISICA,Luis,López
313,43459970K,Luis Martínez,FISICA,Luis,Martínez
314,73248171W,Laura Sánchez,FISICA,Laura,Sánchez
315,90120076G,Miguel Sánchez,FISICA,Miguel,Sánchez
316,52536619L,María López,FISICA,María,López
317,27953953Y,Laura García,FISICA,Laura,García
318,36101548N,Carlos García,FISICA,Carlos,García
319,26517394G,Juan Martínez,FISICA,Juan,Martínez
320,69953263M,Juan Martínez,FISICA,Juan,Martínez
321,94734180D,Luis Sánchez,FISICA,Luis,Sánchez
322,77389509Y,Ana Martínez,FISICA,Ana,Martínez
323,89821754S,Ana Martínez,FISICA,Ana,Martínez
324,39722065F,Carlos García,FISICA,Carlos,García
325,87272589D,Laura González,FISICA,Laura,González
326,50459154Y,Juan López,FISICA,Juan,López
327,44370822G,Miguel González,FISICA,Miguel,González
328,54935773C,Juan García,FISICA,Juan,García
329,70841839E,Luis Rodríguez,FISICA,Luis,Rodríguez
330,88510457V,Juan González,FISICA,Juan,González
331,18778549S,Juan Martínez,FISICA,Juan,Martínez
332,22368040B,Miguel González,FISICA,Miguel,González
333,10717501F,Luis Sánchez,FISICA,Luis,Sánchez
334,56853728M,Miguel González,FISICA,Miguel,González
335,89350933G,María López,FISICA,María,López
336,79299161Z,María Rodríguez,FISICA,María,Rodríguez
337,95765362D,Luis Rodríguez,FISICA,Luis,Rodríguez
338,72864880Y,Miguel Martínez,FISICA,Miguel,Martínez
339,94215932C,Luis Sánchez,FISICA,Luis,Sánchez
340,93708507K,Laura Martínez,FISICA,Laura,Martínez
341,94385484Q,Ana Rodríguez,FISICA,Ana,Rodríguez
342,26683242E,María García,FISICA,María,García
343,65664709P,Luis Rodríguez,FISICA,Luis,Rodríguez
344,77728306J,Juan Sánchez,FISICA,Juan,Sánchez
345,90873179H,Ana Rodríguez,FISICA,Ana,Rodríguez
346,36997173V,Miguel González,FISICA,Miguel,González
347,36601622C,Miguel Martínez,FISICA,Miguel,Martínez
348,16382642H,Ana Sánchez,FISICA,Ana,Sánchez
349,82901878B,Luis López,FISICA,Luis,López
350,71042490K,Sofía López,FISICA,Sofía,López
351,24643177B,María Rodríguez,FISICA,María,Rodríguez
352,42211853E,Luis González,FISICA,Luis,González
353,17841476P,Juan López,FISICA,Juan,López
354,22873491Z,María García,FISICA,María,García
355,92862366G,Sofía González,FISICA,Sofía,González
356,73422516F,Juan Martínez,FISICA,Juan,Martínez
357,41944322G,Laura Rodríguez,FISICA,Laura,Rodríguez
358,91495412D,Carlos Martínez,FISICA,Carlos,Martínez
359,34665465A,Luis Martínez,FISICA,Luis,Martínez
360,69858499R,María Sánchez,FISICA,María,Sánchez
361,40876642F,Carlos Sánchez,FISICA,Carlos,Sánchez
362,84597924Z,Juan García,FISICA,Juan,García
363,25429449M,Luis Sánchez,FISICA,Luis,Sánchez
364,80978195W,Carlos Rodríguez,FISICA,Carlos,Rodríguez
365,56053023E,Luis García,FISICA,Luis,García
366,63985276N,Sofía Sánchez,FISICA,Sofía,Sánchez
367,67178446T,Luis García,FISICA,Luis,García
368,58684611L,Luis Rodríguez,FISICA,Luis,Rodríguez
369,56942859B,María Rodríguez,FISICA,María,Rodríguez
370,67445999V,Miguel Martínez,FISICA,Miguel,Martínez
371,49778834A,Ana López,FISICA,Ana,López
372,67876411F,Sofía López,FISICA,Sofía,López
373,89353643T,Juan Sánchez,FISICA,Juan,Sánchez
374,67103970K,Miguel López,FISICA,Miguel,López
375,85367094H,Carlos Rodríguez,FISICA,Carlos,Rodríguez
376,98023430Y,Juan Sánchez,FISICA,Juan,Sánchez
377,20105361A,María Rodríguez,FISICA,María,Rodríguez
378,40855753W,Luis López,FISICA,Luis,López
379,14611720G,María Rodríguez,FISICA,María,Rodríguez
380,93949256Y,Miguel González,FISICA,Miguel,González
381,69363086P,Luis García,FISICA,Luis,García
382,97647659D,Luis Martínez,FISICA,Luis,Martínez
383,15019949Y,Sofía Rodríguez,FISICA,Sofía,Rodríguez
384,99827656C,María Sánchez,FISICA,María,Sánchez
385,93661635T,Juan Martínez,FISICA,Juan,Martínez
386,71454982P,María Martínez,FISICA,María,Martínez
387,94391462Z,Sofía González,FISICA,Sofía,González
388,45606317P,Luis Sánchez,FISICA,Luis,Sánchez
389,68850431T,Sofía González,FISICA,Sofía,González
390,16830920A,Sofía Sánchez,FISICA,Sofía,Sánchez
391,81091247D,Laura Sánchez,FISICA,Laura,Sánchez
392,66744799H,Ana Martínez,FISICA,Ana,Martínez
393,24808695K,Laura Sánchez,FISICA,Laura,Sánchez
394,91442642R,Laura Martínez,FISICA,Laura,Martínez
395,59875976F,Carlos García,FISICA,Carlos,García
396,75543715P,Sofía Rodríguez,FISICA,Sofía,Rodríguez
397,31797170S,Ana Sánchez,FISICA,Ana,Sánchez
398,14804902D,Luis López,FISICA,Luis,López
399,56917624F,Carlos González,FISICA,Carlos,González
400,89638876X,Carlos López,FISICA,Carlos,López
401,49495826X,Luis García,FISICA,Luis,García
402,87965461Y,Juan García,FISICA,Juan,García
403,11926383D,Juan González,FISICA,Juan,González
404,59801016G,Carlos Martínez,FISICA,Carlos,Martínez
405,60203864F,María Sánchez,FISICA,María,Sánchez
406,16512113E,Sofía Rodríguez,FISICA,Sofía,Rodríguez
407,13542911M,Ana López,FISICA,Ana,López
408,61673810T,Luis González,FISICA,Luis,González
409,45294716B,Ana Martínez,FISICA,Ana,Martínez
410,40009083P,Luis Martínez,FISICA,Luis,Martínez
411,83525815G,Carlos Sánchez,FISICA,Carlos,Sánchez
412,29392313S,Sofía Rodríguez,FISICA,Sofía,Rodríguez
413,75837004R,Luis García,FISICA,Luis,García
414,85685381P,Luis Sánchez,FISICA,Luis,Sánchez
415,88396099S,Laura López,FISICA,Laura,López
416,47559956G,Laura González,FISICA,Laura,González
417,80551914A,Sofía López,FISICA,Sofía,López
418,11330197Y,Carlos Rodríguez,FISICA,Carlos,Rodríguez
419,49076307B,Juan Rodríguez,FISICA,Juan,Rodríguez
420,75056744Q,Luis Sánchez,FISICA,Luis,Sánchez
421,41682168G,Sofía López,FISICA,Sofía,López
422,20335342F,Juan Sánchez,FISICA,Juan,Sánchez
423,61762149L,Juan Rodríguez,FISICA,Juan,Rodríguez
424,13031255F,Carlos García,FISICA,Carlos,García
425,15457440Z,María García,FISICA,María,García
426,19009134W,Carlos Martínez,FISICA,Carlos,Martínez
427,95585169K,Juan Martínez,FISICA,Juan,Martínez
428,44950026E,Juan González,FISICA,Juan,González
429,89824653Q,Sofía López,FISICA,Sofía,López
430,63805506X,Carlos García,FISICA,Carlos,García
431,40920050Z,Laura García,FISICA,Laura,García
432,54618756N,Luis Rodríguez,FISICA,Luis,Rodríguez
433,57842449W,Ana Martínez,FISICA,Ana,Martínez
434,84336598Z,Ana López,FISICA,Ana,López
435,14096713J,Ana García,FISICA,Ana,García
436,21691983Q,Juan García,FISICA,Juan,García
437,75477651T,Carlos González,FISICA,Carlos,González
438,63414023X,Sofía García,FISICA,Sofía,García
439,30883725S,Luis González,FISICA,Luis,González
440,49984524G,Ana Sánchez,FISICA,Ana,Sánchez
441,37992074F,María González,FISICA,María,González
442,35534447E,Miguel González,FISICA,Miguel,González
443,49893631F,María López,FISICA,María,López
444,98084517M,Carlos Sánchez,FISICA,Carlos,Sánchez
445,93086152T,Luis López,FISICA,Luis,López
446,82112908X,Luis García,FISICA,Luis,García
447,18367175L,Laura López,FISICA,Laura,López
448,94379633F,Luis López,FISICA,Luis,López
449,10271224E,Carlos Martínez,FISICA,Carlos,Martínez
450,63458939F,Ana López,FISICA,Ana,López
451,60769477G,Ana Rodríguez,FISICA,Ana,Rodríguez
452,49468018D,Laura López,FISICA,Laura,López
453,20768857H,Laura González,FISICA,Laura,González
454,36338214P,Laura Sánchez,FISICA,Laura,Sánchez
455,15066020P,María Rodríguez,FISICA,María,Rodríguez
456,96764263C,Luis García,FISICA,Luis,García
457,77749508D,Juan Rodríguez,FISICA,Juan,Rodríguez
458,50554551E,Carlos Rodríguez,FISICA,Carlos,Rodríguez
459,79708693P,María Sánchez,FISICA,María,Sánchez
460,21455551R,Carlos Sánchez,FISICA,Carlos,Sánchez
461,16508476L,Luis López,FISICA,Luis,López
462,30943702P,María García,FISICA,María,García
463,42942314A,Ana Rodríguez,FISICA,Ana,Rodríguez
464,44862104Y,Laura Rodríguez,FISICA,Laura,Rodríguez
465,53716651J,María Martínez,FISICA,María,Martínez
466,93418521L,Ana Sánchez,FISICA,Ana,Sánchez
467,34814280P,Carlos Sánchez,FISICA,Carlos,Sánchez
468,96842334Y,Sofía González,FISICA,Sofía,González
469,99600627R,Miguel García,FISICA,Miguel,García
470,66509172A,María Rodríguez,FISICA,María,Rodríguez
471,61359078T,María Martínez,FISICA,María,Martínez
472,71307688Y,Laura González,FISICA,Laura,González
473,84846693S,Juan Martínez,FISICA,Juan,Martínez
474,33140596B,Juan López,FISICA,Juan,López
475,52301686P,Sofía López,FISICA,Sofía,López
476,55087427N,Carlos Rodríguez,FISICA,Carlos,Rodríguez
477,51567322B,Sofía López,FISICA,Sofía,López
478,89900181N,Laura Sánchez,FISICA,Laura,Sánchez
479,69830006M,María Martínez,FISICA,María,Martínez
480,46766301X,Miguel García,FISICA,Miguel,García
481,36258856T,Juan Martínez,FISICA,Juan,Martínez
482,97002790Z,Miguel Sánchez,FISICA,Miguel,Sánchez
483,48876453G,Luis Martínez,FISICA,Luis,Martínez
484,83321755T,Sofía González,FISICA,Sofía,González
485,76022528F,Luis Martínez,FISICA,Luis,Martínez
486,59058029D,María López,FISICA,María,López
487,89520764A,Sofía López,FISICA,Sofía,López
488,16373768E,Ana Martínez,FISICA,Ana,Martínez
489,94874138N,Sofía Rodríguez,FISICA,Sofía,Rodríguez
490,93864563E,Luis Martínez,FISICA,Luis,Martínez
491,23471224T,Luis García,FISICA,Luis,García
492,34120806F,Miguel Sánchez,FISICA,Miguel,Sánchez
493,86923908P,Miguel Martínez,FISICA,Miguel,Martínez
494,93064518D,Juan López,FISICA,Juan,López
495,47203152E,Carlos Rodríguez,FISICA,Carlos,Rodríguez
496,30856906Z,Luis Rodríguez,FISICA,Luis,Rodríguez
497,78299236Z,María Rodríguez,FISICA,María,Rodríguez
498,50092367T,María Martínez,FISICA,María,Martínez
499,24192602Y,Ana González,FISICA,Ana,González
500,52899199G,Sofía Martínez,FISICA,Sofía,Martínez
501,49646768A,Ana Rodríguez,FISICA,Ana,Rodríguez
502,18662092F,Ana Martínez,FISICA,Ana,Martínez
503,48056196L,Laura López,FISICA,Laura,López
504,41402857M,Sofía López,FISICA,Sofía,López
505,37204936K,María García,FISICA,María,García
506,83230111B,Luis Rodríguez,FISICA,Luis,Rodríguez
507,87135917A,Juan González,FISICA,Juan,González
508,81613050B,María García,FISICA,María,García
509,67813809B,María González,FISICA,María,González
510,69643286E,Luis González,FISICA,Luis,González
511,25347964D,Juan Martínez,FISICA,Juan,Martínez
512,65970886D,Laura Rodríguez,FISICA,Laura,Rodríguez
513,17335962B,Sofía Martínez,FISICA,Sofía,Martínez
514,94594888M,María González,FISICA,María,González
515,17975847J,María Martínez,FISICA,María,Martínez
516,16174169V,Juan Martínez,FISICA,Juan,Martínez
517,42553854J,Luis Martínez,FISICA,Luis,Martínez
518,96974845Z,Luis Martínez,FISICA,Luis,Martínez
519,31600855M,Luis Sánchez,FISICA,Luis,Sánchez
520,41222713C,María González,FISICA,María,González
521,44724054W,Miguel García,FISICA,Miguel,García
522,27342247P,Luis Martínez,FISICA,Luis,Martínez
523,82023996Q,Luis López,FISICA,Luis,López
524,91662605S,Laura Rodríguez,FISICA,Laura,Rodríguez
525,64112613K,Miguel Rodríguez,FISICA,Miguel,Rodríguez
526,29523756J,Juan Sánchez,FISICA,Juan,Sánchez
527,37854581P,Juan García,FISICA,Juan,García
528,87821694N,Carlos Rodríguez,FISICA,Carlos,Rodríguez
529,82490543P,Juan Martínez,FISICA,Juan,Martínez
530,15613653B,Sofía González,FISICA,Sofía,González
531,15382131F,María López,FISICA,María,López
532,29478389W,Laura González,FISICA,Laura,González
533,89537019C,Sofía García,FISICA,Sofía,García
534,50328010P,Laura García,FISICA,Laura,García
535,38753141G,Luis Sánchez,FISICA,Luis,Sánchez
536,29402818D,Miguel López,FISICA,Miguel,López
537,65361240R,Luis Martínez,FISICA,Luis,Martínez
538,19780266J,Miguel Sánchez,FISICA,Miguel,Sánchez
539,12114752P,Juan López,FISICA,Juan,López
540,54936027K,Miguel González,FISICA,Miguel,González
541,78686480F,Luis Martínez,FISICA,Luis,Martínez
542,86515406D,Laura Sánchez,FISICA,Laura,Sánchez
543,66416991Y,Juan Rodríguez,FISICA,Juan,Rodríguez
544,12330023E,Miguel Rodríguez,FISICA,Miguel,Rodríguez
545,27991240X,Sofía Sánchez,FISICA,Sofía,Sánchez
546,14741322R,Laura García,FISICA,Laura,García
547,58129320V,Miguel García,FISICA,Miguel,García
548,89812177Y,Sofía González,FISICA,Sofía,González
549,25698985G,Laura Sánchez,FISICA,Laura,Sánchez
550,23796180N,Miguel González,FISICA,Miguel,González
551,21497900F,Sofía García,FISICA,Sofía,García
552,45539483N,Carlos López,FISICA,Carlos,López
553,33107562M,Laura Rodríguez,FISICA,Laura,Rodríguez
554,16910067F,Miguel López,FISICA,Miguel,López
555,91110033H,Ana Martínez,FISICA,Ana,Martínez
556,58425994Z,María López,FISICA,María,López
557,96488658R,Laura González,FISICA,Laura,González
558,98660389A,María Rodríguez,FISICA,María,Rodríguez
559,69474900L,Carlos Martínez,FISICA,Carlos,Martínez
560,85717270L,María Martínez,FISICA,María,Martínez
561,85879000J,Luis García,FISICA,Luis,García
562,41849808C,Luis García,FISICA,Luis,García
563,15192931M,María García,FISICA,María,García
564,33494991E,Carlos Rodríguez,FISICA,Carlos,Rodríguez
565,27974130N,Luis Sánchez,FISICA,Luis,Sánchez
566,55399425S,Laura González,FISICA,Laura,González
567,72997024S,Juan González,FISICA,Juan,González
568,92496572W,María López,FISICA,María,López
569,52341933M,Miguel González,FISICA,Miguel,González
570,49885376D,Luis López,FISICA,Luis,López
571,61641626Q,Sofía Rodríguez,FISICA,Sofía,Rodríguez
572,59408925V,Ana Martínez,FISICA,Ana,Martínez
573,59351112A,Ana López,FISICA,Ana,López
574,61831703K,Sofía González,FISICA,Sofía,González
575,59169801R,Laura González,FISICA,Laura,González
576,16126770K,Sofía García,FISICA,Sofía,García
577,79492099M,Juan López,FISICA,Juan,López
578,72095996N,Miguel García,FISICA,Miguel,García
579,90430094M,Sofía López,FISICA,Sofía,López
580,56556650H,Carlos García,FISICA,Carlos,García
581,29671211S,Sofía Sánchez,FISICA,Sofía,Sánchez
582,27388740H,Ana Rodríguez,FISICA,Ana,Rodríguez
583,18117275Z,Carlos López,FISICA,Carlos,López
584,16016897L,Carlos Rodríguez,FISICA,Carlos,Rodríguez
585,65700276V,Laura García,FISICA,Laura,García
586,82489612C,Carlos González,FISICA,Carlos,González
587,63485284V,Laura Rodríguez,FISICA,Laura,Rodríguez
588,31938207Q,María López,FISICA,María,López
589,12087933F,María Rodríguez,FISICA,María,Rodríguez
590,61038950D,Juan Rodríguez,FISICA,Juan,Rodríguez
591,26735394X,Carlos López,FISICA,Carlos,López
592,10729761P,Juan González,FISICA,Juan,González
593,85289365Y,Miguel Rodríguez,FISICA,Miguel,Rodríguez
594,42086388E,Ana González,FISICA,Ana,González
595,22116001Y,María Martínez,FISICA,María,Martínez
596,39519867W,María García,FISICA,María,García
597,89687945C,María López,FISICA,María,López
598,38489651W,María Sánchez,FISICA,María,Sánchez
599,90977188K,Ana Sánchez,FISICA,Ana,Sánchez
600,75885002K,Sofía Martínez,FISICA,Sofía,Martínez
601,56447630H,Luis García,FISICA,Luis,García
602,87627113B,Carlos Rodríguez,FISICA,Carlos,Rodríguez
603,27016617N,Carlos López,FISICA,Carlos,López
604,54558174N,Carlos García,FISICA,Carlos,García
605,96171217Y,Laura García,FISICA,Laura,García
606,32246476Q,Luis Martínez,FISICA,Luis,Martínez
607,90758575T,Juan Sánchez,FISICA,Juan,Sánchez
608,98666081Z,Carlos Sánchez,FISICA,Carlos,Sánchez
609,53184866B,Luis Rodríguez,FISICA,Luis,Rodríguez
610,77130850M,Juan García,FISICA,Juan,García
611,46772470S,Carlos Rodríguez,FISICA,Carlos,Rodríguez
612,18352150J,Luis Rodríguez,FISICA,Luis,Rodríguez
613,80777174R,Ana Rodríguez,FISICA,Ana,Rodríguez
614,39953539D,Ana Sánchez,FISICA,Ana,Sánchez
615,56219007S,Juan García,FISICA,Juan,García
616,46981473V,Miguel Rodríguez,FISICA,Miguel,Rodríguez
617,94360138Q,Ana Martínez,FISICA,Ana,Martínez
618,51906672L,Carlos García,FISICA,Carlos,García
619,62203451C,María López,FISICA,María,López
620,36622676Y,Ana López,FISICA,Ana,López
621,37205871J,María Sánchez,FISICA,María,Sánchez
622,64127794E,Sofía González,FISICA,Sofía,González
623,96695938M,Laura López,FISICA,Laura,López
624,30947469A,Juan García,FISICA,Juan,García
625,82853202A,Juan López,FISICA,Juan,López
626,15024192V,Luis Sánchez,FISICA,Luis,Sánchez
627,90299643X,Miguel López,FISICA,Miguel,López
628,61337848E,Ana Rodríguez,FISICA,Ana,Rodríguez
629,17274886T,Luis Sánchez,FISICA,Luis,Sánchez
630,97715521K,Juan García,FISICA,Juan,García
631,18043472H,Luis Rodríguez,FISICA,Luis,Rodríguez
632,26936269A,Ana Rodríguez,FISICA,Ana,Rodríguez
633,67238794L,María Sánchez,FISICA,María,Sánchez
634,19984314M,Ana González,FISICA,Ana,González
635,60296997J,Juan Martínez,FISICA,Juan,Martínez
636,83041317R,Carlos Martínez,FISICA,Carlos,Martínez
637,23896365D,Miguel González,FISICA,Miguel,González
638,59649488T,María García,FISICA,María,García
639,78182026N,María Rodríguez,FISICA,María,Rodríguez
640,43947733T,María Sánchez,FISICA,María,Sánchez
641,22075767E,Ana Sánchez,FISICA,Ana,Sánchez
642,75291698W,Juan Sánchez,FISICA,Juan,Sánchez
643,46422179Z,Sofía López,FISICA,Sofía,López
644,52046425R,Juan Rodríguez,FISICA,Juan,Rodríguez
645,22099762M,Ana Martínez,FISICA,Ana,Martínez
646,43113919M,Ana García,FISICA,Ana,García
647,86619776M,Ana Martínez,FISICA,Ana,Martínez
648,61895165A,Ana Sánchez,FISICA,Ana,Sánchez
649,69572440Q,Miguel García,FISICA,Miguel,García
650,19907919Q,Ana Martínez,FISICA,Ana,Martínez
651,37488818Z,Laura López,FISICA,Laura,López
652,36123952Z,Laura Rodríguez,FISICA,Laura,Rodríguez
653,58577952B,Luis López,FISICA,Luis,López
654,37796538V,Luis López,FISICA,Luis,López
655,92272211Y,Luis Sánchez,FISICA,Luis,Sánchez
656,64359229P,Laura López,FISICA,Laura,López
657,74589702N,Laura González,FISICA,Laura,González
658,46734745X,Carlos García,FISICA,Carlos,García
659,69576181P,Sofía González,FISICA,Sofía,González
660,90671650S,Laura Rodríguez,FISICA,Laura,Rodríguez
661,68343025C,Sofía García,FISICA,Sofía,García
662,35962692F,Luis Rodríguez,FISICA,Luis,Rodríguez
663,67281439E,Sofía Sánchez,FISICA,Sofía,Sánchez
664,57107639L,Sofía Sánchez,FISICA,Sofía,Sánchez
665,55445158R,Laura Sánchez,FISICA,Laura,Sánchez
666,64394142F,Miguel Sánchez,FISICA,Miguel,Sánchez
667,42169642Q,Luis Sánchez,FISICA,Luis,Sánchez
668,47110900T,Sofía Martínez,FISICA,Sofía,Martínez
669,60723298D,Ana Sánchez,FISICA,Ana,Sánchez
670,89537333N,María Martínez,FISICA,María,Martínez
671,28247623N,Sofía García,FISICA,Sofía,García
672,27031978D,Ana López,FISICA,Ana,López
673,13189939Z,Luis González,FISICA,Luis,González
674,23644383S,Ana Sánchez,FISICA,Ana,Sánchez
675,40418715X,Miguel González,FISICA,Miguel,González
676,45837609N,Sofía García,FISICA,Sofía,García
677,26614723C,Carlos Sánchez,FISICA,Carlos,Sánchez
678,97660724X,Sofía García,FISICA,Sofía,García
679,93925136J,Miguel García,FISICA,Miguel,García
680,49791887S,Luis López,FISICA,Luis,López
681,16013424L,Luis Sánchez,FISICA,Luis,Sánchez
682,55315317H,Carlos Sánchez,FISICA,Carlos,Sánchez
683,42315294D,Miguel González,FISICA,Miguel,González
684,77265326T,Carlos González,FISICA,Carlos,González
685,92980957F,Carlos Sánchez,FISICA,Carlos,Sánchez
686,49076502E,Luis Sánchez,FISICA,Luis,Sánchez
687,79260062S,Sofía Rodríguez,FISICA,Sofía,Rodríguez
688,62279167C,María Sánchez,FISICA,María,Sánchez
689,99328049L,Miguel Rodríguez,FISICA,Miguel,Rodríguez
690,38625020Q,Sofía López,FISICA,Sofía,López
691,81678980T,Miguel García,FISICA,Miguel,García
692,39621674B,Laura Sánchez,FISICA,Laura,Sánchez
693,99036765F,Juan López,FISICA,Juan,López
694,25126422A,Luis García,FISICA,Luis,García
695,63494778N,Laura García,FISICA,Laura,García
696,99004442E,Luis Martínez,FISICA,Luis,Martínez
697,60220871V,Luis Martínez,FISICA,Luis,Martínez
698,69915787L,Sofía Rodríguez,FISICA,Sofía,Rodríguez
699,77931847G,Luis Rodríguez,FISICA,Luis,Rodríguez
700,18888985M,Laura González,FISICA,Laura,González
701,49693236B,Juan Rodríguez,FISICA,Juan,Rodríguez
702,11914869H,Miguel López,FISICA,Miguel,López
703,75913845E,Laura González,FISICA,Laura,González
704,42312008N,Ana López,FISICA,Ana,López
705,25281812M,Ana López,FISICA,Ana,López
706,54025704S,Juan García,FISICA,Juan,García
707,75326998C,Juan Martínez,FISICA,Juan,Martínez
708,48068659Q,Laura Martínez,FISICA,Laura,Martínez
709,91866976P,Sofía Rodríguez,FISICA,Sofía,Rodríguez
710,66070858T,Sofía Rodríguez,FISICA,Sofía,Rodríguez
711,18772920K,Laura López,FISICA,Laura,López
712,34271793E,Ana López,FISICA,Ana,López
713,27871065X,María González,FISICA,María,González
714,14135532P,Juan López,FISICA,Juan,López
715,65976245D,María Rodríguez,FISICA,María,Rodríguez
716,33582578W,Ana Rodríguez,FISICA,Ana,Rodríguez
717,77136616K,Sofía Sánchez,FISICA,Sofía,Sánchez
718,29377435H,Luis Martínez,FISICA,Luis,Martínez
719,56767919D,Luis López,FISICA,Luis,López
720,34899880W,Laura García,FISICA,Laura,García
721,94158537X,María González,FISICA,María,González
722,83305014A,Carlos González,FISICA,Carlos,González
723,97882763F,Sofía Sánchez,FISICA,Sofía,Sánchez
724,26706473T,Juan Sánchez,FISICA,Juan,Sánchez
725,32110640H,María García,FISICA,María,García
726,98365815J,Laura Sánchez,FISICA,Laura,Sánchez
727,67194619G,Sofía Rodríguez,FISICA,Sofía,Rodríguez
728,55421804S,Miguel González,FISICA,Miguel,González
729,78795914F,Luis Sánchez,FISICA,Luis,Sánchez
730,70035601A,Carlos García,FISICA,Carlos,García
731,25330205Y,Ana Sánchez,FISICA,Ana,Sánchez
732,30184366V,María González,FISICA,María,González
733,92976560A,Carlos González,FISICA,Carlos,González
734,69784253E,Luis González,FISICA,Luis,González
735,93995733T,Laura Sánchez,FISICA,Laura,Sánchez
736,22157826V,Sofía Martínez,FISICA,Sofía,Martínez
737,28720512K,Miguel Rodríguez,FISICA,Miguel,Rodríguez
738,38190298V,Laura López,FISICA,Laura,López
739,30181532N,Carlos López,FISICA,Carlos,López
740,29784407M,Miguel Martínez,FISICA,Miguel,Martínez
741,91087584V,María Rodríguez,FISICA,María,Rodríguez
742,84472418L,Laura González,FISICA,Laura,González
743,25718850C,Luis González,FISICA,Luis,González
744,91395726M,Laura García,FISICA,Laura,García
745,75003342C,Sofía García,FISICA,Sofía,García
746,87535632R,Juan Martínez,FISICA,Juan,Martínez
747,14699370R,Luis García,FISICA,Luis,García
748,31700912N,Carlos González,FISICA,Carlos,González
749,60075287T,María García,FISICA,María,García
750,84614774M,María González,FISICA,María,González
751,33712613H,Carlos García,FISICA,Carlos,García
752,96331352S,Ana Sánchez,FISICA,Ana,Sánchez
753,25205005H,Ana Martínez,FISICA,Ana,Martínez
754,25671654C,Miguel González,FISICA,Miguel,González
755,13674795F,Carlos Martínez,FISICA,Carlos,Martínez
756,14830845P,Ana Rodríguez,FISICA,Ana,Rodríguez
757,38002741W,Laura Martínez,FISICA,Laura,Martínez
758,67473923L,Juan Martínez,FISICA,Juan,Martínez
759,89645085D,Ana Rodríguez,FISICA,Ana,Rodríguez
760,18399095S,Laura García,FISICA,Laura,García
761,31445929F,Sofía Martínez,FISICA,Sofía,Martínez
762,68648339D,Carlos Martínez,FISICA,Carlos,Martínez
763,38353526Z,Laura López,FISICA,Laura,López
764,17813795L,Luis García,FISICA,Luis,García
765,20936032Y,María García,FISICA,María,García
766,57046433Q,Miguel Martínez,FISICA,Miguel,Martínez
767,43428433V,Luis Rodríguez,FISICA,Luis,Rodríguez
768,55806703D,María López,FISICA,María,López
769,49104091B,María Martínez,FISICA,María,Martínez
770,58070061Y,María González,FISICA,María,González
771,82933069Z,Juan Rodríguez,FISICA,Juan,Rodríguez
772,58831455P,Ana Martínez,FISICA,Ana,Martínez
773,39685181S,Juan González,FISICA,Juan,González
774,62131035P,Sofía López,FISICA,Sofía,López
775,70389461P,Miguel García,FISICA,Miguel,García
776,59272122H,Ana García,FISICA,Ana,García
777,42105225E,Sofía Martínez,FISICA,Sofía,Martínez
778,81649480D,Miguel García,FISICA,Miguel,García
779,74230026X,Miguel Sánchez,FISICA,Miguel,Sánchez
780,93062078F,Juan Martínez,FISICA,Juan,Martínez
781,26056215K,Luis Sánchez,FISICA,Luis,Sánchez
782,84041741V,Sofía López,FISICA,Sofía,López
783,33235039Q,Luis Sánchez,FISICA,Luis,Sánchez
784,51171771Z,Ana García,FISICA,Ana,García
785,59603152D,Ana González,FISICA,Ana,González
786,10003344T,Sofía Sánchez,FISICA,Sofía,Sánchez
787,33042648C,Luis Rodríguez,FISICA,Luis,Rodríguez
788,57077928R,Juan López,FISICA,Juan,López
789,57872666C,Laura López,FISICA,Laura,López
790,80585568P,Laura López,FISICA,Laura,López
791,54856629L,Laura González,FISICA,Laura,González
792,78949902X,Laura González,FISICA,Laura,González
793,94783149B,Ana Rodríguez,FISICA,Ana,Rodríguez
794,19242728P,Sofía Martínez,FISICA,Sofía,Martínez
795,63352515G,Miguel Martínez,FISICA,Miguel,Martínez
796,82462166J,Miguel Sánchez,FISICA,Miguel,Sánchez
797,38911687B,María Sánchez,FISICA,María,Sánchez
798,32521037A,Carlos García,FISICA,Carlos,García
799,67300442G,Carlos García,FISICA,Carlos,García
800,74270801Y,Ana Rodríguez,FISICA,Ana,Rodríguez
801,81131523N,Laura Sánchez,FISICA,Laura,Sánchez
802,66404458P,Luis Sánchez,FISICA,Luis,Sánchez
803,20116806V,María Martínez,FISICA,María,Martínez
804,15101624P,Ana Sánchez,FISICA,Ana,Sánchez
805,71953162P,Laura González,FISICA,Laura,González
806,23847100X,Juan García,FISICA,Juan,García
807,39043727P,Luis Rodríguez,FISICA,Luis,Rodríguez
808,86916747T,Carlos López,FISICA,Carlos,López
809,34490293E,Sofía Martínez,FISICA,Sofía,Martínez
810,64084224Z,Luis García,FISICA,Luis,García
811,27779711N,María Martínez,FISICA,María,Martínez
812,44714743Y,María González,FISICA,María,González
813,33493287C,Laura Sánchez,FISICA,Laura,Sánchez
814,61273652L,Carlos Martínez,FISICA,Carlos,Martínez
815,66973526X,Laura García,FISICA,Laura,García
816,28155364Y,Luis López,FISICA,Luis,López
817,71361091A,Miguel Rodríguez,FISICA,Miguel,Rodríguez
818,49086998F,Ana López,FISICA,Ana,López
819,62258658G,Luis Rodríguez,FISICA,Luis,Rodríguez
820,30120228A,Sofía Sánchez,FISICA,Sofía,Sánchez
821,48802019K,Ana García,FISICA,Ana,García
822,91293647T,Laura García,FISICA,Laura,García
823,40765600D,Luis López,FISICA,Luis,López
824,81481941W,Sofía Sánchez,FISICA,Sofía,Sánchez
825,29982272R,Juan Rodríguez,FISICA,Juan,Rodríguez
826,85345701S,Ana Sánchez,FISICA,Ana,Sánchez
827,86792409T,Juan González,FISICA,Juan,González
828,92003528D,Carlos Martínez,FISICA,Carlos,Martínez
829,74758270J,Ana Sánchez,FISICA,Ana,Sánchez
830,31489367K,María González,FISICA,María,González
831,81310855J,Ana López,FISICA,Ana,López
832,12917423W,Carlos García,FISICA,Carlos,García
833,40289647H,Luis González,FISICA,Luis,González
834,38485479Q,Carlos López,FISICA,Carlos,López
835,74344142T,Sofía García,FISICA,Sofía,García
836,66247467S,Laura García,FISICA,Laura,García
837,48092300J,Juan Rodríguez,FISICA,Juan,Rodríguez
838,73925493C,Miguel González,FISICA,Miguel,González
839,70340927G,Sofía González,FISICA,Sofía,González
840,76990602B,Ana García,FISICA,Ana,García
841,74222500M,Ana López,FISICA,Ana,López
842,58776965M,Sofía López,FISICA,Sofía,López
843,57555434G,María Sánchez,FISICA,María,Sánchez
844,17201936Y,Luis Rodríguez,FISICA,Luis,Rodríguez
845,17342743F,Luis López,FISICA,Luis,López
846,31820072D,María López,FISICA,María,López
847,42141333C,Carlos Rodríguez,FISICA,Carlos,Rodríguez
848,96065370M,Sofía Sánchez,FISICA,Sofía,Sánchez
849,21926788Z,Luis González,FISICA,Luis,González
850,51462102Q,Sofía López,FISICA,Sofía,López
851,86964725T,Juan González,FISICA,Juan,González
852,35232533Y,Carlos Martínez,FISICA,Carlos,Martínez
853,52840892W,Juan García,FISICA,Juan,García
854,90309088W,Laura Martínez,FISICA,Laura,Martínez
855,25663059G,Carlos Martínez,FISICA,Carlos,Martínez
856,80631022Z,Carlos López,FISICA,Carlos,López
857,82637704S,Laura López,FISICA,Laura,López
858,10343363X,Carlos Sánchez,FISICA,Carlos,Sánchez
859,89590892G,María García,FISICA,María,García
860,85376355X,María Rodríguez,FISICA,María,Rodríguez
861,43924835X,Sofía Sánchez,FISICA,Sofía,Sánchez
862,49396515J,María López,FISICA,María,López
863,82278454W,Miguel González,FISICA,Miguel,González
864,16446390X,Ana Rodríguez,FISICA,Ana,Rodríguez
865,45464536E,María Rodríguez,FISICA,María,Rodríguez
866,31101369X,Carlos López,FISICA,Carlos,López
867,16927678T,Juan Rodríguez,FISICA,Juan,Rodríguez
868,30006057G,Sofía González,FISICA,Sofía,González
869,94427450F,María Sánchez,FISICA,María,Sánchez
870,41357234Z,Sofía López,FISICA,Sofía,López
871,38403589Y,Ana García,FISICA,Ana,García
872,63724281K,Juan García,FISICA,Juan,García
873,36582973R,Juan García,FISICA,Juan,García
874,71385245F,Juan González,FISICA,Juan,González
875,60487756X,María Martínez,FISICA,María,Martínez
876,49699168D,Luis Sánchez,FISICA,Luis,Sánchez
877,43744591V,Juan García,FISICA,Juan,García
878,34469507M,Ana Martínez,FISICA,Ana,Martínez
879,95865147C,Luis Sánchez,FISICA,Luis,Sánchez
880,20012104B,Luis García,FISICA,Luis,García
881,83493546G,María García,FISICA,María,García
882,62613907H,Ana Sánchez,FISICA,Ana,Sánchez
883,10407454T,Luis González,FISICA,Luis,González
884,77457592D,Luis González,FISICA,Luis,González
885,14864236A,Luis Rodríguez,FISICA,Luis,Rodríguez
886,38671660N,Ana Sánchez,FISICA,Ana,Sánchez
887,53988058C,Juan López,FISICA,Juan,López
888,65680355Z,Miguel Sánchez,FISICA,Miguel,Sánchez
889,76014502P,Laura Rodríguez,FISICA,Laura,Rodríguez
890,18771169H,Carlos Martínez,FISICA,Carlos,Martínez
891,62678710F,María García,FISICA,María,García
892,44849993Q,Juan Sánchez,FISICA,Juan,Sánchez
893,45274637B,Juan Sánchez,FISICA,Juan,Sánchez
894,13342232R,Laura Rodríguez,FISICA,Laura,Rodríguez
895,81066424A,Sofía García,FISICA,Sofía,García
896,74928228R,Luis Martínez,FISICA,Luis,Martínez
897,38806447L,Juan Rodríguez,FISICA,Juan,Rodríguez
898,44982164Y,María López,FISICA,María,López
899,64741774V,Juan Rodríguez,FISICA,Juan,Rodríguez
900,43701427R,Sofía Sánchez,FISICA,Sofía,Sánchez
901,12476429X,Luis Martínez,FISICA,Luis,Martínez
902,51125514X,Laura García,FISICA,Laura,García
903,27529016V,Miguel López,FISICA,Miguel,López
904,46319723T,Juan López,FISICA,Juan,López
905,26395845X,Laura García,FISICA,Laura,García
906,74457487R,Carlos López,FISICA,Carlos,López
907,55664327A,Miguel Sánchez,FISICA,Miguel,Sánchez
908,62992937P,Ana Rodríguez,FISICA,Ana,Rodríguez
909,72953055E,Ana Martínez,FISICA,Ana,Martínez
910,47136303B,Miguel Rodríguez,FISICA,Miguel,Rodríguez
911,68275405C,María López,FISICA,María,López
912,62430312D,Juan González,FISICA,Juan,González
913,59227253E,Carlos González,FISICA,Carlos,González
914,19394292W,Carlos López,FISICA,Carlos,López
915,40558449L,Laura López,FISICA,Laura,López
916,72619332Y,Carlos Sánchez,FISICA,Carlos,Sánchez
917,55047330G,María Rodríguez,FISICA,María,Rodríguez
918,44557012D,Miguel Martínez,FISICA,Miguel,Martínez
919,91352619T,Laura López,FISICA,Laura,López
920,22486948D,Juan González,FISICA,Juan,González
921,43275817Y,Ana Martínez,FISICA,Ana,Martínez
922,56859916Y,Sofía López,FISICA,Sofía,López
923,95244204P,Miguel Martínez,FISICA,Miguel,Martínez
924,36890023R,Sofía Rodríguez,FISICA,Sofía,Rodríguez
925,63176635M,Laura Rodríguez,FISICA,Laura,Rodríguez
926,13282403H,Luis González,FISICA,Luis,González
927,38407634A,Sofía García,FISICA,Sofía,García
928,33502848J,Juan López,FISICA,Juan,López
929,95637988D,Miguel González,FISICA,Miguel,González
930,18001142P,Juan Sánchez,FISICA,Juan,Sánchez
931,48984848T,Laura Martínez,FISICA,Laura,Martínez
932,20662355Y,Juan González,FISICA,Juan,González
933,37915130K,Luis Rodríguez,FISICA,Luis,Rodríguez
934,84049184P,Miguel López,FISICA,Miguel,López
935,86212118E,Luis López,FISICA,Luis,López
936,28735485K,Carlos López,FISICA,Carlos,López
937,88318759R,Miguel Sánchez,FISICA,Miguel,Sánchez
938,52090384F,Carlos González,FISICA,Carlos,González
939,26308855Y,Laura López,FISICA,Laura,López
940,45500278E,Miguel Rodríguez,FISICA,Miguel,Rodríguez
941,65249012J,Ana Rodríguez,FISICA,Ana,Rodríguez
942,20058255R,Miguel López,FISICA,Miguel,López
943,78249351Q,Luis Martínez,FISICA,Luis,Martínez
944,36546212V,Sofía López,FISICA,Sofía,López
945,16039569J,María López,FISICA,María,López
946,36598742S,Ana González,FISICA,Ana,González
947,97263171N,Luis González,FISICA,Luis,González
948,23001239C,Carlos García,FISICA,Carlos,García
949,98777971D,Miguel García,FISICA,Miguel,García
950,56837062Z,Juan García,FISICA,Juan,García
951,68328810L,Miguel Rodríguez,FISICA,Miguel,Rodríguez
952,49968712Q,Carlos González,FISICA,Carlos,González
953,71404345V,Laura López,FISICA,Laura,López
954,74698489D,Juan Sánchez,FISICA,Juan,Sánchez
955,75271059V,Sofía López,FISICA,Sofía,López
956,47959227H,Miguel López,FISICA,Miguel,López
957,26915345D,Carlos Martínez,FISICA,Carlos,Martínez
958,55482883Y,Sofía González,FISICA,Sofía,González
959,10150742Z,Juan Rodríguez,FISICA,Juan,Rodríguez
960,47188537N,María García,FISICA,María,García
961,29107545X,Carlos Sánchez,FISICA,Carlos,Sánchez
962,71903103C,Luis González,FISICA,Luis,González
963,61779007H,María García,FISICA,María,García
964,91815337G,Carlos Rodríguez,FISICA,Carlos,Rodríguez
965,86812054A,Miguel García,FISICA,Miguel,García
966,21668514F,Juan López,FISICA,Juan,López
967,60766684V,Luis Rodríguez,FISICA,Luis,Rodríguez
968,17919593V,Laura Sánchez,FISICA,Laura,Sánchez
969,88762144S,Laura López,FISICA,Laura,López
970,43644690M,Ana Rodríguez,FISICA,Ana,Rodríguez
971,17808142R,Carlos González,FISICA,Carlos,González
972,94630561M,Sofía Rodríguez,FISICA,Sofía,Rodríguez
973,95393095C,Carlos Sánchez,FISICA,Carlos,Sánchez
974,20727960S,Luis López,FISICA,Luis,López
975,91828048L,María López,FISICA,María,López
976,83546785K,Laura García,FISICA,Laura,García
977,21894182E,Ana López,FISICA,Ana,López
978,12565932C,Sofía Rodríguez,FISICA,Sofía,Rodríguez
979,45520635R,Miguel González,FISICA,Miguel,González
980,90641297E,Sofía Rodríguez,FISICA,Sofía,Rodríguez
981,85588677L,Juan Sánchez,FISICA,Juan,Sánchez
982,97863096M,Carlos López,FISICA,Carlos,López
983,76565561X,Ana López,FISICA,Ana,López
984,13266240R,Luis Rodríguez,FISICA,Luis,Rodríguez
985,22379337S,Luis González,FISICA,Luis,González
986,12036841K,Ana Rodríguez,FISICA,Ana,Rodríguez
987,69051421Q,Ana Rodríguez,FISICA,Ana,Rodríguez
988,37702123V,Sofía Sánchez,FISICA,Sofía,Sánchez
989,85800202J,Miguel González,FISICA,Miguel,González
990,82523242R,Luis Rodríguez,FISICA,Luis,Rodríguez
991,14120793N,Carlos Martínez,FISICA,Carlos,Martínez
992,67887997R,María García,FISICA,María,García
993,34514804S,Juan Martínez,FISICA,Juan,Martínez
994,50129340N,María González,FISICA,María,González
995,29311197C,Ana López,FISICA,Ana,López
996,72520964D,Carlos López,FISICA,Carlos,López
997,80010161S,María González,FISICA,María,González
998,86075487B,Juan García,FISICA,Juan,García
999,87326070S,Ana Sánchez,FISICA,Ana,Sánchez
1000,97010529W,Laura García,FISICA,Laura,García
