id,matricula,marca,modelo,anio_small,Nombre,Apellido
1,7741WFB,Toyota,Modelo,2009,Jan,Pereira
2,7600ZSH,Renault,Modelo,2011,Jan,Pereira
3,9518RJX,Renault,Modelo,2013,Jan,Pereira
4,9863WRN,Seat,Modelo,2012,Jan,Pereira
5,7584XYP,Ford,Modelo,2011,Jan,Pereira
6,7868FNC,Ford,Modelo,2011,Jan,Pereira
7,7923HYL,Volkswagen,Modelo,2013,Jan,Pereira
8,3807PKS,Toyota,Modelo,2009,Jan,Pereira
9,3937BLW,Ford,Modelo,2014,Jan,Pereira
10,4195FRW,Seat,Modelo,2011,Jan,Pereira
11,2866CRP,Toyota,Modelo,2014,Jan,Pereira
12,8179NXJ,Renault,Modelo,2013,Jan,Pereira
13,6530XJZ,Seat,Modelo,2010,Jan,Pereira
14,4325TDC,Volkswagen,Modelo,2010,Jan,Pereira
15,8707LZD,Renault,Modelo,2010,Jan,Pereira
16,3797GHR,Seat,Modelo,2014,Jan,Pereira
17,9159TPF,Renault,Modelo,2008,Jan,Pereira
18,8441KNL,Renault,Modelo,2013,Jan,Pereira
19,7572PFD,Volkswagen,Modelo,2013,Jan,Pereira
20,3713GVY,Volkswagen,Modelo,2010,Jan,Pereira
21,9362TYH,Seat,Modelo,2011,Jan,Pereira
22,7762TZV,Ford,Modelo,2014,Jan,Pereira
23,8000GJR,Volkswagen,Modelo,2008,Jan,Pereira
24,1997CNV,Ford,Modelo,2009,Jan,Pereira
25,6512JCP,Ford,Modelo,2014,Jan,Pereira
26,5490SSW,Ford,Modelo,2009,Jan,Pereira
27,5936PPZ,Seat,Modelo,2013,Jan,Pereira
28,2441PMB,Volkswagen,Modelo,2012,Jan,Pereira
29,7044GCY,Seat,Modelo,2013,Jan,Pereira
30,2255LKF,Renault,Modelo,2008,Jan,Pereira
31,5597SGT,Seat,Modelo,2010,Jan,Pereira
32,4009VMC,Renault,Modelo,2009,Jan,Pereira
33,7930KPR,Volkswagen,Modelo,2012,Jan,Pereira
34,8986KNP,Volkswagen,Modelo,2013,Jan,Pereira
35,4468XNJ,Toyota,Modelo,2012,Jan,Pereira
36,1224ZYX,Volkswagen,Modelo,2014,Jan,Pereira
37,7015YZR,Ford,Modelo,2008,Jan,Pereira
38,7413DVM,Volkswagen,Modelo,2011,Jan,Pereira
39,8830RZR,Volkswagen,Modelo,2008,Jan,Pereira
40,9819HPV,Renault,Modelo,2009,Jan,Pereira
41,1843PGP,Renault,Modelo,2008,Jan,Pereira
42,9100GRD,Toyota,Modelo,2009,Jan,Pereira
43,9421TSL,Toyota,Modelo,2009,Jan,Pereira
44,2971VVS,Toyota,Modelo,2010,Jan,Pereira
45,6581GLV,Volkswagen,Modelo,2012,Jan,Pereira
46,1392WZW,Volkswagen,Modelo,2013,Jan,Pereira
47,5732GNP,Toyota,Modelo,2009,Jan,Pereira
48,5015JSN,Renault,Modelo,2013,Jan,Pereira
49,6038TDM,Seat,Modelo,2013,Jan,Pereira
50,7015SGL,Ford,Modelo,2008,Jan,Pereira
51,9752NCG,Volkswagen,Modelo,2011,Jan,Pereira
52,9558WDN,Volkswagen,Modelo,2011,Jan,Pereira
53,9503MKF,Toyota,Modelo,2013,Jan,Pereira
54,1242ZDV,Ford,Modelo,2008,Jan,Pereira
55,8399KFC,Renault,Modelo,2013,Jan,Pereira
56,1105VFM,Toyota,Modelo,2013,Jan,Pereira
57,9146YWL,Renault,Modelo,2010,Jan,Pereira
58,1611RRK,Toyota,Modelo,2013,Jan,Pereira
59,8773ZPK,Seat,Modelo,2009,Jan,Pereira
60,2827TDW,Toyota,Modelo,2011,Jan,Pereira
61,3795RFH,Renault,Modelo,2011,Jan,Pereira
62,7858BYK,Seat,Modelo,2012,Jan,Pereira
63,9533CBP,Toyota,Modelo,2014,Jan,Pereira
64,8570KFZ,Volkswagen,Modelo,2010,Jan,Pereira
65,7671PNC,Toyota,Modelo,2009,Jan,Pereira
66,1284JLS,Renault,Modelo,2013,Jan,Pereira
67,6072WMB,Ford,Modelo,2011,Jan,Pereira
68,2103YVB,Ford,Modelo,2014,Jan,Pereira
69,1685WHS,Ford,Modelo,2013,Jan,Pereira
70,5413VVG,Seat,Modelo,2012,Jan,Pereira
71,9927LLW,Renault,Modelo,2009,Jan,Pereira
72,2132GYF,Ford,Modelo,2011,Jan,Pereira
73,2315KVR,Volkswagen,Modelo,2009,Jan,Pereira
74,8345TJX,Volkswagen,Modelo,2009,Jan,Pereira
75,5024MNB,Ford,Modelo,2011,Jan,Pereira
76,5412VPH,Seat,Modelo,2011,Jan,Pereira
77,3245LHY,Toyota,Modelo,2013,Jan,Pereira
78,5239GFS,Volkswagen,Modelo,2012,Jan,Pereira
79,8019GGY,Renault,Modelo,2012,Jan,Pereira
80,1289LCW,Ford,Modelo,2013,Jan,Pereira
81,8610LGD,Ford,Modelo,2008,Jan,Pereira
82,8656DZH,Seat,Modelo,2014,Jan,Pereira
83,5351MRJ,Ford,Modelo,2010,Jan,Pereira
84,3982GKK,Seat,Modelo,2014,Jan,Pereira
85,1358NXC,Toyota,Modelo,2010,Jan,Pereira
86,6581HJL,Ford,Modelo,2014,Jan,Pereira
87,8218HXP,Toyota,Modelo,2008,Jan,Pereira
88,5556KCG,Toyota,Modelo,2011,Jan,Pereira
89,5843SPD,Seat,Modelo,2012,Jan,Pereira
90,8752CHD,Ford,Modelo,2012,Jan,Pereira
91,1314JLT,Toyota,Modelo,2012,Jan,Pereira
92,9379YPN,Volkswagen,Modelo,2013,Jan,Pereira
93,3725RXS,Ford,Modelo,2014,Jan,Pereira
94,1783DLY,Volkswagen,Modelo,2010,Jan,Pereira
95,3877ZHX,Toyota,Modelo,2012,Jan,Pereira
96,3352ZNH,Seat,Modelo,2013,Jan,Pereira
97,3751VLV,Seat,Modelo,2014,Jan,Pereira
98,2112PMR,Ford,Modelo,2011,Jan,Pereira
99,1090MDH,Volkswagen,Modelo,2014,Jan,Pereira
100,8407DSB,Toyota,Modelo,2013,Jan,Pereira
101,2189TBT,Renault,Modelo,2020,Juan José,Pereira
102,7813KDM,Seat,Modelo,2022,Juan José,Pereira
103,5941VDL,Volkswagen,Modelo,2021,Juan José,Pereira
104,1522CHR,Renault,Modelo,2021,Juan José,Pereira
105,3682DFG,Toyota,Modelo,2021,Juan José,Pereira
106,6789JXB,Volkswagen,Modelo,2021,Juan José,Pereira
107,6110FGF,Renault,Modelo,2022,Juan José,Pereira
108,5899VNJ,Volkswagen,Modelo,2022,Juan José,Pereira
109,7503HFH,Seat,Modelo,2020,Juan José,Pereira
110,9940XZT,Renault,Modelo,2022,Juan José,Pereira
111,3997GVG,Volkswagen,Modelo,2022,Juan José,Pereira
112,9751RVS,Ford,Modelo,2024,Juan José,Pereira
113,7967CLS,Volkswagen,Modelo,2022,Juan José,Pereira
114,8168ZKW,Renault,Modelo,2022,Juan José,Pereira
115,6561GXC,Renault,Modelo,2021,Juan José,Pereira
116,1214MXS,Volkswagen,Modelo,2024,Juan José,Pereira
117,7937HVG,Renault,Modelo,2024,Juan José,Pereira
118,7986XZH,Seat,Modelo,2023,Juan José,Pereira
119,1865SSV,Volkswagen,Modelo,2022,Juan José,Pereira
120,8728YGM,Volkswagen,Modelo,2023,Juan José,Pereira
121,3986PMB,Toyota,Modelo,2023,Juan José,Pereira
122,1607KSC,Volkswagen,Modelo,2024,Juan José,Pereira
123,5110DMV,Seat,Modelo,2023,Juan José,Pereira
124,8891TND,Renault,Modelo,2024,Juan José,Pereira
125,8816TSD,Seat,Modelo,2022,Juan José,Pereira
126,8303BRV,Seat,Modelo,2023,Juan José,Pereira
127,8808YKS,Seat,Modelo,2023,Juan José,Pereira
128,3795CMZ,Renault,Modelo,2020,Juan José,Pereira
129,2845VHK,Renault,Modelo,2020,Juan José,Pereira
130,2509LFX,Ford,Modelo,2020,Juan José,Pereira
131,7673TTK,Seat,Modelo,2023,Juan José,Pereira
132,3108HZM,Toyota,Modelo,2024,Juan José,Pereira
133,4120MMW,Seat,Modelo,2021,Juan José,Pereira
134,7352BGY,Renault,Modelo,2024,Juan José,Pereira
135,1077ZFX,Ford,Modelo,2023,Juan José,Pereira
136,1718KXT,Volkswagen,Modelo,2023,Juan José,Pereira
137,2425CJS,Seat,Modelo,2022,Juan José,Pereira
138,5060RKS,Seat,Modelo,2020,Juan José,Pereira
139,3776CMR,Seat,Modelo,2024,Juan José,Pereira
140,3043JFH,Renault,Modelo,2023,Juan José,Pereira
141,2734DWC,Toyota,Modelo,2023,Juan José,Pereira
142,8850ZBW,Seat,Modelo,2022,Juan José,Pereira
143,6604KGT,Volkswagen,Modelo,2024,Juan José,Pereira
144,7002JPH,Ford,Modelo,2024,Juan José,Pereira
145,2183DGS,Toyota,Modelo,2023,Juan José,Pereira
146,9275RML,Toyota,Modelo,2024,Juan José,Pereira
147,7183MDN,Volkswagen,Modelo,2020,Juan José,Pereira
148,2067RXY,Renault,Modelo,2020,Juan José,Pereira
149,3643DFM,Seat,Modelo,2023,Juan José,Pereira
150,9638LXH,Toyota,Modelo,2020,Juan José,Pereira
151,9317ZKX,Seat,Modelo,2021,Antonio,Pereira
152,1279FFP,Seat,Modelo,2022,Antonio,Pereira
153,9830ZGW,Volkswagen,Modelo,2022,Antonio,Pereira
154,3898WJN,Ford,Modelo,2023,Antonio,Pereira
155,3772TRT,Toyota,Modelo,2021,Antonio,Pereira
156,6102XWJ,Ford,Modelo,2021,Antonio,Pereira
157,5258YXX,Renault,Modelo,2022,Antonio,Pereira
158,2471LLS,Volkswagen,Modelo,2024,Antonio,Pereira
159,5816SXB,Ford,Modelo,2023,Antonio,Pereira
160,5113RXY,Ford,Modelo,2023,Antonio,Pereira
161,2015MDY,Volkswagen,Modelo,2021,Antonio,Pereira
162,9998CWB,Renault,Modelo,2024,Antonio,Pereira
163,8798MZC,Volkswagen,Modelo,2023,Antonio,Pereira
164,4298XJW,Renault,Modelo,2023,Antonio,Pereira
165,9914TWY,Toyota,Modelo,2024,Antonio,Pereira
166,7969VVW,Volkswagen,Modelo,2022,Antonio,Pereira
167,6471MGJ,Renault,Modelo,2024,Antonio,Pereira
168,1409LJS,Toyota,Modelo,2020,Antonio,Pereira
169,4866DLD,Ford,Modelo,2024,Antonio,Pereira
170,5016PMM,Renault,Modelo,2020,Antonio,Pereira
171,9338TSW,Renault,Modelo,2021,Antonio,Pereira
172,1360CRX,Volkswagen,Modelo,2021,Antonio,Pereira
173,1849BHF,Ford,Modelo,2024,Antonio,Pereira
174,7243CHG,Volkswagen,Modelo,2021,Antonio,Pereira
175,6715SFD,Ford,Modelo,2023,Antonio,Pereira
176,7090XHR,Renault,Modelo,2023,Antonio,Pereira
177,8411PMZ,Renault,Modelo,2021,Antonio,Pereira
178,9367RMZ,Toyota,Modelo,2021,Antonio,Pereira
179,4655CPG,Ford,Modelo,2024,Antonio,Pereira
180,4877WHN,Seat,Modelo,2024,Antonio,Pereira
181,2074RSM,Toyota,Modelo,2024,Antonio,Pereira
182,2224BKW,Ford,Modelo,2020,Antonio,Pereira
183,2853BXZ,Renault,Modelo,2024,Antonio,Pereira
184,1286JWT,Volkswagen,Modelo,2022,Antonio,Pereira
185,5912FPV,Volkswagen,Modelo,2021,Antonio,Pereira
186,9416XDH,Toyota,Modelo,2021,Antonio,Pereira
187,6533JJG,Renault,Modelo,2020,Antonio,Pereira
188,4706SHB,Volkswagen,Modelo,2022,Antonio,Pereira
189,6582JMM,Seat,Modelo,2024,Antonio,Pereira
190,8923PFM,Volkswagen,Modelo,2023,Antonio,Pereira
191,2682NFT,Renault,Modelo,2021,Antonio,Pereira
192,2875PHT,Ford,Modelo,2020,Antonio,Pereira
193,9778PJS,Seat,Modelo,2024,Antonio,Pereira
194,1320RMB,Toyota,Modelo,2021,Antonio,Pereira
195,1803MMJ,Seat,Modelo,2024,Antonio,Pereira
196,8070MYR,Seat,Modelo,2022,Antonio,Pereira
197,8236BHW,Ford,Modelo,2021,Antonio,Pereira
198,4826LJN,Seat,Modelo,2023,Antonio,Pereira
199,2440GVS,Renault,Modelo,2022,Antonio,Pereira
200,2262PRZ,Toyota,Modelo,2023,Antonio,Pereira
201,9508SPL,Volkswagen,Modelo,2021,Laura,Martínez
202,1763FGP,Seat,Modelo,2022,Miguel,Martínez
203,2967BHL,Renault,Modelo,2023,Sofía,García
204,9986RHL,Ford,Modelo,2018,Carlos,Sánchez
205,4741KDK,Ford,Modelo,2018,Ana,Sánchez
206,9290STM,Ford,Modelo,2018,María,López
207,7924PTY,Renault,Modelo,2021,Sofía,Rodríguez
208,5340LYT,Volkswagen,Modelo,2022,Juan,González
209,5654FCH,Seat,Modelo,2021,Ana,Martínez
210,4331TXT,Seat,Modelo,2020,Laura,García
211,4946KYH,Renault,Modelo,2023,Juan,González
212,6392CXZ,Volkswagen,Modelo,2018,María,Sánchez
213,5327YLN,Seat,Modelo,2015,Sofía,Martínez
214,2072LSG,Toyota,Modelo,2019,María,García
215,4481JLS,Volkswagen,Modelo,2020,Sofía,García
216,6266VGD,Volkswagen,Modelo,2020,Sofía,Rodríguez
217,3355GNR,Toyota,Modelo,2017,Carlos,Rodríguez
218,2886JRL,Seat,Modelo,2021,María,García
219,1678SWW,Volkswagen,Modelo,2019,Juan,Martínez
220,6266JDR,Seat,Modelo,2020,Sofía,Sánchez
221,5719DFC,Seat,Modelo,2017,Luis,Sánchez
222,5587XYN,Toyota,Modelo,2020,Ana,López
223,1754YZW,Ford,Modelo,2023,Miguel,Sánchez
224,6661PVZ,Toyota,Modelo,2018,Juan,Rodríguez
225,7462GPN,Ford,Modelo,2016,María,López
226,9858PYK,Renault,Modelo,2020,Luis,Rodríguez
227,8328WLZ,Volkswagen,Modelo,2022,Juan,Rodríguez
228,2068CBV,Renault,Modelo,2017,María,Martínez
229,8593MVP,Renault,Modelo,2018,Ana,García
230,7994ZYZ,Renault,Modelo,2021,Carlos,López
231,2569LDR,Ford,Modelo,2016,María,González
232,3609TFW,Toyota,Modelo,2021,Laura,Martínez
233,2390BSL,Seat,Modelo,2016,Luis,Rodríguez
234,5021VGF,Volkswagen,Modelo,2023,Juan,Martínez
235,7625ZBY,Ford,Modelo,2017,Ana,Rodríguez
236,7547KBH,Renault,Modelo,2015,Miguel,Rodríguez
237,4230JSB,Renault,Modelo,2023,Laura,Martínez
238,7415CFH,Toyota,Modelo,2019,Juan,Sánchez
239,4068CVF,Ford,Modelo,2016,Laura,Sánchez
240,5917XWY,Volkswagen,Modelo,2015,Juan,Rodríguez
241,5204JKD,Toyota,Modelo,2015,Ana,López
242,7077TGY,Toyota,Modelo,2018,Luis,Sánchez
243,9225WVR,Renault,Modelo,2021,Miguel,Rodríguez
244,6620WDX,Renault,Modelo,2017,Miguel,Sánchez
245,8917DVS,Ford,Modelo,2018,Ana,López
246,2195CYX,Ford,Modelo,2017,Ana,Rodríguez
247,4400SYY,Renault,Modelo,2021,Laura,Sánchez
248,6610MMR,Toyota,Modelo,2020,Miguel,García
249,8763NSW,Ford,Modelo,2016,Miguel,Sánchez
250,3473VJN,Toyota,Modelo,2017,Sofía,González
251,3722HKF,Ford,Modelo,2019,Juan,Martínez
252,8092XYV,Renault,Modelo,2020,Ana,Martínez
253,3421TZD,Ford,Modelo,2015,Luis,García
254,9683WXX,Toyota,Modelo,2016,Carlos,Rodríguez
255,1971PCT,Toyota,Modelo,2023,Luis,López
256,2748HGY,Renault,Modelo,2022,Laura,Sánchez
257,2051VKN,Ford,Modelo,2017,María,Sánchez
258,6356YSB,Ford,Modelo,2018,Miguel,González
259,6111NCM,Renault,Modelo,2021,Luis,Sánchez
260,7106ZCY,Seat,Modelo,2018,María,Sánchez
261,4132DNY,Seat,Modelo,2015,Miguel,López
262,3566FJB,Toyota,Modelo,2018,María,López
263,4403HPS,Volkswagen,Modelo,2019,Luis,Rodríguez
264,5373ZDW,Renault,Modelo,2015,Laura,González
265,9804NPZ,Ford,Modelo,2019,Sofía,García
266,1147GKH,Ford,Modelo,2016,Ana,Sánchez
267,8531KXZ,Volkswagen,Modelo,2021,Juan,García
268,8796TPY,Seat,Modelo,2022,Luis,López
269,4844LKP,Volkswagen,Modelo,2017,María,López
270,5652FNC,Renault,Modelo,2019,Sofía,Martínez
271,1324VVV,Volkswagen,Modelo,2019,Luis,López
272,1097LHZ,Ford,Modelo,2017,Laura,González
273,2447MSX,Seat,Modelo,2018,Ana,Sánchez
274,2884TFP,Ford,Modelo,2017,Juan,García
275,4316GSH,Seat,Modelo,2015,Juan,López
276,1597DFL,Seat,Modelo,2016,Sofía,García
277,5013VFL,Seat,Modelo,2018,Laura,Sánchez
278,4829PXL,Toyota,Modelo,2022,Laura,Sánchez
279,6108NBP,Seat,Modelo,2018,Juan,García
280,6607YPK,Ford,Modelo,2020,Miguel,Martínez
281,1484VVJ,Volkswagen,Modelo,2019,Luis,Sánchez
282,7608CML,Ford,Modelo,2017,Sofía,González
283,5546WGP,Ford,Modelo,2017,Laura,Martínez
284,4522GRC,Seat,Modelo,2015,Carlos,García
285,6932TSJ,Renault,Modelo,2023,Luis,Rodríguez
286,4939LPF,Renault,Modelo,2022,Miguel,Rodríguez
287,5306RFD,Volkswagen,Modelo,2016,Juan,Rodríguez
288,1725TVY,Volkswagen,Modelo,2019,Miguel,López
289,4763VRP,Toyota,Modelo,2018,Carlos,Martínez
290,4445KXV,Toyota,Modelo,2023,Laura,López
291,5649CSS,Seat,Modelo,2015,María,Sánchez
292,5460MFH,Renault,Modelo,2020,Carlos,Martínez
293,3662HLM,Ford,Modelo,2023,Ana,López
294,3447JBX,Renault,Modelo,2017,María,García
295,1983PZC,Seat,Modelo,2015,Laura,López
296,6576YSX,Renault,Modelo,2022,Miguel,González
297,6792XBR,Ford,Modelo,2023,Carlos,Martínez
298,6696VBG,Toyota,Modelo,2016,Sofía,Sánchez
299,3562YBS,Seat,Modelo,2022,Sofía,García
300,3574GRY,Renault,Modelo,2019,Carlos,Rodríguez
301,7951PSL,Seat,Modelo,2016,Carlos,Martínez
302,2128RFJ,Volkswagen,Modelo,2016,Laura,García
303,2868FVW,Renault,Modelo,2019,Ana,García
304,9276FJB,Volkswagen,Modelo,2018,Ana,Rodríguez
305,7896KFC,Seat,Modelo,2021,Laura,González
306,6234KXN,Seat,Modelo,2017,Juan,González
307,7597CGY,Seat,Modelo,2017,María,Martínez
308,3323THV,Toyota,Modelo,2020,Miguel,López
309,8294ZCP,Toyota,Modelo,2016,Miguel,González
310,8960JLW,Seat,Modelo,2016,María,García
311,3303NFC,Toyota,Modelo,2018,María,Sánchez
312,5087YTV,Volkswagen,Modelo,2019,Luis,López
313,5655THN,Ford,Modelo,2015,Luis,Martínez
314,8052BMX,Volkswagen,Modelo,2015,Laura,Sánchez
315,1592HKR,Ford,Modelo,2022,Miguel,Sánchez
316,8268FVP,Toyota,Modelo,2016,María,López
317,2973HFV,Volkswagen,Modelo,2019,Laura,García
318,8442DKW,Volkswagen,Modelo,2015,Carlos,García
319,2311ZJX,Toyota,Modelo,2023,Juan,Martínez
320,4644HRZ,Renault,Modelo,2020,Juan,Martínez
321,7427VDY,Ford,Modelo,2022,Luis,Sánchez
322,8302JJJ,Ford,Modelo,2016,Ana,Martínez
323,8075NFL,Volkswagen,Modelo,2017,Ana,Martínez
324,3952BVP,Volkswagen,Modelo,2021,Carlos,García
325,2285PCC,Toyota,Modelo,2017,Laura,González
326,9187NPD,Ford,Modelo,2019,Juan,López
327,9229ZMZ,Seat,Modelo,2017,Miguel,González
328,3305PKZ,Ford,Modelo,2020,Juan,García
329,5409VFM,Volkswagen,Modelo,2017,Luis,Rodríguez
330,3072FGP,Ford,Modelo,2017,Juan,González
331,1474CDV,Seat,Modelo,2019,Juan,Martínez
332,6484FLZ,Volkswagen,Modelo,2015,Miguel,González
333,5820SDB,Toyota,Modelo,2021,Luis,Sánchez
334,2999VWD,Ford,Modelo,2020,Miguel,González
335,1794ZLM,Volkswagen,Modelo,2016,María,López
336,5941WGC,Volkswagen,Modelo,2019,María,Rodríguez
337,7648CZM,Renault,Modelo,2018,Luis,Rodríguez
338,3537JVN,Seat,Modelo,2021,Miguel,Martínez
339,9111PZY,Volkswagen,Modelo,2021,Luis,Sánchez
340,5536HNK,Toyota,Modelo,2015,Laura,Martínez
341,7882JHD,Seat,Modelo,2019,Ana,Rodríguez
342,2385YRJ,Toyota,Modelo,2021,María,García
343,6537HWY,Toyota,Modelo,2016,Luis,Rodríguez
344,7098XCB,Toyota,Modelo,2019,Juan,Sánchez
345,6402RVT,Volkswagen,Modelo,2021,Ana,Rodríguez
346,9587DNF,Seat,Modelo,2015,Miguel,González
347,2722JBP,Renault,Modelo,2020,Miguel,Martínez
348,9256YGW,Toyota,Modelo,2023,Ana,Sánchez
349,8364DRP,Toyota,Modelo,2023,Luis,López
350,9591VTS,Volkswagen,Modelo,2023,Sofía,López
351,7627ZVV,Volkswagen,Modelo,2016,María,Rodríguez
352,3902MJD,Seat,Modelo,2015,Luis,González
353,4801NRD,Ford,Modelo,2019,Juan,López
354,1674VSJ,Seat,Modelo,2020,María,García
355,1387ZWN,Toyota,Modelo,2022,Sofía,González
356,2294FCS,Renault,Modelo,2018,Juan,Martínez
357,6045RFH,Seat,Modelo,2016,Laura,Rodríguez
358,5756HBD,Volkswagen,Modelo,2017,Carlos,Martínez
359,6408YMF,Seat,Modelo,2016,Luis,Martínez
360,1571VVK,Toyota,Modelo,2018,María,Sánchez
361,2539DMX,Renault,Modelo,2019,Carlos,Sánchez
362,6020CFS,Seat,Modelo,2016,Juan,García
363,1116LBH,Volkswagen,Modelo,2020,Luis,Sánchez
364,5620WTV,Ford,Modelo,2016,Carlos,Rodríguez
365,9231XHN,Seat,Modelo,2017,Luis,García
366,6808FZC,Ford,Modelo,2022,Sofía,Sánchez
367,3547VZC,Renault,Modelo,2020,Luis,García
368,8579VHY,Ford,Modelo,2022,Luis,Rodríguez
369,7541VMJ,Volkswagen,Modelo,2018,María,Rodríguez
370,5790NCN,Renault,Modelo,2022,Miguel,Martínez
371,9914TMC,Renault,Modelo,2016,Ana,López
372,5085CVY,Volkswagen,Modelo,2021,Sofía,López
373,7534FLV,Ford,Modelo,2017,Juan,Sánchez
374,2937YBB,Volkswagen,Modelo,2021,Miguel,López
375,2390FKM,Seat,Modelo,2021,Carlos,Rodríguez
376,7738XWB,Toyota,Modelo,2018,Juan,Sánchez
377,9377TNR,Toyota,Modelo,2023,María,Rodríguez
378,2617ZPZ,Renault,Modelo,2021,Luis,López
379,3698ZKN,Seat,Modelo,2016,María,Rodríguez
380,7423YLB,Renault,Modelo,2021,Miguel,González
381,2766RHK,Ford,Modelo,2019,Luis,García
382,5820KTK,Seat,Modelo,2016,Luis,Martínez
383,1198TVD,Toyota,Modelo,2022,Sofía,Rodríguez
384,5087FVK,Seat,Modelo,2022,María,Sánchez
385,4943LCJ,Volkswagen,Modelo,2023,Juan,Martínez
386,5666JJF,Ford,Modelo,2020,María,Martínez
387,1580SWP,Volkswagen,Modelo,2016,Sofía,González
388,1183FVT,Volkswagen,Modelo,2019,Luis,Sánchez
389,1603FGY,Volkswagen,Modelo,2023,Sofía,González
390,9407RRV,Renault,Modelo,2021,Sofía,Sánchez
391,4060NLP,Seat,Modelo,2015,Laura,Sánchez
392,7909BRJ,Toyota,Modelo,2015,Ana,Martínez
393,1869NXM,Volkswagen,Modelo,2016,Laura,Sánchez
394,4431CTS,Ford,Modelo,2023,Laura,Martínez
395,7501CNC,Renault,Modelo,2018,Carlos,García
396,8415JGF,Renault,Modelo,2023,Sofía,Rodríguez
397,5925VVF,Ford,Modelo,2015,Ana,Sánchez
398,4799VYY,Toyota,Modelo,2017,Luis,López
399,7950NSM,Seat,Modelo,2019,Carlos,González
400,2451WWK,Volkswagen,Modelo,2017,Carlos,López
401,9922TSX,Ford,Modelo,2016,Luis,García
402,7658RTC,Toyota,Modelo,2023,Juan,García
403,5512CRF,Renault,Modelo,2019,Juan,González
404,5379XZD,Renault,Modelo,2020,Carlos,Martínez
405,9915GTH,Seat,Modelo,2015,María,Sánchez
406,5233LYX,Toyota,Modelo,2015,Sofía,Rodríguez
407,1083MZL,Toyota,Modelo,2022,Ana,López
408,7345VVT,Renault,Modelo,2016,Luis,González
409,4352BJR,Renault,Modelo,2016,Ana,Martínez
410,4419PYC,Toyota,Modelo,2019,Luis,Martínez
411,3878SHX,Toyota,Modelo,2022,Carlos,Sánchez
412,4869ZPC,Toyota,Modelo,2015,Sofía,Rodríguez
413,1732KBS,Toyota,Modelo,2016,Luis,García
414,9637PDP,Volkswagen,Modelo,2017,Luis,Sánchez
415,9083KZR,Volkswagen,Modelo,2015,Laura,López
416,2639FJN,Ford,Modelo,2016,Laura,González
417,8699HHK,Ford,Modelo,2021,Sofía,López
418,7637XZV,Seat,Modelo,2021,Carlos,Rodríguez
419,5360XZT,Renault,Modelo,2016,Juan,Rodríguez
420,3963CFZ,Volkswagen,Modelo,2019,Luis,Sánchez
421,5469BZS,Volkswagen,Modelo,2020,Sofía,López
422,4951GLF,Ford,Modelo,2017,Juan,Sánchez
423,6054BSC,Seat,Modelo,2015,Juan,Rodríguez
424,1804NCL,Ford,Modelo,2023,Carlos,García
425,5896HST,Seat,Modelo,2022,María,García
426,6966VWG,Seat,Modelo,2017,Carlos,Martínez
427,3144HNM,Ford,Modelo,2015,Juan,Martínez
428,5576GXM,Renault,Modelo,2022,Juan,González
429,6614YKX,Toyota,Modelo,2019,Sofía,López
430,1622FPK,Ford,Modelo,2015,Carlos,García
431,5187BDB,Toyota,Modelo,2019,Laura,García
432,4522NXY,Toyota,Modelo,2017,Luis,Rodríguez
433,9983NMN,Renault,Modelo,2021,Ana,Martínez
434,9803BLM,Seat,Modelo,2017,Ana,López
435,9507DMM,Toyota,Modelo,2023,Ana,García
436,3241TVD,Renault,Modelo,2023,Juan,García
437,3014RFV,Toyota,Modelo,2018,Carlos,González
438,6934ZNG,Renault,Modelo,2020,Sofía,García
439,1355XMJ,Toyota,Modelo,2019,Luis,González
440,2872NDY,Ford,Modelo,2020,Ana,Sánchez
441,4982SCT,Volkswagen,Modelo,2018,María,González
442,1995VYN,Seat,Modelo,2016,Miguel,González
443,5139GNZ,Renault,Modelo,2021,María,López
444,7009LZP,Toyota,Modelo,2017,Carlos,Sánchez
445,7728XNZ,Seat,Modelo,2021,Luis,López
446,6245GCT,Volkswagen,Modelo,2015,Luis,García
447,8755ZJN,Volkswagen,Modelo,2015,Laura,López
448,7162PDV,Ford,Modelo,2018,Luis,López
449,8410ZGC,Volkswagen,Modelo,2016,Carlos,Martínez
450,4998XYN,Volkswagen,Modelo,2020,Ana,López
451,8698JWL,Volkswagen,Modelo,2021,Ana,Rodríguez
452,2514JRZ,Renault,Modelo,2015,Laura,López
453,6859LYH,Ford,Modelo,2018,Laura,González
454,7047NPZ,Renault,Modelo,2017,Laura,Sánchez
455,3721JFF,Renault,Modelo,2019,María,Rodríguez
456,1388ZGD,Ford,Modelo,2022,Luis,García
457,5116KNW,Renault,Modelo,2015,Juan,Rodríguez
458,8229DVG,Renault,Modelo,2017,Carlos,Rodríguez
459,9962VZY,Volkswagen,Modelo,2020,María,Sánchez
460,2464VJG,Renault,Modelo,2016,Carlos,Sánchez
461,9030JYW,Renault,Modelo,2019,Luis,López
462,9810PTS,Renault,Modelo,2017,María,García
463,3492RTL,Seat,Modelo,2020,Ana,Rodríguez
464,7661RCB,Renault,Modelo,2021,Laura,Rodríguez
465,4468VYG,Toyota,Modelo,2015,María,Martínez
466,7210BDR,Volkswagen,Modelo,2019,Ana,Sánchez
467,6767FMX,Seat,Modelo,2021,Carlos,Sánchez
468,2771GPH,Renault,Modelo,2020,Sofía,González
469,7949MSZ,Seat,Modelo,2020,Miguel,García
470,3416BTZ,Seat,Modelo,2018,María,Rodríguez
471,8064XPM,Seat,Modelo,2015,María,Martínez
472,8556DNF,Renault,Modelo,2016,Laura,González
473,6557HJK,Seat,Modelo,2017,Juan,Martínez
474,4264XJN,Seat,Modelo,2019,Juan,López
475,1204XMJ,Volkswagen,Modelo,2015,Sofía,López
476,9279TXF,Ford,Modelo,2020,Carlos,Rodríguez
477,7073RFN,Volkswagen,Modelo,2019,Sofía,López
478,3120GYN,Ford,Modelo,2017,Laura,Sánchez
479,5976JKN,Volkswagen,Modelo,2019,María,Martínez
480,3102CFW,Renault,Modelo,2019,Miguel,García
481,6840MZH,Renault,Modelo,2022,Juan,Martínez
482,7553LYC,Ford,Modelo,2018,Miguel,Sánchez
483,9716MTX,Toyota,Modelo,2016,Luis,Martínez
484,3141GHH,Renault,Modelo,2023,Sofía,González
485,3372BNZ,Seat,Modelo,2019,Luis,Martínez
486,5308BTZ,Ford,Modelo,2015,María,López
487,4283WJX,Renault,Modelo,2015,Sofía,López
488,5872DVZ,Volkswagen,Modelo,2023,Ana,Martínez
489,6651VKS,Volkswagen,Modelo,2021,Sofía,Rodríguez
490,8525DFD,Toyota,Modelo,2018,Luis,Martínez
491,8070VGJ,Ford,Modelo,2019,Luis,García
492,9500JZY,Volkswagen,Modelo,2021,Miguel,Sánchez
493,2648WKP,Volkswagen,Modelo,2020,Miguel,Martínez
494,7274THY,Seat,Modelo,2016,Juan,López
495,5800LRC,Ford,Modelo,2021,Carlos,Rodríguez
496,2995KRH,Ford,Modelo,2017,Luis,Rodríguez
497,4918KBV,Ford,Modelo,2017,María,Rodríguez
498,5402PXM,Seat,Modelo,2019,María,Martínez
499,8690XBN,Volkswagen,Modelo,2022,Ana,González
500,2917PVG,Volkswagen,Modelo,2019,Sofía,Martínez
501,3774ZBM,Ford,Modelo,2021,Ana,Rodríguez
502,7391ZNC,Ford,Modelo,2019,Ana,Martínez
503,8435MPV,Renault,Modelo,2020,Laura,López
504,3900WGK,Volkswagen,Modelo,2023,Sofía,López
505,9624RMW,Ford,Modelo,2020,María,García
506,4293XSS,Ford,Modelo,2019,Luis,Rodríguez
507,1870ZWJ,Volkswagen,Modelo,2019,Juan,González
508,5099SZZ,Seat,Modelo,2023,María,García
509,6100WBP,Seat,Modelo,2018,María,González
510,7011RKH,Seat,Modelo,2022,Luis,González
511,2278PZJ,Renault,Modelo,2021,Juan,Martínez
512,5105XWL,Volkswagen,Modelo,2016,Laura,Rodríguez
513,3527WMT,Renault,Modelo,2018,Sofía,Martínez
514,9983SDN,Renault,Modelo,2023,María,González
515,2109RKR,Seat,Modelo,2015,María,Martínez
516,4113ZSB,Seat,Modelo,2019,Juan,Martínez
517,5745KXF,Seat,Modelo,2022,Luis,Martínez
518,5782HTC,Seat,Modelo,2019,Luis,Martínez
519,1588RDT,Ford,Modelo,2017,Luis,Sánchez
520,9655WYC,Ford,Modelo,2020,María,González
521,5913VWR,Volkswagen,Modelo,2021,Miguel,García
522,2178LMN,Renault,Modelo,2020,Luis,Martínez
523,4164FXL,Ford,Modelo,2022,Luis,López
524,8375FJJ,Volkswagen,Modelo,2022,Laura,Rodríguez
525,8496RSJ,Renault,Modelo,2021,Miguel,Rodríguez
526,5185FTR,Volkswagen,Modelo,2016,Juan,Sánchez
527,7874SJG,Seat,Modelo,2022,Juan,García
528,2021GVS,Renault,Modelo,2021,Carlos,Rodríguez
529,6689FHH,Ford,Modelo,2017,Juan,Martínez
530,7810JSH,Volkswagen,Modelo,2019,Sofía,González
531,9409JSP,Seat,Modelo,2015,María,López
532,6014LZH,Ford,Modelo,2016,Laura,González
533,2047SBB,Volkswagen,Modelo,2019,Sofía,García
534,8985YMM,Ford,Modelo,2022,Laura,García
535,4348CPX,Seat,Modelo,2022,Luis,Sánchez
536,6001WSJ,Seat,Modelo,2015,Miguel,López
537,2831KVR,Seat,Modelo,2023,Luis,Martínez
538,1311TZM,Volkswagen,Modelo,2015,Miguel,Sánchez
539,6502CHX,Seat,Modelo,2016,Juan,López
540,8414MJN,Seat,Modelo,2018,Miguel,González
541,4638HYN,Volkswagen,Modelo,2022,Luis,Martínez
542,2888BBJ,Seat,Modelo,2021,Laura,Sánchez
543,9266RBM,Toyota,Modelo,2018,Juan,Rodríguez
544,6583HNY,Seat,Modelo,2022,Miguel,Rodríguez
545,4062YHB,Volkswagen,Modelo,2017,Sofía,Sánchez
546,4850RTD,Ford,Modelo,2016,Laura,García
547,5922STS,Toyota,Modelo,2015,Miguel,García
548,7685FWV,Toyota,Modelo,2015,Sofía,González
549,1266KCK,Volkswagen,Modelo,2015,Laura,Sánchez
550,8629NFP,Toyota,Modelo,2022,Miguel,González
551,9650NGL,Volkswagen,Modelo,2021,Sofía,García
552,3205MNB,Ford,Modelo,2021,Carlos,López
553,7680TDJ,Volkswagen,Modelo,2021,Laura,Rodríguez
554,4565XHB,Toyota,Modelo,2018,Miguel,López
555,3284JTZ,Ford,Modelo,2021,Ana,Martínez
556,2047BXN,Toyota,Modelo,2019,María,López
557,9162NWD,Seat,Modelo,2023,Laura,González
558,2936RBF,Seat,Modelo,2016,María,Rodríguez
559,6874BYK,Volkswagen,Modelo,2019,Carlos,Martínez
560,1417GDS,Ford,Modelo,2021,María,Martínez
561,5142XFF,Volkswagen,Modelo,2017,Luis,García
562,4942MJZ,Ford,Modelo,2019,Luis,García
563,7232KTT,Renault,Modelo,2019,María,García
564,3402JCF,Renault,Modelo,2022,Carlos,Rodríguez
565,9625ZDV,Seat,Modelo,2015,Luis,Sánchez
566,8607XNL,Volkswagen,Modelo,2020,Laura,González
567,9369VVY,Renault,Modelo,2021,Juan,González
568,2235LLW,Seat,Modelo,2019,María,López
569,9107MHM,Volkswagen,Modelo,2018,Miguel,González
570,8563LDR,Volkswagen,Modelo,2020,Luis,López
571,1865THW,Ford,Modelo,2018,Sofía,Rodríguez
572,3563RXV,Volkswagen,Modelo,2015,Ana,Martínez
573,3460FFG,Volkswagen,Modelo,2020,Ana,López
574,1879NNB,Volkswagen,Modelo,2021,Sofía,González
575,8304GTW,Renault,Modelo,2021,Laura,González
576,3038GPG,Toyota,Modelo,2020,Sofía,García
577,6380WVV,Volkswagen,Modelo,2023,Juan,López
578,2660DDR,Ford,Modelo,2021,Miguel,García
579,8023ZZJ,Volkswagen,Modelo,2023,Sofía,López
580,5028DXT,Renault,Modelo,2019,Carlos,García
581,5780HJZ,Ford,Modelo,2022,Sofía,Sánchez
582,1860HFV,Ford,Modelo,2023,Ana,Rodríguez
583,2865SPB,Volkswagen,Modelo,2019,Carlos,López
584,2809BTY,Renault,Modelo,2015,Carlos,Rodríguez
585,7641WLL,Seat,Modelo,2016,Laura,García
586,7013RGX,Toyota,Modelo,2017,Carlos,González
587,2585WZF,Seat,Modelo,2020,Laura,Rodríguez
588,6396VXM,Seat,Modelo,2017,María,López
589,7431ZVK,Volkswagen,Modelo,2016,María,Rodríguez
590,4351RXW,Toyota,Modelo,2019,Juan,Rodríguez
591,5444HZN,Seat,Modelo,2016,Carlos,López
592,9181YDN,Seat,Modelo,2017,Juan,González
593,1568SFJ,Seat,Modelo,2022,Miguel,Rodríguez
594,9972MPP,Toyota,Modelo,2022,Ana,González
595,7734YGG,Ford,Modelo,2019,María,Martínez
596,8547MMR,Ford,Modelo,2018,María,García
597,6103LTX,Renault,Modelo,2019,María,López
598,8414HFD,Toyota,Modelo,2016,María,Sánchez
599,9316DGY,Toyota,Modelo,2022,Ana,Sánchez
600,8556SNK,Seat,Modelo,2017,Sofía,Martínez
601,3252TNW,Renault,Modelo,2021,Luis,García
602,5072NHT,Renault,Modelo,2021,Carlos,Rodríguez
603,3292ZBH,Renault,Modelo,2023,Carlos,López
604,5659ZZZ,Toyota,Modelo,2023,Carlos,García
605,6426STH,Toyota,Modelo,2019,Laura,García
606,1373YFJ,Volkswagen,Modelo,2019,Luis,Martínez
607,5422RPF,Renault,Modelo,2022,Juan,Sánchez
608,3524DZW,Ford,Modelo,2023,Carlos,Sánchez
609,4994SWG,Ford,Modelo,2023,Luis,Rodríguez
610,4413PVW,Volkswagen,Modelo,2020,Juan,García
611,8192WWS,Toyota,Modelo,2023,Carlos,Rodríguez
612,2132NKW,Renault,Modelo,2019,Luis,Rodríguez
613,4919ZMG,Seat,Modelo,2019,Ana,Rodríguez
614,4835FFN,Ford,Modelo,2023,Ana,Sánchez
615,7024FLX,Seat,Modelo,2021,Juan,García
616,1949WVY,Renault,Modelo,2017,Miguel,Rodríguez
617,3787PKZ,Ford,Modelo,2018,Ana,Martínez
618,2691MZW,Volkswagen,Modelo,2016,Carlos,García
619,7479BJC,Ford,Modelo,2022,María,López
620,4354WVB,Ford,Modelo,2017,Ana,López
621,8177MDX,Volkswagen,Modelo,2019,María,Sánchez
622,1740SHY,Seat,Modelo,2022,Sofía,González
623,3185PZX,Renault,Modelo,2022,Laura,López
624,6669GFD,Renault,Modelo,2017,Juan,García
625,5898ZHS,Seat,Modelo,2015,Juan,López
626,2106DLC,Renault,Modelo,2023,Luis,Sánchez
627,8622RMT,Renault,Modelo,2020,Miguel,López
628,1528VGN,Toyota,Modelo,2018,Ana,Rodríguez
629,8263HPR,Toyota,Modelo,2019,Luis,Sánchez
630,8920SLH,Renault,Modelo,2021,Juan,García
631,1189JWY,Volkswagen,Modelo,2023,Luis,Rodríguez
632,3758TXG,Renault,Modelo,2023,Ana,Rodríguez
633,4789HCM,Renault,Modelo,2017,María,Sánchez
634,2513WFT,Volkswagen,Modelo,2018,Ana,González
635,5992WDN,Toyota,Modelo,2018,Juan,Martínez
636,2261HFN,Ford,Modelo,2017,Carlos,Martínez
637,2314BPH,Ford,Modelo,2019,Miguel,González
638,7934LNF,Seat,Modelo,2015,María,García
639,1242MXS,Toyota,Modelo,2022,María,Rodríguez
640,5265DHZ,Renault,Modelo,2022,María,Sánchez
641,8865KRC,Seat,Modelo,2019,Ana,Sánchez
642,9106JSR,Ford,Modelo,2015,Juan,Sánchez
643,4775JCN,Seat,Modelo,2021,Sofía,López
644,5166XCB,Ford,Modelo,2017,Juan,Rodríguez
645,8887ZJW,Renault,Modelo,2022,Ana,Martínez
646,6473WXY,Toyota,Modelo,2018,Ana,García
647,5238PPM,Seat,Modelo,2016,Ana,Martínez
648,7054MVT,Renault,Modelo,2015,Ana,Sánchez
649,2015HRF,Toyota,Modelo,2018,Miguel,García
650,5121DXD,Renault,Modelo,2018,Ana,Martínez
651,8503NYD,Ford,Modelo,2017,Laura,López
652,3484JHL,Seat,Modelo,2015,Laura,Rodríguez
653,6819MLP,Volkswagen,Modelo,2023,Luis,López
654,2208WFL,Volkswagen,Modelo,2015,Luis,López
655,6696KZW,Seat,Modelo,2017,Luis,Sánchez
656,3866LJF,Renault,Modelo,2015,Laura,López
657,6880BYS,Renault,Modelo,2015,Laura,González
658,1997CJC,Seat,Modelo,2019,Carlos,García
659,4749DRH,Volkswagen,Modelo,2017,Sofía,González
660,5027FSX,Volkswagen,Modelo,2015,Laura,Rodríguez
661,7810FLN,Seat,Modelo,2018,Sofía,García
662,7131SPH,Renault,Modelo,2020,Luis,Rodríguez
663,9354FXN,Renault,Modelo,2017,Sofía,Sánchez
664,5634LVY,Toyota,Modelo,2023,Sofía,Sánchez
665,1351YXD,Renault,Modelo,2020,Laura,Sánchez
666,1763FJR,Toyota,Modelo,2016,Miguel,Sánchez
667,9199XHT,Ford,Modelo,2020,Luis,Sánchez
668,6633GZJ,Seat,Modelo,2022,Sofía,Martínez
669,6919ZXL,Volkswagen,Modelo,2021,Ana,Sánchez
670,9883CTT,Ford,Modelo,2020,María,Martínez
671,9501TJF,Volkswagen,Modelo,2017,Sofía,García
672,2207LSK,Renault,Modelo,2023,Ana,López
673,8395ZCW,Renault,Modelo,2022,Luis,González
674,9564YFF,Renault,Modelo,2020,Ana,Sánchez
675,1793ZYC,Ford,Modelo,2016,Miguel,González
676,6301KHH,Toyota,Modelo,2021,Sofía,García
677,6998TPF,Seat,Modelo,2018,Carlos,Sánchez
678,1751MHT,Seat,Modelo,2016,Sofía,García
679,4149YNH,Toyota,Modelo,2019,Miguel,García
680,9424LGM,Ford,Modelo,2017,Luis,López
681,2470KZD,Seat,Modelo,2019,Luis,Sánchez
682,2709HWY,Renault,Modelo,2022,Carlos,Sánchez
683,5498TWD,Renault,Modelo,2018,Miguel,González
684,3239TDK,Renault,Modelo,2023,Carlos,González
685,9291WPJ,Renault,Modelo,2015,Carlos,Sánchez
686,3222FKG,Seat,Modelo,2016,Luis,Sánchez
687,6168NDW,Toyota,Modelo,2021,Sofía,Rodríguez
688,1419DCT,Toyota,Modelo,2019,María,Sánchez
689,6646KXT,Renault,Modelo,2018,Miguel,Rodríguez
690,9497FGJ,Seat,Modelo,2023,Sofía,López
691,6834FCL,Ford,Modelo,2017,Miguel,García
692,5612XTP,Toyota,Modelo,2022,Laura,Sánchez
693,3638WTH,Ford,Modelo,2019,Juan,López
694,1772BKZ,Ford,Modelo,2015,Luis,García
695,2299CWH,Renault,Modelo,2016,Laura,García
696,6268TBH,Renault,Modelo,2018,Luis,Martínez
697,8686XPM,Toyota,Modelo,2019,Luis,Martínez
698,4351YCS,Toyota,Modelo,2021,Sofía,Rodríguez
699,6387YDL,Volkswagen,Modelo,2023,Luis,Rodríguez
700,5229MCR,Ford,Modelo,2019,Laura,González
701,6963DKH,Ford,Modelo,2015,Juan,Rodríguez
702,3165WBJ,Renault,Modelo,2022,Miguel,López
703,2240NKB,Volkswagen,Modelo,2017,Laura,González
704,9981XJW,Toyota,Modelo,2022,Ana,López
705,3658WPM,Volkswagen,Modelo,2022,Ana,López
706,2167JLT,Volkswagen,Modelo,2022,Juan,García
707,9514NMX,Renault,Modelo,2019,Juan,Martínez
708,8764NLB,Toyota,Modelo,2018,Laura,Martínez
709,6642LST,Renault,Modelo,2018,Sofía,Rodríguez
710,4337ZXF,Toyota,Modelo,2023,Sofía,Rodríguez
711,7095YNF,Renault,Modelo,2023,Laura,López
712,6287CJB,Ford,Modelo,2016,Ana,López
713,5265HBR,Seat,Modelo,2018,María,González
714,5407NYG,Seat,Modelo,2023,Juan,López
715,5918PRM,Volkswagen,Modelo,2021,María,Rodríguez
716,8779MYC,Ford,Modelo,2017,Ana,Rodríguez
717,2082XBB,Renault,Modelo,2019,Sofía,Sánchez
718,9003FTH,Renault,Modelo,2019,Luis,Martínez
719,4716VBS,Seat,Modelo,2019,Luis,López
720,8666JGN,Seat,Modelo,2019,Laura,García
721,5632RYB,Volkswagen,Modelo,2015,María,González
722,9596WWH,Volkswagen,Modelo,2018,Carlos,González
723,1836SLD,Toyota,Modelo,2022,Sofía,Sánchez
724,3713NPM,Volkswagen,Modelo,2022,Juan,Sánchez
725,8092KWD,Ford,Modelo,2017,María,García
726,5819KXF,Seat,Modelo,2022,Laura,Sánchez
727,6121XRP,Ford,Modelo,2021,Sofía,Rodríguez
728,6468XZC,Toyota,Modelo,2018,Miguel,González
729,9807FYW,Volkswagen,Modelo,2021,Luis,Sánchez
730,7285HGT,Renault,Modelo,2018,Carlos,García
731,6175RFT,Seat,Modelo,2023,Ana,Sánchez
732,6790FJW,Renault,Modelo,2015,María,González
733,9877DHP,Toyota,Modelo,2016,Carlos,González
734,3409XYM,Toyota,Modelo,2015,Luis,González
735,2114HRX,Seat,Modelo,2020,Laura,Sánchez
736,8255JFB,Renault,Modelo,2022,Sofía,Martínez
737,3694KPZ,Ford,Modelo,2016,Miguel,Rodríguez
738,9157SZW,Volkswagen,Modelo,2020,Laura,López
739,7727DNF,Seat,Modelo,2018,Carlos,López
740,3402CJD,Renault,Modelo,2022,Miguel,Martínez
741,9997BKK,Volkswagen,Modelo,2017,María,Rodríguez
742,4406VLW,Toyota,Modelo,2015,Laura,González
743,6854NLV,Ford,Modelo,2019,Luis,González
744,1102GLJ,Volkswagen,Modelo,2018,Laura,García
745,8917PYH,Volkswagen,Modelo,2023,Sofía,García
746,5549NYR,Ford,Modelo,2018,Juan,Martínez
747,1162TVF,Renault,Modelo,2022,Luis,García
748,6190KHT,Seat,Modelo,2017,Carlos,González
749,8280PLX,Seat,Modelo,2018,María,García
750,6268ZNY,Volkswagen,Modelo,2019,María,González
751,6483BGM,Seat,Modelo,2015,Carlos,García
752,4276KFX,Renault,Modelo,2018,Ana,Sánchez
753,4056VKL,Volkswagen,Modelo,2020,Ana,Martínez
754,2024HDK,Toyota,Modelo,2019,Miguel,González
755,4047JMB,Seat,Modelo,2022,Carlos,Martínez
756,6446HMK,Toyota,Modelo,2022,Ana,Rodríguez
757,1040JBR,Toyota,Modelo,2021,Laura,Martínez
758,1180GRG,Ford,Modelo,2016,Juan,Martínez
759,9836HHK,Volkswagen,Modelo,2022,Ana,Rodríguez
760,1115WRH,Toyota,Modelo,2020,Laura,García
761,2100TWT,Renault,Modelo,2016,Sofía,Martínez
762,4860FVY,Toyota,Modelo,2020,Carlos,Martínez
763,6152SFC,Ford,Modelo,2018,Laura,López
764,6309RGX,Volkswagen,Modelo,2020,Luis,García
765,8405DTX,Seat,Modelo,2022,María,García
766,7000WMK,Volkswagen,Modelo,2020,Miguel,Martínez
767,9498DBK,Seat,Modelo,2019,Luis,Rodríguez
768,6152PZJ,Ford,Modelo,2016,María,López
769,2059XLX,Toyota,Modelo,2020,María,Martínez
770,7789ZHT,Toyota,Modelo,2015,María,González
771,5482SLV,Renault,Modelo,2015,Juan,Rodríguez
772,3202PHP,Toyota,Modelo,2023,Ana,Martínez
773,6301BTV,Volkswagen,Modelo,2020,Juan,González
774,3588YYD,Renault,Modelo,2023,Sofía,López
775,1621CPH,Toyota,Modelo,2015,Miguel,García
776,9600CKZ,Toyota,Modelo,2015,Ana,García
777,4819TKZ,Ford,Modelo,2017,Sofía,Martínez
778,7848GGB,Ford,Modelo,2016,Miguel,García
779,3258DWB,Toyota,Modelo,2016,Miguel,Sánchez
780,8348HPW,Volkswagen,Modelo,2017,Juan,Martínez
781,8470MNM,Toyota,Modelo,2018,Luis,Sánchez
782,1276CNZ,Renault,Modelo,2015,Sofía,López
783,3726FRJ,Volkswagen,Modelo,2021,Luis,Sánchez
784,9339MMH,Ford,Modelo,2021,Ana,García
785,3377DMV,Volkswagen,Modelo,2019,Ana,González
786,6600XMW,Seat,Modelo,2020,Sofía,Sánchez
787,9407PFJ,Ford,Modelo,2015,Luis,Rodríguez
788,4097CBK,Renault,Modelo,2020,Juan,López
789,1913WJV,Renault,Modelo,2017,Laura,López
790,5173FHR,Ford,Modelo,2017,Laura,López
791,7631MYT,Ford,Modelo,2021,Laura,González
792,8689MMM,Seat,Modelo,2018,Laura,González
793,7337FLT,Seat,Modelo,2015,Ana,Rodríguez
794,1328VKX,Seat,Modelo,2021,Sofía,Martínez
795,4522WFC,Volkswagen,Modelo,2023,Miguel,Martínez
796,2842KPX,Renault,Modelo,2017,Miguel,Sánchez
797,8184PHZ,Ford,Modelo,2020,María,Sánchez
798,8490WFB,Ford,Modelo,2015,Carlos,García
799,6611BKP,Ford,Modelo,2015,Carlos,García
800,9983NWT,Renault,Modelo,2015,Ana,Rodríguez
801,3526KVJ,Renault,Modelo,2022,Laura,Sánchez
802,8461FBP,Volkswagen,Modelo,2017,Luis,Sánchez
803,3881NXW,Renault,Modelo,2015,María,Martínez
804,8114TWV,Renault,Modelo,2021,Ana,Sánchez
805,1940GDC,Ford,Modelo,2019,Laura,González
806,1447BDR,Toyota,Modelo,2022,Juan,García
807,7509RWW,Toyota,Modelo,2021,Luis,Rodríguez
808,7402ZMB,Volkswagen,Modelo,2023,Carlos,López
809,6277FYK,Volkswagen,Modelo,2020,Sofía,Martínez
810,3026YLV,Seat,Modelo,2021,Luis,García
811,1481NJY,Toyota,Modelo,2023,María,Martínez
812,1870RGX,Renault,Modelo,2020,María,González
813,1546ZZY,Volkswagen,Modelo,2023,Laura,Sánchez
814,9589YYG,Volkswagen,Modelo,2018,Carlos,Martínez
815,2208DSD,Renault,Modelo,2022,Laura,García
816,1110JJH,Toyota,Modelo,2017,Luis,López
817,9763ZLT,Toyota,Modelo,2017,Miguel,Rodríguez
818,2757ZDT,Renault,Modelo,2019,Ana,López
819,5321LJC,Toyota,Modelo,2022,Luis,Rodríguez
820,8524KLY,Renault,Modelo,2016,Sofía,Sánchez
821,4839VVJ,Seat,Modelo,2016,Ana,García
822,1740TLZ,Seat,Modelo,2022,Laura,García
823,2883VRX,Seat,Modelo,2018,Luis,López
824,5774MMH,Ford,Modelo,2015,Sofía,Sánchez
825,6019LGK,Volkswagen,Modelo,2016,Juan,Rodríguez
826,1095SWR,Volkswagen,Modelo,2016,Ana,Sánchez
827,6368GJP,Seat,Modelo,2020,Juan,González
828,9980JVS,Toyota,Modelo,2020,Carlos,Martínez
829,8828TPM,Volkswagen,Modelo,2020,Ana,Sánchez
830,5214FXW,Seat,Modelo,2022,María,González
831,8996DLF,Renault,Modelo,2022,Ana,López
832,4611XFS,Ford,Modelo,2016,Carlos,García
833,1285RXD,Seat,Modelo,2021,Luis,González
834,8432DVJ,Ford,Modelo,2017,Carlos,López
835,3773WDK,Seat,Modelo,2015,Sofía,García
836,4540TJS,Ford,Modelo,2020,Laura,García
837,7713KCY,Renault,Modelo,2016,Juan,Rodríguez
838,2458SDR,Ford,Modelo,2018,Miguel,González
839,5966PSK,Volkswagen,Modelo,2018,Sofía,González
840,5494JKL,Ford,Modelo,2018,Ana,García
841,4326XZL,Volkswagen,Modelo,2023,Ana,López
842,6901XMS,Ford,Modelo,2018,Sofía,López
843,1820TLM,Volkswagen,Modelo,2019,María,Sánchez
844,5531CML,Renault,Modelo,2017,Luis,Rodríguez
845,8426MNL,Ford,Modelo,2018,Luis,López
846,8791CCY,Toyota,Modelo,2023,María,López
847,2375JVB,Ford,Modelo,2020,Carlos,Rodríguez
848,4061XTX,Renault,Modelo,2020,Sofía,Sánchez
849,4050BNS,Toyota,Modelo,2021,Luis,González
850,4505YMY,Renault,Modelo,2015,Sofía,López
851,3387XSG,Volkswagen,Modelo,2018,Juan,González
852,1752GGX,Volkswagen,Modelo,2015,Carlos,Martínez
853,1271WWC,Volkswagen,Modelo,2022,Juan,García
854,8514KYH,Ford,Modelo,2018,Laura,Martínez
855,4326LXW,Renault,Modelo,2022,Carlos,Martínez
856,6490TYD,Seat,Modelo,2015,Carlos,López
857,9594WZK,Toyota,Modelo,2019,Laura,López
858,3888DJD,Toyota,Modelo,2022,Carlos,Sánchez
859,8059WJJ,Renault,Modelo,2018,María,García
860,7315KKX,Toyota,Modelo,2023,María,Rodríguez
861,5025FZZ,Renault,Modelo,2019,Sofía,Sánchez
862,2570FFH,Volkswagen,Modelo,2023,María,López
863,2101ZMX,Seat,Modelo,2019,Miguel,González
864,6585FKN,Seat,Modelo,2018,Ana,Rodríguez
865,3852DBY,Volkswagen,Modelo,2019,María,Rodríguez
866,8104PXN,Seat,Modelo,2023,Carlos,López
867,4591TWZ,Volkswagen,Modelo,2016,Juan,Rodríguez
868,2917BHW,Ford,Modelo,2015,Sofía,González
869,1613JJJ,Renault,Modelo,2016,María,Sánchez
870,9507RXM,Renault,Modelo,2018,Sofía,López
871,9140WRG,Toyota,Modelo,2021,Ana,García
872,8009YGP,Ford,Modelo,2022,Juan,García
873,9892VXF,Toyota,Modelo,2021,Juan,García
874,5625LNY,Toyota,Modelo,2015,Juan,González
875,3448VNL,Renault,Modelo,2016,María,Martínez
876,2394ZXN,Toyota,Modelo,2023,Luis,Sánchez
877,3721CCB,Toyota,Modelo,2019,Juan,García
878,6185JZZ,Renault,Modelo,2016,Ana,Martínez
879,6707GKR,Ford,Modelo,2020,Luis,Sánchez
880,7984YZV,Renault,Modelo,2019,Luis,García
881,8708PNP,Seat,Modelo,2019,María,García
882,3205WRK,Toyota,Modelo,2022,Ana,Sánchez
883,9831JJJ,Renault,Modelo,2020,Luis,González
884,9927CXH,Ford,Modelo,2016,Luis,González
885,6534HGM,Volkswagen,Modelo,2021,Luis,Rodríguez
886,9017YSF,Volkswagen,Modelo,2019,Ana,Sánchez
887,1673MKG,Ford,Modelo,2022,Juan,López
888,1761BWK,Ford,Modelo,2019,Miguel,Sánchez
889,9841CGV,Toyota,Modelo,2018,Laura,Rodríguez
890,8689KNJ,Ford,Modelo,2023,Carlos,Martínez
891,9069WRJ,Renault,Modelo,2020,María,García
892,8668ZHR,Volkswagen,Modelo,2023,Juan,Sánchez
893,7283MZZ,Seat,Modelo,2018,Juan,Sánchez
894,9695KDG,Toyota,Modelo,2022,Laura,Rodríguez
895,3508RMW,Renault,Modelo,2015,Sofía,García
896,1113WKV,Renault,Modelo,2015,Luis,Martínez
897,5332NBS,Ford,Modelo,2015,Juan,Rodríguez
898,2742ZCS,Toyota,Modelo,2020,María,López
899,8494ZLP,Ford,Modelo,2021,Juan,Rodríguez
900,2039DTK,Seat,Modelo,2019,Sofía,Sánchez
901,6930WXN,Volkswagen,Modelo,2020,Luis,Martínez
902,4322HDH,Ford,Modelo,2017,Laura,García
903,5550RPW,Ford,Modelo,2018,Miguel,López
904,8720DMX,Renault,Modelo,2017,Juan,López
905,5475PBJ,Toyota,Modelo,2021,Laura,García
906,4252NHN,Seat,Modelo,2016,Carlos,López
907,2710YYT,Toyota,Modelo,2019,Miguel,Sánchez
908,3750YKH,Renault,Modelo,2015,Ana,Rodríguez
909,7686FDK,Volkswagen,Modelo,2018,Ana,Martínez
910,8766WPV,Seat,Modelo,2016,Miguel,Rodríguez
911,4119LDM,Ford,Modelo,2017,María,López
912,3654XBR,Seat,Modelo,2022,Juan,González
913,3107BFV,Renault,Modelo,2021,Carlos,González
914,4099GKK,Renault,Modelo,2018,Carlos,López
915,3637TXM,Toyota,Modelo,2017,Laura,López
916,6546HSX,Renault,Modelo,2020,Carlos,Sánchez
917,4590KMV,Toyota,Modelo,2018,María,Rodríguez
918,4966NJN,Renault,Modelo,2020,Miguel,Martínez
919,8220TSL,Toyota,Modelo,2016,Laura,López
920,9084CLM,Seat,Modelo,2017,Juan,González
921,3774HWF,Seat,Modelo,2023,Ana,Martínez
922,2711RKH,Ford,Modelo,2023,Sofía,López
923,6165RDD,Seat,Modelo,2016,Miguel,Martínez
924,1085STG,Seat,Modelo,2021,Sofía,Rodríguez
925,5089WZG,Toyota,Modelo,2017,Laura,Rodríguez
926,6277GGY,Volkswagen,Modelo,2016,Luis,González
927,6763CZT,Renault,Modelo,2019,Sofía,García
928,7027ZZG,Seat,Modelo,2017,Juan,López
929,6034KFL,Seat,Modelo,2021,Miguel,González
930,1474TZD,Renault,Modelo,2023,Juan,Sánchez
931,1181VHG,Volkswagen,Modelo,2016,Laura,Martínez
932,1067RST,Toyota,Modelo,2022,Juan,González
933,2397MCT,Toyota,Modelo,2022,Luis,Rodríguez
934,6830RSS,Ford,Modelo,2017,Miguel,López
935,7332GCZ,Toyota,Modelo,2017,Luis,López
936,2526KLT,Seat,Modelo,2023,Carlos,López
937,4807JLZ,Toyota,Modelo,2015,Miguel,Sánchez
938,1095ZYX,Volkswagen,Modelo,2018,Carlos,González
939,3139ZLL,Volkswagen,Modelo,2016,Laura,López
940,6916DCW,Renault,Modelo,2022,Miguel,Rodríguez
941,7528VXM,Toyota,Modelo,2017,Ana,Rodríguez
942,2533DFM,Volkswagen,Modelo,2020,Miguel,López
943,8059TNM,Renault,Modelo,2021,Luis,Martínez
944,6456GMH,Renault,Modelo,2019,Sofía,López
945,3212HMR,Renault,Modelo,2023,María,López
946,8065WGX,Toyota,Modelo,2018,Ana,González
947,6549VTG,Toyota,Modelo,2015,Luis,González
948,8457RHD,Volkswagen,Modelo,2017,Carlos,García
949,6871XXG,Volkswagen,Modelo,2017,Miguel,García
950,1257DLM,Toyota,Modelo,2020,Juan,García
951,9981ZPC,Toyota,Modelo,2022,Miguel,Rodríguez
952,3982RHZ,Ford,Modelo,2019,Carlos,González
953,7252SCJ,Seat,Modelo,2022,Laura,López
954,5776TYW,Renault,Modelo,2021,Juan,Sánchez
955,5693NGM,Seat,Modelo,2021,Sofía,López
956,1912RWM,Ford,Modelo,2020,Miguel,López
957,3688RNY,Seat,Modelo,2020,Carlos,Martínez
958,6870PVS,Renault,Modelo,2023,Sofía,González
959,4158KJN,Volkswagen,Modelo,2017,Juan,Rodríguez
960,9928XZF,Volkswagen,Modelo,2020,María,García
961,7171JWK,Renault,Modelo,2020,Carlos,Sánchez
962,6860FBB,Seat,Modelo,2021,Luis,González
963,2411JDM,Seat,Modelo,2017,María,García
964,3124YMC,Volkswagen,Modelo,2015,Carlos,Rodríguez
965,4485GKP,Volkswagen,Modelo,2018,Miguel,García
966,6845CKM,Ford,Modelo,2018,Juan,López
967,9828SCF,Ford,Modelo,2023,Luis,Rodríguez
968,8510DJH,Ford,Modelo,2020,Laura,Sánchez
969,6135YSN,Seat,Modelo,2018,Laura,López
970,4183PNH,Toyota,Modelo,2015,Ana,Rodríguez
971,3731LMP,Renault,Modelo,2015,Carlos,González
972,1373XBJ,Renault,Modelo,2018,Sofía,Rodríguez
973,9399KSN,Volkswagen,Modelo,2016,Carlos,Sánchez
974,5378KVV,Volkswagen,Modelo,2021,Luis,López
975,3068LCV,Volkswagen,Modelo,2021,María,López
976,8850FZH,Seat,Modelo,2022,Laura,García
977,6520STM,Ford,Modelo,2018,Ana,López
978,1482YNT,Volkswagen,Modelo,2017,Sofía,Rodríguez
979,6544LVN,Toyota,Modelo,2019,Miguel,González
980,2568HYB,Seat,Modelo,2020,Sofía,Rodríguez
981,2260NHC,Renault,Modelo,2020,Juan,Sánchez
982,8187WTC,Ford,Modelo,2015,Carlos,López
983,4141KKP,Renault,Modelo,2016,Ana,López
984,2459PSN,Volkswagen,Modelo,2019,Luis,Rodríguez
985,1539NMZ,Renault,Modelo,2015,Luis,González
986,5634SMF,Volkswagen,Modelo,2019,Ana,Rodríguez
987,1408NJM,Ford,Modelo,2015,Ana,Rodríguez
988,2829ZKF,Seat,Modelo,2023,Sofía,Sánchez
989,4773RTJ,Toyota,Modelo,2021,Miguel,González
990,7099RPN,Ford,Modelo,2016,Luis,Rodríguez
991,8126RYC,Volkswagen,Modelo,2019,Carlos,Martínez
992,9085RBD,Renault,Modelo,2020,María,García
993,7704PHG,Volkswagen,Modelo,2021,Juan,Martínez
994,5675CKY,Toyota,Modelo,2017,María,González
995,5020JXB,Toyota,Modelo,2022,Ana,López
996,2766FFX,Ford,Modelo,2017,Carlos,López
997,6028RJS,Ford,Modelo,2022,María,González
998,1371GCP,Renault,Modelo,2018,Juan,García
999,2083LXY,Renault,Modelo,2020,Ana,Sánchez
1000,8082RXN,Toyota,Modelo,2020,Laura,García
